collection,nom_carte,titrePage,lienWikipedia,statut
CORPS CÉLESTES,Soleil,Soleil,https://fr.wikipedia.org/wiki/Soleil,
CORPS CÉLESTES,Bételgeuse,Bételgeuse,https://fr.wikipedia.org/wiki/B%C3%A9telgeuse,
CORPS CÉLESTES,Sirius,Sirius,https://fr.wikipedia.org/wiki/Sirius,
CORPS CÉLESTES,Proxima du Centaure,Proxima du Centaure,https://fr.wikipedia.org/wiki/Proxima_du_Centaure,
CORPS CÉLESTES,Alpha Centauri,Alpha Centauri,https://fr.wikipedia.org/wiki/Alpha_Centauri,
CORPS CÉLESTES,Véga,Véga,https://fr.wikipedia.org/wiki/V%C3%A9ga,
CORPS CÉLESTES,Rigel,Rigel,https://fr.wikipedia.org/wiki/Rigel,
CORPS CÉLESTES,Antarès,Antarès,https://fr.wikipedia.org/wiki/Antar%C3%A8s,
CORPS CÉLESTES,Aldébaran,Aldébaran,https://fr.wikipedia.org/wiki/Ald%C3%A9baran,
CORPS CÉLESTES,Arcturus,Arcturus,https://fr.wikipedia.org/wiki/Arcturus,
CORPS CÉLESTES,Deneb,Deneb,https://fr.wikipedia.org/wiki/Deneb,
CORPS CÉLESTES,Altaïr,Altaïr,https://fr.wikipedia.org/wiki/Alta%C3%AFr,
CORPS CÉLESTES,Étoile polaire,Étoile polaire,https://fr.wikipedia.org/wiki/%C3%89toile_polaire,
CORPS CÉLESTES,Voie lactée,Voie lactée,https://fr.wikipedia.org/wiki/Voie_lact%C3%A9e,
CORPS CÉLESTES,Galaxie d'Andromède,Galaxie d'Andromède,https://fr.wikipedia.org/wiki/Galaxie_d'Androm%C3%A8de,
CORPS CÉLESTES,Galaxie du Tourbillon,Galaxie du Tourbillon,https://fr.wikipedia.org/wiki/Galaxie_du_Tourbillon,
CORPS CÉLESTES,Galaxie du Sombrero,Galaxie du Sombrero,https://fr.wikipedia.org/wiki/Galaxie_du_Sombrero,
CORPS CÉLESTES,Grand Nuage de Magellan,Grand Nuage de Magellan,https://fr.wikipedia.org/wiki/Grand_Nuage_de_Magellan,
CORPS CÉLESTES,Petit Nuage de Magellan,Petit Nuage de Magellan,https://fr.wikipedia.org/wiki/Petit_Nuage_de_Magellan,
CORPS CÉLESTES,Galaxie du Triangle,Galaxie du Triangle,https://fr.wikipedia.org/wiki/Galaxie_du_Triangle,
CORPS CÉLESTES,Centaurus A,Centaurus A,https://fr.wikipedia.org/wiki/Centaurus_A,
CORPS CÉLESTES,Pléiades,Pléiades,https://fr.wikipedia.org/wiki/Pl%C3%A9iades,
CORPS CÉLESTES,Amas d'Hercule,Amas d'Hercule,https://fr.wikipedia.org/wiki/Amas_d'Hercule,
CORPS CÉLESTES,Amas de la Vierge,Amas de la Vierge,https://fr.wikipedia.org/wiki/Amas_de_la_Vierge,
CORPS CÉLESTES,Ceinture d'astéroïdes,Ceinture d'astéroïdes,https://fr.wikipedia.org/wiki/Ceinture_d'ast%C3%A9ro%C3%AFdes,
CORPS CÉLESTES,Ceinture de Kuiper,Ceinture de Kuiper,https://fr.wikipedia.org/wiki/Ceinture_de_Kuiper,
CORPS CÉLESTES,Nuage d'Oort,Nuage d'Oort,https://fr.wikipedia.org/wiki/Nuage_d'Oort,
CORPS CÉLESTES,Comète de Halley,Comète de Halley,https://fr.wikipedia.org/wiki/Com%C3%A8te_de_Halley,
CORPS CÉLESTES,Comète Hale-Bopp,Comète Hale-Bopp,https://fr.wikipedia.org/wiki/Com%C3%A8te_Hale-Bopp,
CORPS CÉLESTES,67P/Tchourioumov-Guérassimenko,67P/Tchourioumov-Guérassimenko,https://fr.wikipedia.org/wiki/67P%2FTchourioumov-Gu%C3%A9rassimenko,
CORPS CÉLESTES,Shoemaker-Levy 9,Shoemaker-Levy 9,https://fr.wikipedia.org/wiki/Shoemaker-Levy_9,
CORPS CÉLESTES,C/2020 F3 (NEOWISE),C/2020 F3 (NEOWISE),https://fr.wikipedia.org/wiki/C%2F2020_F3_(NEOWISE),à vérifier
CORPS CÉLESTES,ʻOumuamua,ʻOumuamua,https://fr.wikipedia.org/wiki/%CA%BBOumuamua,
CORPS CÉLESTES,(4) Vesta,(4) Vesta,https://fr.wikipedia.org/wiki/(4)_Vesta,à vérifier
CORPS CÉLESTES,(2) Pallas,(2) Pallas,https://fr.wikipedia.org/wiki/(2)_Pallas,à vérifier
CORPS CÉLESTES,(101955) Bennu,(101955) Bennu,https://fr.wikipedia.org/wiki/(101955)_Bennu,à vérifier
CORPS CÉLESTES,(99942) Apophis,(99942) Apophis,https://fr.wikipedia.org/wiki/(99942)_Apophis,à vérifier
CORPS CÉLESTES,(162173) Ryugu,(162173) Ryugu,https://fr.wikipedia.org/wiki/(162173)_Ryugu,à vérifier
CORPS CÉLESTES,(90377) Sedna,(90377) Sedna,https://fr.wikipedia.org/wiki/(90377)_Sedna,à vérifier
CORPS CÉLESTES,TRAPPIST-1,TRAPPIST-1,https://fr.wikipedia.org/wiki/TRAPPIST-1,
CORPS CÉLESTES,Proxima Centauri b,Proxima Centauri b,https://fr.wikipedia.org/wiki/Proxima_Centauri_b,
CORPS CÉLESTES,Kepler-452b,Kepler-452b,https://fr.wikipedia.org/wiki/Kepler-452b,
CORPS CÉLESTES,51 Pegasi b,51 Pegasi b,https://fr.wikipedia.org/wiki/51_Pegasi_b,
CORPS CÉLESTES,HD 189733 b,HD 189733 b,https://fr.wikipedia.org/wiki/HD_189733_b,
CORPS CÉLESTES,Nébuleuse de la Lagune,Nébuleuse de la Lagune,https://fr.wikipedia.org/wiki/N%C3%A9buleuse_de_la_Lagune,
CORPS CÉLESTES,Nébuleuse Trifide,Nébuleuse Trifide,https://fr.wikipedia.org/wiki/N%C3%A9buleuse_Trifide,
CORPS CÉLESTES,Nébuleuse de l'Œil de Chat,Nébuleuse de l'Œil de Chat,https://fr.wikipedia.org/wiki/N%C3%A9buleuse_de_l'%C5%92il_de_Chat,
CORPS CÉLESTES,Nébuleuse de la Tarentule,Nébuleuse de la Tarentule,https://fr.wikipedia.org/wiki/N%C3%A9buleuse_de_la_Tarentule,
CORPS CÉLESTES,Nébuleuse Oméga,Nébuleuse Oméga,https://fr.wikipedia.org/wiki/N%C3%A9buleuse_Om%C3%A9ga,
DIEUX ET FIGURES MYTHOLOGIQUES GRECQUES,Gaïa,Gaïa,https://fr.wikipedia.org/wiki/Ga%C3%AFa,
DIEUX ET FIGURES MYTHOLOGIQUES GRECQUES,Ouranos,Ouranos,https://fr.wikipedia.org/wiki/Ouranos,
DIEUX ET FIGURES MYTHOLOGIQUES GRECQUES,Rhéa,Rhéa,https://fr.wikipedia.org/wiki/Rh%C3%A9a,
DIEUX ET FIGURES MYTHOLOGIQUES GRECQUES,Atlas,Atlas,https://fr.wikipedia.org/wiki/Atlas,
DIEUX ET FIGURES MYTHOLOGIQUES GRECQUES,Chronos,Chronos,https://fr.wikipedia.org/wiki/Chronos,
DIEUX ET FIGURES MYTHOLOGIQUES GRECQUES,Styx,Styx,https://fr.wikipedia.org/wiki/Styx,
DIEUX ET FIGURES MYTHOLOGIQUES GRECQUES,Hélios,Hélios,https://fr.wikipedia.org/wiki/H%C3%A9lios,
DIEUX ET FIGURES MYTHOLOGIQUES GRECQUES,Héphaïstos,Héphaïstos,https://fr.wikipedia.org/wiki/H%C3%A9pha%C3%AFstos,
DIEUX ET FIGURES MYTHOLOGIQUES GRECQUES,Éros,Éros,https://fr.wikipedia.org/wiki/%C3%89ros,
DIEUX ET FIGURES MYTHOLOGIQUES GRECQUES,Pan,Pan,https://fr.wikipedia.org/wiki/Pan,
DIEUX ET FIGURES MYTHOLOGIQUES GRECQUES,Asclépios,Asclépios,https://fr.wikipedia.org/wiki/Ascl%C3%A9pios,
DIEUX ET FIGURES MYTHOLOGIQUES GRECQUES,Iris,Iris,https://fr.wikipedia.org/wiki/Iris,
DIEUX ET FIGURES MYTHOLOGIQUES GRECQUES,Les Muses,Muses,https://fr.wikipedia.org/wiki/Muses,à vérifier
DIEUX ET FIGURES MYTHOLOGIQUES GRECQUES,Héraclès,Héraclès,https://fr.wikipedia.org/wiki/H%C3%A9racl%C3%A8s,
DIEUX ET FIGURES MYTHOLOGIQUES GRECQUES,Ulysse,Ulysse,https://fr.wikipedia.org/wiki/Ulysse,
DIEUX ET FIGURES MYTHOLOGIQUES GRECQUES,Persée,Persée,https://fr.wikipedia.org/wiki/Pers%C3%A9e,
DIEUX ET FIGURES MYTHOLOGIQUES GRECQUES,Thésée,Thésée,https://fr.wikipedia.org/wiki/Th%C3%A9s%C3%A9e,
DIEUX ET FIGURES MYTHOLOGIQUES GRECQUES,Jason,Jason,https://fr.wikipedia.org/wiki/Jason,
DIEUX ET FIGURES MYTHOLOGIQUES GRECQUES,Bellérophon,Bellérophon,https://fr.wikipedia.org/wiki/Bell%C3%A9rophon,
DIEUX ET FIGURES MYTHOLOGIQUES GRECQUES,Icare,Icare,https://fr.wikipedia.org/wiki/Icare,
DIEUX ET FIGURES MYTHOLOGIQUES GRECQUES,Dédale,Dédale,https://fr.wikipedia.org/wiki/D%C3%A9dale,
DIEUX ET FIGURES MYTHOLOGIQUES GRECQUES,Œdipe,Œdipe,https://fr.wikipedia.org/wiki/%C5%92dipe,
DIEUX ET FIGURES MYTHOLOGIQUES GRECQUES,Hector,Hector,https://fr.wikipedia.org/wiki/Hector,
DIEUX ET FIGURES MYTHOLOGIQUES GRECQUES,Pâris,Pâris,https://fr.wikipedia.org/wiki/P%C3%A2ris,
DIEUX ET FIGURES MYTHOLOGIQUES GRECQUES,Hélène de Troie,Hélène de Troie,https://fr.wikipedia.org/wiki/H%C3%A9l%C3%A8ne_de_Troie,
DIEUX ET FIGURES MYTHOLOGIQUES GRECQUES,Agamemnon,Agamemnon,https://fr.wikipedia.org/wiki/Agamemnon,
DIEUX ET FIGURES MYTHOLOGIQUES GRECQUES,Cassandre,Cassandre,https://fr.wikipedia.org/wiki/Cassandre,
DIEUX ET FIGURES MYTHOLOGIQUES GRECQUES,Pandore,Pandore,https://fr.wikipedia.org/wiki/Pandore,
DIEUX ET FIGURES MYTHOLOGIQUES GRECQUES,Narcisse,Narcisse,https://fr.wikipedia.org/wiki/Narcisse,
DIEUX ET FIGURES MYTHOLOGIQUES GRECQUES,Ariane,Ariane,https://fr.wikipedia.org/wiki/Ariane,
DIEUX ET FIGURES MYTHOLOGIQUES GRECQUES,Pénélope,Pénélope,https://fr.wikipedia.org/wiki/P%C3%A9n%C3%A9lope,
DIEUX ET FIGURES MYTHOLOGIQUES GRECQUES,Circé,Circé,https://fr.wikipedia.org/wiki/Circ%C3%A9,
DIEUX ET FIGURES MYTHOLOGIQUES GRECQUES,Antigone,Antigone,https://fr.wikipedia.org/wiki/Antigone,
DIEUX ET FIGURES MYTHOLOGIQUES GRECQUES,Minotaure,Minotaure,https://fr.wikipedia.org/wiki/Minotaure,
DIEUX ET FIGURES MYTHOLOGIQUES GRECQUES,Pégase,Pégase,https://fr.wikipedia.org/wiki/P%C3%A9gase,
DIEUX ET FIGURES MYTHOLOGIQUES GRECQUES,Hydre de Lerne,Hydre de Lerne,https://fr.wikipedia.org/wiki/Hydre_de_Lerne,
DIEUX ET FIGURES MYTHOLOGIQUES GRECQUES,Chimère,Chimère,https://fr.wikipedia.org/wiki/Chim%C3%A8re,
DIEUX ET FIGURES MYTHOLOGIQUES GRECQUES,Sirène (mythologie grecque),Sirène (mythologie grecque),https://fr.wikipedia.org/wiki/Sir%C3%A8ne_(mythologie_grecque),à vérifier
DIEUX ET FIGURES MYTHOLOGIQUES GRECQUES,Polyphème,Polyphème,https://fr.wikipedia.org/wiki/Polyph%C3%A8me,
DIEUX ET FIGURES MYTHOLOGIQUES GRECQUES,Sphinx,Sphinx,https://fr.wikipedia.org/wiki/Sphinx,
DIEUX ET FIGURES MYTHOLOGIQUES GRECQUES,Arachné,Arachné,https://fr.wikipedia.org/wiki/Arachn%C3%A9,
DIEUX ET FIGURES MYTHOLOGIQUES GRECQUES,Charybde,Charybde,https://fr.wikipedia.org/wiki/Charybde,
DIEUX ET FIGURES MYTHOLOGIQUES GRECQUES,Chiron,Chiron,https://fr.wikipedia.org/wiki/Chiron,
DIEUX ET FIGURES MYTHOLOGIQUES GRECQUES,Harpie,Harpie,https://fr.wikipedia.org/wiki/Harpie,
GRANDS DIRIGEANTS → SCISSION EN 2 COLLECTIONS,Hammurabi,Hammurabi,https://fr.wikipedia.org/wiki/Hammurabi,
GRANDS DIRIGEANTS → SCISSION EN 2 COLLECTIONS,Nabuchodonosor II,Nabuchodonosor II,https://fr.wikipedia.org/wiki/Nabuchodonosor_II,
GRANDS DIRIGEANTS → SCISSION EN 2 COLLECTIONS,Hatchepsout,Hatchepsout,https://fr.wikipedia.org/wiki/Hatchepsout,
GRANDS DIRIGEANTS → SCISSION EN 2 COLLECTIONS,Toutânkhamon,Toutânkhamon,https://fr.wikipedia.org/wiki/Tout%C3%A2nkhamon,
GRANDS DIRIGEANTS → SCISSION EN 2 COLLECTIONS,Akhenaton,Akhenaton,https://fr.wikipedia.org/wiki/Akhenaton,
GRANDS DIRIGEANTS → SCISSION EN 2 COLLECTIONS,Xerxès Ier,Xerxès Ier,https://fr.wikipedia.org/wiki/Xerx%C3%A8s_Ier,
GRANDS DIRIGEANTS → SCISSION EN 2 COLLECTIONS,Léonidas Ier,Léonidas Ier,https://fr.wikipedia.org/wiki/L%C3%A9onidas_Ier,
GRANDS DIRIGEANTS → SCISSION EN 2 COLLECTIONS,Jules César,Jules César,https://fr.wikipedia.org/wiki/Jules_C%C3%A9sar,
GRANDS DIRIGEANTS → SCISSION EN 2 COLLECTIONS,Marc Antoine,Marc Antoine,https://fr.wikipedia.org/wiki/Marc_Antoine,
GRANDS DIRIGEANTS → SCISSION EN 2 COLLECTIONS,Néron,Néron,https://fr.wikipedia.org/wiki/N%C3%A9ron,
GRANDS DIRIGEANTS → SCISSION EN 2 COLLECTIONS,Marc Aurèle,Marc Aurèle,https://fr.wikipedia.org/wiki/Marc_Aur%C3%A8le,
GRANDS DIRIGEANTS → SCISSION EN 2 COLLECTIONS,Constantin Ier,Constantin Ier,https://fr.wikipedia.org/wiki/Constantin_Ier,
GRANDS DIRIGEANTS → SCISSION EN 2 COLLECTIONS,Clovis Ier,Clovis Ier,https://fr.wikipedia.org/wiki/Clovis_Ier,
GRANDS DIRIGEANTS → SCISSION EN 2 COLLECTIONS,Guillaume le Conquérant,Guillaume le Conquérant,https://fr.wikipedia.org/wiki/Guillaume_le_Conqu%C3%A9rant,
GRANDS DIRIGEANTS → SCISSION EN 2 COLLECTIONS,Richard Cœur de Lion,Richard Cœur de Lion,https://fr.wikipedia.org/wiki/Richard_C%C5%93ur_de_Lion,
GRANDS DIRIGEANTS → SCISSION EN 2 COLLECTIONS,Frédéric Barberousse,Frédéric Barberousse,https://fr.wikipedia.org/wiki/Fr%C3%A9d%C3%A9ric_Barberousse,
GRANDS DIRIGEANTS → SCISSION EN 2 COLLECTIONS,Philippe Auguste,Philippe Auguste,https://fr.wikipedia.org/wiki/Philippe_Auguste,
GRANDS DIRIGEANTS → SCISSION EN 2 COLLECTIONS,Louis IX,Louis IX,https://fr.wikipedia.org/wiki/Louis_IX,
GRANDS DIRIGEANTS → SCISSION EN 2 COLLECTIONS,Aliénor d'Aquitaine,Aliénor d'Aquitaine,https://fr.wikipedia.org/wiki/Ali%C3%A9nor_d'Aquitaine,
GRANDS DIRIGEANTS → SCISSION EN 2 COLLECTIONS,Élisabeth Ire d'Angleterre,Élisabeth Ire d'Angleterre,https://fr.wikipedia.org/wiki/%C3%89lisabeth_Ire_d'Angleterre,
GRANDS DIRIGEANTS → SCISSION EN 2 COLLECTIONS,Henri VIII,Henri VIII,https://fr.wikipedia.org/wiki/Henri_VIII,
GRANDS DIRIGEANTS → SCISSION EN 2 COLLECTIONS,François Ier,François Ier,https://fr.wikipedia.org/wiki/Fran%C3%A7ois_Ier,
GRANDS DIRIGEANTS → SCISSION EN 2 COLLECTIONS,Charles Quint,Charles Quint,https://fr.wikipedia.org/wiki/Charles_Quint,
GRANDS DIRIGEANTS → SCISSION EN 2 COLLECTIONS,Philippe II d'Espagne,Philippe II d'Espagne,https://fr.wikipedia.org/wiki/Philippe_II_d'Espagne,
GRANDS DIRIGEANTS → SCISSION EN 2 COLLECTIONS,Henri IV,Henri IV,https://fr.wikipedia.org/wiki/Henri_IV,
GRANDS DIRIGEANTS → SCISSION EN 2 COLLECTIONS,Oliver Cromwell,Oliver Cromwell,https://fr.wikipedia.org/wiki/Oliver_Cromwell,
GRANDS DIRIGEANTS → SCISSION EN 2 COLLECTIONS,Louis XVI,Louis XVI,https://fr.wikipedia.org/wiki/Louis_XVI,
GRANDS DIRIGEANTS → SCISSION EN 2 COLLECTIONS,Mehmed II,Mehmed II,https://fr.wikipedia.org/wiki/Mehmed_II,
GRANDS DIRIGEANTS → SCISSION EN 2 COLLECTIONS,Tamerlan,Tamerlan,https://fr.wikipedia.org/wiki/Tamerlan,
GRANDS DIRIGEANTS → SCISSION EN 2 COLLECTIONS,Oda Nobunaga,Oda Nobunaga,https://fr.wikipedia.org/wiki/Oda_Nobunaga,
GRANDS DIRIGEANTS → SCISSION EN 2 COLLECTIONS,Toyotomi Hideyoshi,Toyotomi Hideyoshi,https://fr.wikipedia.org/wiki/Toyotomi_Hideyoshi,
GRANDS DIRIGEANTS → SCISSION EN 2 COLLECTIONS,Kangxi,Kangxi,https://fr.wikipedia.org/wiki/Kangxi,
GRANDS DIRIGEANTS → SCISSION EN 2 COLLECTIONS,Shah Jahan,Shah Jahan,https://fr.wikipedia.org/wiki/Shah_Jahan,
GRANDS DIRIGEANTS → SCISSION EN 2 COLLECTIONS,George Washington,George Washington,https://fr.wikipedia.org/wiki/George_Washington,
GRANDS DIRIGEANTS → SCISSION EN 2 COLLECTIONS,Maximilien de Robespierre,Maximilien de Robespierre,https://fr.wikipedia.org/wiki/Maximilien_de_Robespierre,
GRANDS DIRIGEANTS → SCISSION EN 2 COLLECTIONS,Toussaint Louverture,Toussaint Louverture,https://fr.wikipedia.org/wiki/Toussaint_Louverture,
GRANDS DIRIGEANTS → SCISSION EN 2 COLLECTIONS,Giuseppe Garibaldi,Giuseppe Garibaldi,https://fr.wikipedia.org/wiki/Giuseppe_Garibaldi,
GRANDS DIRIGEANTS → SCISSION EN 2 COLLECTIONS,Sun Yat-sen,Sun Yat-sen,https://fr.wikipedia.org/wiki/Sun_Yat-sen,
GRANDS DIRIGEANTS → SCISSION EN 2 COLLECTIONS,Napoléon III,Napoléon III,https://fr.wikipedia.org/wiki/Napol%C3%A9on_III,
GRANDS DIRIGEANTS → SCISSION EN 2 COLLECTIONS,Guillaume II,Guillaume II,https://fr.wikipedia.org/wiki/Guillaume_II,
GRANDS DIRIGEANTS → SCISSION EN 2 COLLECTIONS,François-Joseph Ier,François-Joseph Ier,https://fr.wikipedia.org/wiki/Fran%C3%A7ois-Joseph_Ier,
GRANDS DIRIGEANTS → SCISSION EN 2 COLLECTIONS,Nicolas II,Nicolas II,https://fr.wikipedia.org/wiki/Nicolas_II,
GRANDS DIRIGEANTS → SCISSION EN 2 COLLECTIONS,Léopold II,Léopold II,https://fr.wikipedia.org/wiki/L%C3%A9opold_II,
GRANDS DIRIGEANTS → SCISSION EN 2 COLLECTIONS,Georges Clemenceau,Georges Clemenceau,https://fr.wikipedia.org/wiki/Georges_Clemenceau,
GRANDS DIRIGEANTS → SCISSION EN 2 COLLECTIONS,Vladimir Lénine,Vladimir Lénine,https://fr.wikipedia.org/wiki/Vladimir_L%C3%A9nine,
GRANDS DIRIGEANTS → SCISSION EN 2 COLLECTIONS,Joseph Staline,Joseph Staline,https://fr.wikipedia.org/wiki/Joseph_Staline,
GRANDS DIRIGEANTS → SCISSION EN 2 COLLECTIONS,Adolf Hitler,Adolf Hitler,https://fr.wikipedia.org/wiki/Adolf_Hitler,
GRANDS DIRIGEANTS → SCISSION EN 2 COLLECTIONS,Benito Mussolini,Benito Mussolini,https://fr.wikipedia.org/wiki/Benito_Mussolini,
GRANDS DIRIGEANTS → SCISSION EN 2 COLLECTIONS,Francisco Franco,Francisco Franco,https://fr.wikipedia.org/wiki/Francisco_Franco,
GRANDS DIRIGEANTS → SCISSION EN 2 COLLECTIONS,Hirohito,Hirohito,https://fr.wikipedia.org/wiki/Hirohito,
GRANDS DIRIGEANTS → SCISSION EN 2 COLLECTIONS,Winston Churchill,Winston Churchill,https://fr.wikipedia.org/wiki/Winston_Churchill,
GRANDS DIRIGEANTS → SCISSION EN 2 COLLECTIONS,Theodore Roosevelt,Theodore Roosevelt,https://fr.wikipedia.org/wiki/Theodore_Roosevelt,
GRANDS DIRIGEANTS → SCISSION EN 2 COLLECTIONS,Woodrow Wilson,Woodrow Wilson,https://fr.wikipedia.org/wiki/Woodrow_Wilson,
GRANDS DIRIGEANTS → SCISSION EN 2 COLLECTIONS,Franklin Delano Roosevelt,Franklin Delano Roosevelt,https://fr.wikipedia.org/wiki/Franklin_Delano_Roosevelt,
GRANDS DIRIGEANTS → SCISSION EN 2 COLLECTIONS,Harry S. Truman,Harry S. Truman,https://fr.wikipedia.org/wiki/Harry_S._Truman,
GRANDS DIRIGEANTS → SCISSION EN 2 COLLECTIONS,Dwight D. Eisenhower,Dwight D. Eisenhower,https://fr.wikipedia.org/wiki/Dwight_D._Eisenhower,
GRANDS DIRIGEANTS → SCISSION EN 2 COLLECTIONS,John Fitzgerald Kennedy,John Fitzgerald Kennedy,https://fr.wikipedia.org/wiki/John_Fitzgerald_Kennedy,
GRANDS DIRIGEANTS → SCISSION EN 2 COLLECTIONS,Empereur Meiji,Empereur Meiji,https://fr.wikipedia.org/wiki/Empereur_Meiji,
GRANDS DIRIGEANTS → SCISSION EN 2 COLLECTIONS,Cixi,Cixi,https://fr.wikipedia.org/wiki/Cixi,
GRANDS DIRIGEANTS → SCISSION EN 2 COLLECTIONS,Mao Zedong,Mao Zedong,https://fr.wikipedia.org/wiki/Mao_Zedong,
GRANDS DIRIGEANTS → SCISSION EN 2 COLLECTIONS,Tchang Kaï-chek,Tchang Kaï-chek,https://fr.wikipedia.org/wiki/Tchang_Ka%C3%AF-chek,
GRANDS DIRIGEANTS → SCISSION EN 2 COLLECTIONS,Hô Chi Minh,Hô Chi Minh,https://fr.wikipedia.org/wiki/H%C3%B4_Chi_Minh,
GRANDS DIRIGEANTS → SCISSION EN 2 COLLECTIONS,Deng Xiaoping,Deng Xiaoping,https://fr.wikipedia.org/wiki/Deng_Xiaoping,
GRANDS DIRIGEANTS → SCISSION EN 2 COLLECTIONS,Mustafa Kemal Atatürk,Mustafa Kemal Atatürk,https://fr.wikipedia.org/wiki/Mustafa_Kemal_Atat%C3%BCrk,
GRANDS DIRIGEANTS → SCISSION EN 2 COLLECTIONS,Gamal Abdel Nasser,Gamal Abdel Nasser,https://fr.wikipedia.org/wiki/Gamal_Abdel_Nasser,
GRANDS DIRIGEANTS → SCISSION EN 2 COLLECTIONS,Kwame Nkrumah,Kwame Nkrumah,https://fr.wikipedia.org/wiki/Kwame_Nkrumah,
GRANDS DIRIGEANTS → SCISSION EN 2 COLLECTIONS,Patrice Lumumba,Patrice Lumumba,https://fr.wikipedia.org/wiki/Patrice_Lumumba,
GRANDS DIRIGEANTS → SCISSION EN 2 COLLECTIONS,Thomas Sankara,Thomas Sankara,https://fr.wikipedia.org/wiki/Thomas_Sankara,
GRANDS DIRIGEANTS → SCISSION EN 2 COLLECTIONS,Nelson Mandela,Nelson Mandela,https://fr.wikipedia.org/wiki/Nelson_Mandela,
GRANDS DIRIGEANTS → SCISSION EN 2 COLLECTIONS,Ménélik II,Ménélik II,https://fr.wikipedia.org/wiki/M%C3%A9n%C3%A9lik_II,
GRANDS DIRIGEANTS → SCISSION EN 2 COLLECTIONS,David Ben Gourion,David Ben Gourion,https://fr.wikipedia.org/wiki/David_Ben_Gourion,
GRANDS DIRIGEANTS → SCISSION EN 2 COLLECTIONS,Charles de Gaulle,Charles de Gaulle,https://fr.wikipedia.org/wiki/Charles_de_Gaulle,
GRANDS DIRIGEANTS → SCISSION EN 2 COLLECTIONS,Fidel Castro,Fidel Castro,https://fr.wikipedia.org/wiki/Fidel_Castro,
GRANDS DIRIGEANTS → SCISSION EN 2 COLLECTIONS,Jawaharlal Nehru,Jawaharlal Nehru,https://fr.wikipedia.org/wiki/Jawaharlal_Nehru,
GRANDS DIRIGEANTS → SCISSION EN 2 COLLECTIONS,Indira Gandhi,Indira Gandhi,https://fr.wikipedia.org/wiki/Indira_Gandhi,
GRANDS DIRIGEANTS → SCISSION EN 2 COLLECTIONS,Pol Pot,Pol Pot,https://fr.wikipedia.org/wiki/Pol_Pot,
GRANDS DIRIGEANTS → SCISSION EN 2 COLLECTIONS,Golda Meir,Golda Meir,https://fr.wikipedia.org/wiki/Golda_Meir,
GRANDS DIRIGEANTS → SCISSION EN 2 COLLECTIONS,Margaret Thatcher,Margaret Thatcher,https://fr.wikipedia.org/wiki/Margaret_Thatcher,
GRANDS DIRIGEANTS → SCISSION EN 2 COLLECTIONS,Ronald Reagan,Ronald Reagan,https://fr.wikipedia.org/wiki/Ronald_Reagan,
GRANDS DIRIGEANTS → SCISSION EN 2 COLLECTIONS,Mikhaïl Gorbatchev,Mikhaïl Gorbatchev,https://fr.wikipedia.org/wiki/Mikha%C3%AFl_Gorbatchev,
GRANDS DIRIGEANTS → SCISSION EN 2 COLLECTIONS,Juan Perón,Juan Perón,https://fr.wikipedia.org/wiki/Juan_Per%C3%B3n,
MONUMENTS EMBLÉMATIQUES → SCISSION EN 2 COLLECTIONS,Sphinx de Gizeh,Sphinx de Gizeh,https://fr.wikipedia.org/wiki/Sphinx_de_Gizeh,
MONUMENTS EMBLÉMATIQUES → SCISSION EN 2 COLLECTIONS,Pyramides de Méroé,Pyramides de Méroé,https://fr.wikipedia.org/wiki/Pyramides_de_M%C3%A9ro%C3%A9,
MONUMENTS EMBLÉMATIQUES → SCISSION EN 2 COLLECTIONS,Deir el-Bahari,Deir el-Bahari,https://fr.wikipedia.org/wiki/Deir_el-Bahari,
MONUMENTS EMBLÉMATIQUES → SCISSION EN 2 COLLECTIONS,Persépolis,Persépolis,https://fr.wikipedia.org/wiki/Pers%C3%A9polis,
MONUMENTS EMBLÉMATIQUES → SCISSION EN 2 COLLECTIONS,Ziggourat d'Our,Ziggourat d'Our,https://fr.wikipedia.org/wiki/Ziggourat_d'Our,
MONUMENTS EMBLÉMATIQUES → SCISSION EN 2 COLLECTIONS,Porte d'Ishtar,Porte d'Ishtar,https://fr.wikipedia.org/wiki/Porte_d'Ishtar,
MONUMENTS EMBLÉMATIQUES → SCISSION EN 2 COLLECTIONS,Baalbek,Baalbek,https://fr.wikipedia.org/wiki/Baalbek,
MONUMENTS EMBLÉMATIQUES → SCISSION EN 2 COLLECTIONS,Masada,Masada,https://fr.wikipedia.org/wiki/Masada,
MONUMENTS EMBLÉMATIQUES → SCISSION EN 2 COLLECTIONS,Éphèse,Éphèse,https://fr.wikipedia.org/wiki/%C3%89ph%C3%A8se,
MONUMENTS EMBLÉMATIQUES → SCISSION EN 2 COLLECTIONS,Pompéi,Pompéi,https://fr.wikipedia.org/wiki/Pomp%C3%A9i,
MONUMENTS EMBLÉMATIQUES → SCISSION EN 2 COLLECTIONS,Delphes,Delphes,https://fr.wikipedia.org/wiki/Delphes,
MONUMENTS EMBLÉMATIQUES → SCISSION EN 2 COLLECTIONS,Olympie,Olympie,https://fr.wikipedia.org/wiki/Olympie,
MONUMENTS EMBLÉMATIQUES → SCISSION EN 2 COLLECTIONS,Mycènes,Mycènes,https://fr.wikipedia.org/wiki/Myc%C3%A8nes,
MONUMENTS EMBLÉMATIQUES → SCISSION EN 2 COLLECTIONS,Cnossos,Cnossos,https://fr.wikipedia.org/wiki/Cnossos,
MONUMENTS EMBLÉMATIQUES → SCISSION EN 2 COLLECTIONS,Leptis Magna,Leptis Magna,https://fr.wikipedia.org/wiki/Leptis_Magna,
MONUMENTS EMBLÉMATIQUES → SCISSION EN 2 COLLECTIONS,Volubilis,Volubilis,https://fr.wikipedia.org/wiki/Volubilis,
MONUMENTS EMBLÉMATIQUES → SCISSION EN 2 COLLECTIONS,Grand Zimbabwe,Grand Zimbabwe,https://fr.wikipedia.org/wiki/Grand_Zimbabwe,
MONUMENTS EMBLÉMATIQUES → SCISSION EN 2 COLLECTIONS,Alignements de Carnac,Alignements de Carnac,https://fr.wikipedia.org/wiki/Alignements_de_Carnac,
MONUMENTS EMBLÉMATIQUES → SCISSION EN 2 COLLECTIONS,Newgrange,Newgrange,https://fr.wikipedia.org/wiki/Newgrange,
MONUMENTS EMBLÉMATIQUES → SCISSION EN 2 COLLECTIONS,Skara Brae,Skara Brae,https://fr.wikipedia.org/wiki/Skara_Brae,
MONUMENTS EMBLÉMATIQUES → SCISSION EN 2 COLLECTIONS,Lascaux,Lascaux,https://fr.wikipedia.org/wiki/Lascaux,
MONUMENTS EMBLÉMATIQUES → SCISSION EN 2 COLLECTIONS,Göbekli Tepe,Göbekli Tepe,https://fr.wikipedia.org/wiki/G%C3%B6bekli_Tepe,
MONUMENTS EMBLÉMATIQUES → SCISSION EN 2 COLLECTIONS,Mohenjo-daro,Mohenjo-daro,https://fr.wikipedia.org/wiki/Mohenjo-daro,
MONUMENTS EMBLÉMATIQUES → SCISSION EN 2 COLLECTIONS,Grottes d'Ajanta,Grottes d'Ajanta,https://fr.wikipedia.org/wiki/Grottes_d'Ajanta,
MONUMENTS EMBLÉMATIQUES → SCISSION EN 2 COLLECTIONS,Tikal,Tikal,https://fr.wikipedia.org/wiki/Tikal,
MONUMENTS EMBLÉMATIQUES → SCISSION EN 2 COLLECTIONS,Palenque,Palenque,https://fr.wikipedia.org/wiki/Palenque,
MONUMENTS EMBLÉMATIQUES → SCISSION EN 2 COLLECTIONS,Lignes de Nazca,Lignes de Nazca,https://fr.wikipedia.org/wiki/Lignes_de_Nazca,
MONUMENTS EMBLÉMATIQUES → SCISSION EN 2 COLLECTIONS,Sacsayhuamán,Sacsayhuamán,https://fr.wikipedia.org/wiki/Sacsayhuam%C3%A1n,
MONUMENTS EMBLÉMATIQUES → SCISSION EN 2 COLLECTIONS,Arc de Triomphe,Arc de Triomphe,https://fr.wikipedia.org/wiki/Arc_de_Triomphe,
MONUMENTS EMBLÉMATIQUES → SCISSION EN 2 COLLECTIONS,Sacré-Cœur de Montmartre,Sacré-Cœur de Montmartre,https://fr.wikipedia.org/wiki/Sacr%C3%A9-C%C5%93ur_de_Montmartre,
MONUMENTS EMBLÉMATIQUES → SCISSION EN 2 COLLECTIONS,Pyramide du Louvre,Pyramide du Louvre,https://fr.wikipedia.org/wiki/Pyramide_du_Louvre,
MONUMENTS EMBLÉMATIQUES → SCISSION EN 2 COLLECTIONS,Palais des Papes,Palais des Papes,https://fr.wikipedia.org/wiki/Palais_des_Papes,
MONUMENTS EMBLÉMATIQUES → SCISSION EN 2 COLLECTIONS,Château de Chenonceau,Château de Chenonceau,https://fr.wikipedia.org/wiki/Ch%C3%A2teau_de_Chenonceau,
MONUMENTS EMBLÉMATIQUES → SCISSION EN 2 COLLECTIONS,Pont du Gard,Pont du Gard,https://fr.wikipedia.org/wiki/Pont_du_Gard,
MONUMENTS EMBLÉMATIQUES → SCISSION EN 2 COLLECTIONS,Tower Bridge,Tower Bridge,https://fr.wikipedia.org/wiki/Tower_Bridge,
MONUMENTS EMBLÉMATIQUES → SCISSION EN 2 COLLECTIONS,Tour de Londres,Tour de Londres,https://fr.wikipedia.org/wiki/Tour_de_Londres,
MONUMENTS EMBLÉMATIQUES → SCISSION EN 2 COLLECTIONS,Abbaye de Westminster,Abbaye de Westminster,https://fr.wikipedia.org/wiki/Abbaye_de_Westminster,
MONUMENTS EMBLÉMATIQUES → SCISSION EN 2 COLLECTIONS,Mosquée-cathédrale de Cordoue,Mosquée-cathédrale de Cordoue,https://fr.wikipedia.org/wiki/Mosqu%C3%A9e-cath%C3%A9drale_de_Cordoue,
MONUMENTS EMBLÉMATIQUES → SCISSION EN 2 COLLECTIONS,Tour de Belém,Tour de Belém,https://fr.wikipedia.org/wiki/Tour_de_Bel%C3%A9m,
MONUMENTS EMBLÉMATIQUES → SCISSION EN 2 COLLECTIONS,Cathédrale Santa Maria del Fiore,Cathédrale Santa Maria del Fiore,https://fr.wikipedia.org/wiki/Cath%C3%A9drale_Santa_Maria_del_Fiore,
MONUMENTS EMBLÉMATIQUES → SCISSION EN 2 COLLECTIONS,Basilique Saint-Marc,Basilique Saint-Marc,https://fr.wikipedia.org/wiki/Basilique_Saint-Marc,
MONUMENTS EMBLÉMATIQUES → SCISSION EN 2 COLLECTIONS,Fontaine de Trevi,Fontaine de Trevi,https://fr.wikipedia.org/wiki/Fontaine_de_Trevi,
MONUMENTS EMBLÉMATIQUES → SCISSION EN 2 COLLECTIONS,Cathédrale de Chartres,Cathédrale de Chartres,https://fr.wikipedia.org/wiki/Cath%C3%A9drale_de_Chartres,
MONUMENTS EMBLÉMATIQUES → SCISSION EN 2 COLLECTIONS,Atomium,Atomium,https://fr.wikipedia.org/wiki/Atomium,
MONUMENTS EMBLÉMATIQUES → SCISSION EN 2 COLLECTIONS,Grand-Place de Bruxelles,Grand-Place de Bruxelles,https://fr.wikipedia.org/wiki/Grand-Place_de_Bruxelles,
MONUMENTS EMBLÉMATIQUES → SCISSION EN 2 COLLECTIONS,Château de Schönbrunn,Château de Schönbrunn,https://fr.wikipedia.org/wiki/Ch%C3%A2teau_de_Sch%C3%B6nbrunn,
MONUMENTS EMBLÉMATIQUES → SCISSION EN 2 COLLECTIONS,Musée Guggenheim (Bilbao),Musée Guggenheim (Bilbao),https://fr.wikipedia.org/wiki/Mus%C3%A9e_Guggenheim_(Bilbao),à vérifier
MONUMENTS EMBLÉMATIQUES → SCISSION EN 2 COLLECTIONS,Palais d'Hiver,Palais d'Hiver,https://fr.wikipedia.org/wiki/Palais_d'Hiver,
MONUMENTS EMBLÉMATIQUES → SCISSION EN 2 COLLECTIONS,Mur de Berlin,Mur de Berlin,https://fr.wikipedia.org/wiki/Mur_de_Berlin,
MONUMENTS EMBLÉMATIQUES → SCISSION EN 2 COLLECTIONS,Château de Bran,Château de Bran,https://fr.wikipedia.org/wiki/Ch%C3%A2teau_de_Bran,
MONUMENTS EMBLÉMATIQUES → SCISSION EN 2 COLLECTIONS,Palais du Parlement (Bucarest),Palais du Parlement (Bucarest),https://fr.wikipedia.org/wiki/Palais_du_Parlement_(Bucarest),à vérifier
MONUMENTS EMBLÉMATIQUES → SCISSION EN 2 COLLECTIONS,Dôme du Rocher,Dôme du Rocher,https://fr.wikipedia.org/wiki/D%C3%B4me_du_Rocher,
MONUMENTS EMBLÉMATIQUES → SCISSION EN 2 COLLECTIONS,Masjid al-Haram,Masjid al-Haram,https://fr.wikipedia.org/wiki/Masjid_al-Haram,
MONUMENTS EMBLÉMATIQUES → SCISSION EN 2 COLLECTIONS,Krak des Chevaliers,Krak des Chevaliers,https://fr.wikipedia.org/wiki/Krak_des_Chevaliers,
MONUMENTS EMBLÉMATIQUES → SCISSION EN 2 COLLECTIONS,Mosquée Hassan-II,Mosquée Hassan-II,https://fr.wikipedia.org/wiki/Mosqu%C3%A9e_Hassan-II,
MONUMENTS EMBLÉMATIQUES → SCISSION EN 2 COLLECTIONS,Borobudur,Borobudur,https://fr.wikipedia.org/wiki/Borobudur,
MONUMENTS EMBLÉMATIQUES → SCISSION EN 2 COLLECTIONS,Temple d'Or d'Amritsar,Temple d'Or d'Amritsar,https://fr.wikipedia.org/wiki/Temple_d'Or_d'Amritsar,
MONUMENTS EMBLÉMATIQUES → SCISSION EN 2 COLLECTIONS,Pagode Shwedagon,Pagode Shwedagon,https://fr.wikipedia.org/wiki/Pagode_Shwedagon,
MONUMENTS EMBLÉMATIQUES → SCISSION EN 2 COLLECTIONS,Grand Palais de Bangkok,Grand Palais de Bangkok,https://fr.wikipedia.org/wiki/Grand_Palais_de_Bangkok,
MONUMENTS EMBLÉMATIQUES → SCISSION EN 2 COLLECTIONS,Bouddha de Leshan,Bouddha de Leshan,https://fr.wikipedia.org/wiki/Bouddha_de_Leshan,
MONUMENTS EMBLÉMATIQUES → SCISSION EN 2 COLLECTIONS,Petronas Towers,Petronas Towers,https://fr.wikipedia.org/wiki/Petronas_Towers,
MONUMENTS EMBLÉMATIQUES → SCISSION EN 2 COLLECTIONS,Taipei 101,Taipei 101,https://fr.wikipedia.org/wiki/Taipei_101,
MONUMENTS EMBLÉMATIQUES → SCISSION EN 2 COLLECTIONS,Maison-Blanche,Maison-Blanche,https://fr.wikipedia.org/wiki/Maison-Blanche,
MONUMENTS EMBLÉMATIQUES → SCISSION EN 2 COLLECTIONS,Chrysler Building,Chrysler Building,https://fr.wikipedia.org/wiki/Chrysler_Building,
MONUMENTS EMBLÉMATIQUES → SCISSION EN 2 COLLECTIONS,Lincoln Memorial,Lincoln Memorial,https://fr.wikipedia.org/wiki/Lincoln_Memorial,
MONUMENTS EMBLÉMATIQUES → SCISSION EN 2 COLLECTIONS,Hollywood Sign,Hollywood Sign,https://fr.wikipedia.org/wiki/Hollywood_Sign,
MONUMENTS EMBLÉMATIQUES → SCISSION EN 2 COLLECTIONS,Capitole des États-Unis,Capitole des États-Unis,https://fr.wikipedia.org/wiki/Capitole_des_%C3%89tats-Unis,
MONUMENTS EMBLÉMATIQUES → SCISSION EN 2 COLLECTIONS,Églises de Lalibela,Églises de Lalibela,https://fr.wikipedia.org/wiki/%C3%89glises_de_Lalibela,
MONUMENTS EMBLÉMATIQUES → SCISSION EN 2 COLLECTIONS,Harbour Bridge,Harbour Bridge,https://fr.wikipedia.org/wiki/Harbour_Bridge,
CONSTELLATIONS,Oiseau de paradis,Oiseau de paradis,https://fr.wikipedia.org/wiki/Oiseau_de_paradis,
CONSTELLATIONS,Règle,Règle,https://fr.wikipedia.org/wiki/R%C3%A8gle,
CONSTELLATIONS,Flèche,Flèche,https://fr.wikipedia.org/wiki/Fl%C3%A8che,
DYNASTIES ET EMPIRES → SCISSION EN 2 COLLECTIONS,Sumer,Sumer,https://fr.wikipedia.org/wiki/Sumer,
DYNASTIES ET EMPIRES → SCISSION EN 2 COLLECTIONS,Empire d'Akkad,Empire d'Akkad,https://fr.wikipedia.org/wiki/Empire_d'Akkad,
DYNASTIES ET EMPIRES → SCISSION EN 2 COLLECTIONS,Empire mède,Empire mède,https://fr.wikipedia.org/wiki/Empire_m%C3%A8de,
DYNASTIES ET EMPIRES → SCISSION EN 2 COLLECTIONS,Civilisation de l'Indus,Civilisation de l'Indus,https://fr.wikipedia.org/wiki/Civilisation_de_l'Indus,
DYNASTIES ET EMPIRES → SCISSION EN 2 COLLECTIONS,Carthage,Carthage,https://fr.wikipedia.org/wiki/Carthage,
DYNASTIES ET EMPIRES → SCISSION EN 2 COLLECTIONS,Civilisation minoenne,Civilisation minoenne,https://fr.wikipedia.org/wiki/Civilisation_minoenne,
DYNASTIES ET EMPIRES → SCISSION EN 2 COLLECTIONS,Civilisation mycénienne,Civilisation mycénienne,https://fr.wikipedia.org/wiki/Civilisation_myc%C3%A9nienne,
DYNASTIES ET EMPIRES → SCISSION EN 2 COLLECTIONS,Empire d'Alexandre le Grand,Empire d'Alexandre le Grand,https://fr.wikipedia.org/wiki/Empire_d'Alexandre_le_Grand,
DYNASTIES ET EMPIRES → SCISSION EN 2 COLLECTIONS,Empire séleucide,Empire séleucide,https://fr.wikipedia.org/wiki/Empire_s%C3%A9leucide,
DYNASTIES ET EMPIRES → SCISSION EN 2 COLLECTIONS,République romaine,République romaine,https://fr.wikipedia.org/wiki/R%C3%A9publique_romaine,
DYNASTIES ET EMPIRES → SCISSION EN 2 COLLECTIONS,Empire carolingien,Empire carolingien,https://fr.wikipedia.org/wiki/Empire_carolingien,
DYNASTIES ET EMPIRES → SCISSION EN 2 COLLECTIONS,Rus' de Kiev,Rus' de Kiev,https://fr.wikipedia.org/wiki/Rus'_de_Kiev,
DYNASTIES ET EMPIRES → SCISSION EN 2 COLLECTIONS,Empire allemand,Empire allemand,https://fr.wikipedia.org/wiki/Empire_allemand,
DYNASTIES ET EMPIRES → SCISSION EN 2 COLLECTIONS,Empire colonial néerlandais,Empire colonial néerlandais,https://fr.wikipedia.org/wiki/Empire_colonial_n%C3%A9erlandais,
DYNASTIES ET EMPIRES → SCISSION EN 2 COLLECTIONS,Union soviétique,Union soviétique,https://fr.wikipedia.org/wiki/Union_sovi%C3%A9tique,
DYNASTIES ET EMPIRES → SCISSION EN 2 COLLECTIONS,Califat de Cordoue,Califat de Cordoue,https://fr.wikipedia.org/wiki/Califat_de_Cordoue,
DYNASTIES ET EMPIRES → SCISSION EN 2 COLLECTIONS,Empire almoravide,Empire almoravide,https://fr.wikipedia.org/wiki/Empire_almoravide,
DYNASTIES ET EMPIRES → SCISSION EN 2 COLLECTIONS,Empire almohade,Empire almohade,https://fr.wikipedia.org/wiki/Empire_almohade,
DYNASTIES ET EMPIRES → SCISSION EN 2 COLLECTIONS,Empire safavide,Empire safavide,https://fr.wikipedia.org/wiki/Empire_safavide,
DYNASTIES ET EMPIRES → SCISSION EN 2 COLLECTIONS,Empire timouride,Empire timouride,https://fr.wikipedia.org/wiki/Empire_timouride,
DYNASTIES ET EMPIRES → SCISSION EN 2 COLLECTIONS,Sultanat de Delhi,Sultanat de Delhi,https://fr.wikipedia.org/wiki/Sultanat_de_Delhi,
DYNASTIES ET EMPIRES → SCISSION EN 2 COLLECTIONS,Empire japonais,Empire japonais,https://fr.wikipedia.org/wiki/Empire_japonais,
DYNASTIES ET EMPIRES → SCISSION EN 2 COLLECTIONS,Empire chola,Empire chola,https://fr.wikipedia.org/wiki/Empire_chola,
DYNASTIES ET EMPIRES → SCISSION EN 2 COLLECTIONS,Empire éthiopien,Empire éthiopien,https://fr.wikipedia.org/wiki/Empire_%C3%A9thiopien,
DYNASTIES ET EMPIRES → SCISSION EN 2 COLLECTIONS,Empire ashanti,Empire ashanti,https://fr.wikipedia.org/wiki/Empire_ashanti,
DYNASTIES ET EMPIRES → SCISSION EN 2 COLLECTIONS,Royaume du Bénin,Royaume du Bénin,https://fr.wikipedia.org/wiki/Royaume_du_B%C3%A9nin,
DYNASTIES ET EMPIRES → SCISSION EN 2 COLLECTIONS,Empire du Kanem-Bornou,Empire du Kanem-Bornou,https://fr.wikipedia.org/wiki/Empire_du_Kanem-Bornou,
DYNASTIES ET EMPIRES → SCISSION EN 2 COLLECTIONS,Dynastie Shang,Dynastie Shang,https://fr.wikipedia.org/wiki/Dynastie_Shang,
DYNASTIES ET EMPIRES → SCISSION EN 2 COLLECTIONS,Dynastie Zhou,Dynastie Zhou,https://fr.wikipedia.org/wiki/Dynastie_Zhou,
DYNASTIES ET EMPIRES → SCISSION EN 2 COLLECTIONS,Dynastie Sui,Dynastie Sui,https://fr.wikipedia.org/wiki/Dynastie_Sui,
DYNASTIES ET EMPIRES → SCISSION EN 2 COLLECTIONS,Dynastie Yuan,Dynastie Yuan,https://fr.wikipedia.org/wiki/Dynastie_Yuan,
DYNASTIES ET EMPIRES → SCISSION EN 2 COLLECTIONS,Dynastie Joseon,Dynastie Joseon,https://fr.wikipedia.org/wiki/Dynastie_Joseon,
DYNASTIES ET EMPIRES → SCISSION EN 2 COLLECTIONS,Shogunat Kamakura,Shogunat Kamakura,https://fr.wikipedia.org/wiki/Shogunat_Kamakura,
DYNASTIES ET EMPIRES → SCISSION EN 2 COLLECTIONS,Shogunat Ashikaga,Shogunat Ashikaga,https://fr.wikipedia.org/wiki/Shogunat_Ashikaga,
DYNASTIES ET EMPIRES → SCISSION EN 2 COLLECTIONS,Lagides,Lagides,https://fr.wikipedia.org/wiki/Lagides,
DYNASTIES ET EMPIRES → SCISSION EN 2 COLLECTIONS,Dynastie fatimide,Dynastie fatimide,https://fr.wikipedia.org/wiki/Dynastie_fatimide,
DYNASTIES ET EMPIRES → SCISSION EN 2 COLLECTIONS,Dynastie ayyoubide,Dynastie ayyoubide,https://fr.wikipedia.org/wiki/Dynastie_ayyoubide,
DYNASTIES ET EMPIRES → SCISSION EN 2 COLLECTIONS,Mamelouks,Mamelouks,https://fr.wikipedia.org/wiki/Mamelouks,
DYNASTIES ET EMPIRES → SCISSION EN 2 COLLECTIONS,Mérovingiens,Mérovingiens,https://fr.wikipedia.org/wiki/M%C3%A9rovingiens,
DYNASTIES ET EMPIRES → SCISSION EN 2 COLLECTIONS,Carolingiens,Carolingiens,https://fr.wikipedia.org/wiki/Carolingiens,
DYNASTIES ET EMPIRES → SCISSION EN 2 COLLECTIONS,Capétiens,Capétiens,https://fr.wikipedia.org/wiki/Cap%C3%A9tiens,
DYNASTIES ET EMPIRES → SCISSION EN 2 COLLECTIONS,Maison de Valois,Maison de Valois,https://fr.wikipedia.org/wiki/Maison_de_Valois,
DYNASTIES ET EMPIRES → SCISSION EN 2 COLLECTIONS,Maison de Bourbon,Maison de Bourbon,https://fr.wikipedia.org/wiki/Maison_de_Bourbon,
DYNASTIES ET EMPIRES → SCISSION EN 2 COLLECTIONS,Plantagenêt,Plantagenêt,https://fr.wikipedia.org/wiki/Plantagen%C3%AAt,
DYNASTIES ET EMPIRES → SCISSION EN 2 COLLECTIONS,Maison de Tudor,Maison de Tudor,https://fr.wikipedia.org/wiki/Maison_de_Tudor,
DYNASTIES ET EMPIRES → SCISSION EN 2 COLLECTIONS,Maison Stuart,Maison Stuart,https://fr.wikipedia.org/wiki/Maison_Stuart,
DYNASTIES ET EMPIRES → SCISSION EN 2 COLLECTIONS,Maison de Windsor,Maison de Windsor,https://fr.wikipedia.org/wiki/Maison_de_Windsor,
DYNASTIES ET EMPIRES → SCISSION EN 2 COLLECTIONS,Maison de Habsbourg,Maison de Habsbourg,https://fr.wikipedia.org/wiki/Maison_de_Habsbourg,
DYNASTIES ET EMPIRES → SCISSION EN 2 COLLECTIONS,Hohenstaufen,Hohenstaufen,https://fr.wikipedia.org/wiki/Hohenstaufen,
DYNASTIES ET EMPIRES → SCISSION EN 2 COLLECTIONS,Hohenzollern,Hohenzollern,https://fr.wikipedia.org/wiki/Hohenzollern,
DYNASTIES ET EMPIRES → SCISSION EN 2 COLLECTIONS,Maison de Savoie,Maison de Savoie,https://fr.wikipedia.org/wiki/Maison_de_Savoie,
DYNASTIES ET EMPIRES → SCISSION EN 2 COLLECTIONS,Maison d'Orange-Nassau,Maison d'Orange-Nassau,https://fr.wikipedia.org/wiki/Maison_d'Orange-Nassau,
DYNASTIES ET EMPIRES → SCISSION EN 2 COLLECTIONS,Médicis,Médicis,https://fr.wikipedia.org/wiki/M%C3%A9dicis,
DYNASTIES ET EMPIRES → SCISSION EN 2 COLLECTIONS,Romanov,Romanov,https://fr.wikipedia.org/wiki/Romanov,
DYNASTIES ET EMPIRES → SCISSION EN 2 COLLECTIONS,Dynastie Piast,Dynastie Piast,https://fr.wikipedia.org/wiki/Dynastie_Piast,
DYNASTIES ET EMPIRES → SCISSION EN 2 COLLECTIONS,Jagellons,Jagellons,https://fr.wikipedia.org/wiki/Jagellons,
GRANDES BATAILLES HISTORIQUES,Bataille de Qadesh,Bataille de Qadesh,https://fr.wikipedia.org/wiki/Bataille_de_Qadesh,
GRANDES BATAILLES HISTORIQUES,Bataille de Mégiddo,Bataille de Mégiddo,https://fr.wikipedia.org/wiki/Bataille_de_M%C3%A9giddo,
GRANDES BATAILLES HISTORIQUES,Bataille de Platées,Bataille de Platées,https://fr.wikipedia.org/wiki/Bataille_de_Plat%C3%A9es,
GRANDES BATAILLES HISTORIQUES,Bataille d'Issos,Bataille d'Issos,https://fr.wikipedia.org/wiki/Bataille_d'Issos,
GRANDES BATAILLES HISTORIQUES,Bataille du lac Trasimène,Bataille du lac Trasimène,https://fr.wikipedia.org/wiki/Bataille_du_lac_Trasim%C3%A8ne,
GRANDES BATAILLES HISTORIQUES,Bataille de Pharsale,Bataille de Pharsale,https://fr.wikipedia.org/wiki/Bataille_de_Pharsale,
GRANDES BATAILLES HISTORIQUES,Siège d'Alésia,Siège d'Alésia,https://fr.wikipedia.org/wiki/Si%C3%A8ge_d'Al%C3%A9sia,
GRANDES BATAILLES HISTORIQUES,Bataille de Philippes,Bataille de Philippes,https://fr.wikipedia.org/wiki/Bataille_de_Philippes,
GRANDES BATAILLES HISTORIQUES,Bataille du pont Milvius,Bataille du pont Milvius,https://fr.wikipedia.org/wiki/Bataille_du_pont_Milvius,
GRANDES BATAILLES HISTORIQUES,Bataille de Roncevaux,Bataille de Roncevaux,https://fr.wikipedia.org/wiki/Bataille_de_Roncevaux,
GRANDES BATAILLES HISTORIQUES,Bataille de Bouvines,Bataille de Bouvines,https://fr.wikipedia.org/wiki/Bataille_de_Bouvines,
GRANDES BATAILLES HISTORIQUES,Bataille de Kosovo (1389),Bataille de Kosovo (1389),https://fr.wikipedia.org/wiki/Bataille_de_Kosovo_(1389),à vérifier
GRANDES BATAILLES HISTORIQUES,Bataille de Grunwald,Bataille de Grunwald,https://fr.wikipedia.org/wiki/Bataille_de_Grunwald,
GRANDES BATAILLES HISTORIQUES,Siège d'Orléans,Siège d'Orléans,https://fr.wikipedia.org/wiki/Si%C3%A8ge_d'Orl%C3%A9ans,
GRANDES BATAILLES HISTORIQUES,Bataille de Marignan,Bataille de Marignan,https://fr.wikipedia.org/wiki/Bataille_de_Marignan,
GRANDES BATAILLES HISTORIQUES,Bataille de Pavie,Bataille de Pavie,https://fr.wikipedia.org/wiki/Bataille_de_Pavie,
GRANDES BATAILLES HISTORIQUES,Bataille de Mohács,Bataille de Mohács,https://fr.wikipedia.org/wiki/Bataille_de_Moh%C3%A1cs,
GRANDES BATAILLES HISTORIQUES,Siège de Vienne (1683),Siège de Vienne (1683),https://fr.wikipedia.org/wiki/Si%C3%A8ge_de_Vienne_(1683),à vérifier
GRANDES BATAILLES HISTORIQUES,Bataille de Blenheim,Bataille de Blenheim,https://fr.wikipedia.org/wiki/Bataille_de_Blenheim,
GRANDES BATAILLES HISTORIQUES,Bataille des plaines d'Abraham,Bataille des plaines d'Abraham,https://fr.wikipedia.org/wiki/Bataille_des_plaines_d'Abraham,
GRANDES BATAILLES HISTORIQUES,Bataille des Pyramides,Bataille des Pyramides,https://fr.wikipedia.org/wiki/Bataille_des_Pyramides,
GRANDES BATAILLES HISTORIQUES,Bataille d'Iéna,Bataille d'Iéna,https://fr.wikipedia.org/wiki/Bataille_d'I%C3%A9na,
GRANDES BATAILLES HISTORIQUES,Bataille de la Moskova,Bataille de la Moskova,https://fr.wikipedia.org/wiki/Bataille_de_la_Moskova,
GRANDES BATAILLES HISTORIQUES,Bataille de Leipzig,Bataille de Leipzig,https://fr.wikipedia.org/wiki/Bataille_de_Leipzig,
GRANDES BATAILLES HISTORIQUES,Bataille de Wagram,Bataille de Wagram,https://fr.wikipedia.org/wiki/Bataille_de_Wagram,
GRANDES BATAILLES HISTORIQUES,Bataille de Fort Alamo,Bataille de Fort Alamo,https://fr.wikipedia.org/wiki/Bataille_de_Fort_Alamo,
GRANDES BATAILLES HISTORIQUES,Bataille de Little Bighorn,Bataille de Little Bighorn,https://fr.wikipedia.org/wiki/Bataille_de_Little_Bighorn,
GRANDES BATAILLES HISTORIQUES,Bataille de Tsushima,Bataille de Tsushima,https://fr.wikipedia.org/wiki/Bataille_de_Tsushima,
GRANDES BATAILLES HISTORIQUES,Bataille des Dardanelles,Bataille des Dardanelles,https://fr.wikipedia.org/wiki/Bataille_des_Dardanelles,
GRANDES BATAILLES HISTORIQUES,Bataille de Tannenberg,Bataille de Tannenberg,https://fr.wikipedia.org/wiki/Bataille_de_Tannenberg,
GRANDES BATAILLES HISTORIQUES,Deuxième bataille d'Ypres,Deuxième bataille d'Ypres,https://fr.wikipedia.org/wiki/Deuxi%C3%A8me_bataille_d'Ypres,
GRANDES BATAILLES HISTORIQUES,Bataille du Chemin des Dames,Bataille du Chemin des Dames,https://fr.wikipedia.org/wiki/Bataille_du_Chemin_des_Dames,
GRANDES BATAILLES HISTORIQUES,Attaque de Pearl Harbor,Attaque de Pearl Harbor,https://fr.wikipedia.org/wiki/Attaque_de_Pearl_Harbor,
GRANDES BATAILLES HISTORIQUES,Bataille d'Angleterre,Bataille d'Angleterre,https://fr.wikipedia.org/wiki/Bataille_d'Angleterre,
GRANDES BATAILLES HISTORIQUES,Seconde bataille d'El-Alamein,Seconde bataille d'El-Alamein,https://fr.wikipedia.org/wiki/Seconde_bataille_d'El-Alamein,
GRANDES BATAILLES HISTORIQUES,Bataille de Koursk,Bataille de Koursk,https://fr.wikipedia.org/wiki/Bataille_de_Koursk,
GRANDES BATAILLES HISTORIQUES,Siège de Léningrad,Siège de Léningrad,https://fr.wikipedia.org/wiki/Si%C3%A8ge_de_L%C3%A9ningrad,
GRANDES BATAILLES HISTORIQUES,Campagne de Guadalcanal,Campagne de Guadalcanal,https://fr.wikipedia.org/wiki/Campagne_de_Guadalcanal,
GRANDES BATAILLES HISTORIQUES,Bataille du Monte Cassino,Bataille du Monte Cassino,https://fr.wikipedia.org/wiki/Bataille_du_Monte_Cassino,
GRANDES BATAILLES HISTORIQUES,Bataille d'Iwo Jima,Bataille d'Iwo Jima,https://fr.wikipedia.org/wiki/Bataille_d'Iwo_Jima,
GRANDES BATAILLES HISTORIQUES,Bataille de Berlin,Bataille de Berlin,https://fr.wikipedia.org/wiki/Bataille_de_Berlin,
GRANDES BATAILLES HISTORIQUES,Bataille de la baie des Cochons,Bataille de la baie des Cochons,https://fr.wikipedia.org/wiki/Bataille_de_la_baie_des_Cochons,
GRANDES BATAILLES HISTORIQUES,Bataille de Mogadiscio,Bataille de Mogadiscio,https://fr.wikipedia.org/wiki/Bataille_de_Mogadiscio,
GRANDES GUERRES,Reconquista,Reconquista,https://fr.wikipedia.org/wiki/Reconquista,
GRANDES GUERRES,Guerres d'Italie,Guerres d'Italie,https://fr.wikipedia.org/wiki/Guerres_d'Italie,
GRANDES GUERRES,Guerre de Succession d'Autriche,Guerre de Succession d'Autriche,https://fr.wikipedia.org/wiki/Guerre_de_Succession_d'Autriche,
GRANDES GUERRES,Guerre de Vendée,Guerre de Vendée,https://fr.wikipedia.org/wiki/Guerre_de_Vend%C3%A9e,
GRANDES GUERRES,Guerre d'indépendance grecque,Guerre d'indépendance grecque,https://fr.wikipedia.org/wiki/Guerre_d'ind%C3%A9pendance_grecque,
GRANDES GUERRES,Guerre de Crimée,Guerre de Crimée,https://fr.wikipedia.org/wiki/Guerre_de_Crim%C3%A9e,
GRANDES GUERRES,Guerres de l'opium,Guerres de l'opium,https://fr.wikipedia.org/wiki/Guerres_de_l'opium,
GRANDES GUERRES,Révolte des Taiping,Révolte des Taiping,https://fr.wikipedia.org/wiki/R%C3%A9volte_des_Taiping,
GRANDES GUERRES,Unification italienne,Unification italienne,https://fr.wikipedia.org/wiki/Unification_italienne,
GRANDES GUERRES,Guerre hispano-américaine,Guerre hispano-américaine,https://fr.wikipedia.org/wiki/Guerre_hispano-am%C3%A9ricaine,
GRANDES GUERRES,Révolte des Boxers,Révolte des Boxers,https://fr.wikipedia.org/wiki/R%C3%A9volte_des_Boxers,
GRANDES GUERRES,Guerres balkaniques,Guerres balkaniques,https://fr.wikipedia.org/wiki/Guerres_balkaniques,
GRANDES GUERRES,Guerre d'Indochine,Guerre d'Indochine,https://fr.wikipedia.org/wiki/Guerre_d'Indochine,
GRANDES GUERRES,Guerre des Six Jours,Guerre des Six Jours,https://fr.wikipedia.org/wiki/Guerre_des_Six_Jours,
GRANDES GUERRES,Guerre du Biafra,Guerre du Biafra,https://fr.wikipedia.org/wiki/Guerre_du_Biafra,
GRANDES GUERRES,Guerre du Liban,Guerre du Liban,https://fr.wikipedia.org/wiki/Guerre_du_Liban,
GRANDES GUERRES,Guerre Iran-Irak,Guerre Iran-Irak,https://fr.wikipedia.org/wiki/Guerre_Iran-Irak,
GRANDES GUERRES,Guerres de Yougoslavie,Guerres de Yougoslavie,https://fr.wikipedia.org/wiki/Guerres_de_Yougoslavie,
GRANDES GUERRES,Génocide des Tutsi au Rwanda,Génocide des Tutsi au Rwanda,https://fr.wikipedia.org/wiki/G%C3%A9nocide_des_Tutsi_au_Rwanda,
GRANDES GUERRES,Deuxième guerre du Congo,Deuxième guerre du Congo,https://fr.wikipedia.org/wiki/Deuxi%C3%A8me_guerre_du_Congo,
GRANDES GUERRES,Guerre d'Afghanistan (2001-2021),Guerre d'Afghanistan (2001-2021),https://fr.wikipedia.org/wiki/Guerre_d'Afghanistan_(2001-2021),à vérifier
GRANDES GUERRES,Guerre civile syrienne,Guerre civile syrienne,https://fr.wikipedia.org/wiki/Guerre_civile_syrienne,
GRANDES GUERRES,Guerre civile yéménite,Guerre civile yéménite,https://fr.wikipedia.org/wiki/Guerre_civile_y%C3%A9m%C3%A9nite,
GRANDES GUERRES,Guerre russo-ukrainienne,Guerre russo-ukrainienne,https://fr.wikipedia.org/wiki/Guerre_russo-ukrainienne,
DINOSAURES CÉLÈBRES + NOUVELLE COLLECTION,Megalosaurus,Megalosaurus,https://fr.wikipedia.org/wiki/Megalosaurus,
DINOSAURES CÉLÈBRES + NOUVELLE COLLECTION,Utahraptor,Utahraptor,https://fr.wikipedia.org/wiki/Utahraptor,
DINOSAURES CÉLÈBRES + NOUVELLE COLLECTION,Carcharodontosaurus,Carcharodontosaurus,https://fr.wikipedia.org/wiki/Carcharodontosaurus,
DINOSAURES CÉLÈBRES + NOUVELLE COLLECTION,Brontosaurus,Brontosaurus,https://fr.wikipedia.org/wiki/Brontosaurus,
DINOSAURES CÉLÈBRES + NOUVELLE COLLECTION,Tarbosaurus,Tarbosaurus,https://fr.wikipedia.org/wiki/Tarbosaurus,
DINOSAURES CÉLÈBRES + NOUVELLE COLLECTION,Albertosaurus,Albertosaurus,https://fr.wikipedia.org/wiki/Albertosaurus,
DINOSAURES CÉLÈBRES + NOUVELLE COLLECTION,Troodon,Troodon,https://fr.wikipedia.org/wiki/Troodon,
DINOSAURES CÉLÈBRES + NOUVELLE COLLECTION,Deinocheirus,Deinocheirus,https://fr.wikipedia.org/wiki/Deinocheirus,
DINOSAURES CÉLÈBRES + NOUVELLE COLLECTION,Psittacosaurus,Psittacosaurus,https://fr.wikipedia.org/wiki/Psittacosaurus,
DINOSAURES CÉLÈBRES + NOUVELLE COLLECTION,Cryolophosaurus,Cryolophosaurus,https://fr.wikipedia.org/wiki/Cryolophosaurus,
DINOSAURES CÉLÈBRES + NOUVELLE COLLECTION,Mamenchisaurus,Mamenchisaurus,https://fr.wikipedia.org/wiki/Mamenchisaurus,
DINOSAURES CÉLÈBRES + NOUVELLE COLLECTION,Patagotitan,Patagotitan,https://fr.wikipedia.org/wiki/Patagotitan,
DINOSAURES CÉLÈBRES + NOUVELLE COLLECTION,Pentaceratops,Pentaceratops,https://fr.wikipedia.org/wiki/Pentaceratops,
DINOSAURES CÉLÈBRES + NOUVELLE COLLECTION,Euoplocephalus,Euoplocephalus,https://fr.wikipedia.org/wiki/Euoplocephalus,
DINOSAURES CÉLÈBRES + NOUVELLE COLLECTION,Hadrosaurus,Hadrosaurus,https://fr.wikipedia.org/wiki/Hadrosaurus,
DINOSAURES CÉLÈBRES + NOUVELLE COLLECTION,Ornithomimus,Ornithomimus,https://fr.wikipedia.org/wiki/Ornithomimus,
DINOSAURES CÉLÈBRES + NOUVELLE COLLECTION,Majungasaurus,Majungasaurus,https://fr.wikipedia.org/wiki/Majungasaurus,
GRANDS EXPLORATEURS → SCISSION EN 2 COLLECTIONS,Pythéas,Pythéas,https://fr.wikipedia.org/wiki/Pyth%C3%A9as,
GRANDS EXPLORATEURS → SCISSION EN 2 COLLECTIONS,Hannon le Navigateur,Hannon le Navigateur,https://fr.wikipedia.org/wiki/Hannon_le_Navigateur,
GRANDS EXPLORATEURS → SCISSION EN 2 COLLECTIONS,Erik le Rouge,Erik le Rouge,https://fr.wikipedia.org/wiki/Erik_le_Rouge,
GRANDS EXPLORATEURS → SCISSION EN 2 COLLECTIONS,Ahmad ibn Fadlan,Ahmad ibn Fadlan,https://fr.wikipedia.org/wiki/Ahmad_ibn_Fadlan,
GRANDS EXPLORATEURS → SCISSION EN 2 COLLECTIONS,Juan Sebastián Elcano,Juan Sebastián Elcano,https://fr.wikipedia.org/wiki/Juan_Sebasti%C3%A1n_Elcano,
GRANDS EXPLORATEURS → SCISSION EN 2 COLLECTIONS,Giovanni da Verrazzano,Giovanni da Verrazzano,https://fr.wikipedia.org/wiki/Giovanni_da_Verrazzano,
GRANDS EXPLORATEURS → SCISSION EN 2 COLLECTIONS,Diogo Cão,Diogo Cão,https://fr.wikipedia.org/wiki/Diogo_C%C3%A3o,
GRANDS EXPLORATEURS → SCISSION EN 2 COLLECTIONS,Francisco de Orellana,Francisco de Orellana,https://fr.wikipedia.org/wiki/Francisco_de_Orellana,
GRANDS EXPLORATEURS → SCISSION EN 2 COLLECTIONS,Álvar Núñez Cabeza de Vaca,Álvar Núñez Cabeza de Vaca,https://fr.wikipedia.org/wiki/%C3%81lvar_N%C3%BA%C3%B1ez_Cabeza_de_Vaca,
GRANDS EXPLORATEURS → SCISSION EN 2 COLLECTIONS,Abel Tasman,Abel Tasman,https://fr.wikipedia.org/wiki/Abel_Tasman,
GRANDS EXPLORATEURS → SCISSION EN 2 COLLECTIONS,Willem Janszoon,Willem Janszoon,https://fr.wikipedia.org/wiki/Willem_Janszoon,
GRANDS EXPLORATEURS → SCISSION EN 2 COLLECTIONS,Louis Antoine de Bougainville,Louis Antoine de Bougainville,https://fr.wikipedia.org/wiki/Louis_Antoine_de_Bougainville,
GRANDS EXPLORATEURS → SCISSION EN 2 COLLECTIONS,Jeanne Baret,Jeanne Baret,https://fr.wikipedia.org/wiki/Jeanne_Baret,
GRANDS EXPLORATEURS → SCISSION EN 2 COLLECTIONS,Jules Dumont d'Urville,Jules Dumont d'Urville,https://fr.wikipedia.org/wiki/Jules_Dumont_d'Urville,
GRANDS EXPLORATEURS → SCISSION EN 2 COLLECTIONS,René Caillié,René Caillié,https://fr.wikipedia.org/wiki/Ren%C3%A9_Cailli%C3%A9,
GRANDS EXPLORATEURS → SCISSION EN 2 COLLECTIONS,Heinrich Barth,Heinrich Barth,https://fr.wikipedia.org/wiki/Heinrich_Barth,
GRANDS EXPLORATEURS → SCISSION EN 2 COLLECTIONS,Pierre Savorgnan de Brazza,Pierre Savorgnan de Brazza,https://fr.wikipedia.org/wiki/Pierre_Savorgnan_de_Brazza,
GRANDS EXPLORATEURS → SCISSION EN 2 COLLECTIONS,Alexandra David-Néel,Alexandra David-Néel,https://fr.wikipedia.org/wiki/Alexandra_David-N%C3%A9el,
GRANDS EXPLORATEURS → SCISSION EN 2 COLLECTIONS,Isabelle Eberhardt,Isabelle Eberhardt,https://fr.wikipedia.org/wiki/Isabelle_Eberhardt,
GRANDS EXPLORATEURS → SCISSION EN 2 COLLECTIONS,Ella Maillart,Ella Maillart,https://fr.wikipedia.org/wiki/Ella_Maillart,
GRANDS EXPLORATEURS → SCISSION EN 2 COLLECTIONS,Percy Fawcett,Percy Fawcett,https://fr.wikipedia.org/wiki/Percy_Fawcett,
GRANDS EXPLORATEURS → SCISSION EN 2 COLLECTIONS,Hiram Bingham,Hiram Bingham,https://fr.wikipedia.org/wiki/Hiram_Bingham,
GRANDS EXPLORATEURS → SCISSION EN 2 COLLECTIONS,Howard Carter,Howard Carter,https://fr.wikipedia.org/wiki/Howard_Carter,
GRANDS EXPLORATEURS → SCISSION EN 2 COLLECTIONS,Jean-Félix Piccard,Jean-Félix Piccard,https://fr.wikipedia.org/wiki/Jean-F%C3%A9lix_Piccard,
GRANDS EXPLORATEURS → SCISSION EN 2 COLLECTIONS,Jeannette Piccard,Jeannette Piccard,https://fr.wikipedia.org/wiki/Jeannette_Piccard,
GRANDS EXPLORATEURS → SCISSION EN 2 COLLECTIONS,Jacques Piccard,Jacques Piccard,https://fr.wikipedia.org/wiki/Jacques_Piccard,
GRANDS EXPLORATEURS → SCISSION EN 2 COLLECTIONS,Bertrand Piccard,Bertrand Piccard,https://fr.wikipedia.org/wiki/Bertrand_Piccard,
GRANDS EXPLORATEURS → SCISSION EN 2 COLLECTIONS,Don Walsh,Don Walsh,https://fr.wikipedia.org/wiki/Don_Walsh,
GRANDS EXPLORATEURS → SCISSION EN 2 COLLECTIONS,James Cameron,James Cameron,https://fr.wikipedia.org/wiki/James_Cameron,
GRANDS EXPLORATEURS → SCISSION EN 2 COLLECTIONS,Sylvia Earle,Sylvia Earle,https://fr.wikipedia.org/wiki/Sylvia_Earle,
GRANDS EXPLORATEURS → SCISSION EN 2 COLLECTIONS,Jean-Louis Étienne,Jean-Louis Étienne,https://fr.wikipedia.org/wiki/Jean-Louis_%C3%89tienne,
GRANDS EXPLORATEURS → SCISSION EN 2 COLLECTIONS,George Mallory,George Mallory,https://fr.wikipedia.org/wiki/George_Mallory,
GRANDS EXPLORATEURS → SCISSION EN 2 COLLECTIONS,Maurice Herzog,Maurice Herzog,https://fr.wikipedia.org/wiki/Maurice_Herzog,
GRANDS EXPLORATEURS → SCISSION EN 2 COLLECTIONS,Reinhold Messner,Reinhold Messner,https://fr.wikipedia.org/wiki/Reinhold_Messner,
GRANDS EXPLORATEURS → SCISSION EN 2 COLLECTIONS,Junko Tabei,Junko Tabei,https://fr.wikipedia.org/wiki/Junko_Tabei,
GRANDS EXPLORATEURS → SCISSION EN 2 COLLECTIONS,Robert Peary,Robert Peary,https://fr.wikipedia.org/wiki/Robert_Peary,
GRANDS EXPLORATEURS → SCISSION EN 2 COLLECTIONS,Matthew Henson,Matthew Henson,https://fr.wikipedia.org/wiki/Matthew_Henson,
GRANDS EXPLORATEURS → SCISSION EN 2 COLLECTIONS,Douglas Mawson,Douglas Mawson,https://fr.wikipedia.org/wiki/Douglas_Mawson,
GRANDS EXPLORATEURS → SCISSION EN 2 COLLECTIONS,Jean-Baptiste Charcot,Jean-Baptiste Charcot,https://fr.wikipedia.org/wiki/Jean-Baptiste_Charcot,
GRANDS EXPLORATEURS → SCISSION EN 2 COLLECTIONS,Paul-Émile Victor,Paul-Émile Victor,https://fr.wikipedia.org/wiki/Paul-%C3%89mile_Victor,
GRANDS EXPLORATEURS → SCISSION EN 2 COLLECTIONS,Valentina Terechkova,Valentina Terechkova,https://fr.wikipedia.org/wiki/Valentina_Terechkova,
GRANDS EXPLORATEURS → SCISSION EN 2 COLLECTIONS,Alexeï Leonov,Alexeï Leonov,https://fr.wikipedia.org/wiki/Alexe%C3%AF_Leonov,
GRANDS EXPLORATEURS → SCISSION EN 2 COLLECTIONS,Michael Collins,Michael Collins,https://fr.wikipedia.org/wiki/Michael_Collins,
GRANDS EXPLORATEURS → SCISSION EN 2 COLLECTIONS,Félix Baumgartner,Félix Baumgartner,https://fr.wikipedia.org/wiki/F%C3%A9lix_Baumgartner,
GRANDS EXPLORATEURS → SCISSION EN 2 COLLECTIONS,Ranulph Fiennes,Ranulph Fiennes,https://fr.wikipedia.org/wiki/Ranulph_Fiennes,
GRANDS EXPLORATEURS → SCISSION EN 2 COLLECTIONS,Mike Horn,Mike Horn,https://fr.wikipedia.org/wiki/Mike_Horn,
AUTEURS CÉLÈBRES → SCISSION EN 2 COLLECTIONS,Eschyle,Eschyle,https://fr.wikipedia.org/wiki/Eschyle,
AUTEURS CÉLÈBRES → SCISSION EN 2 COLLECTIONS,Aristophane,Aristophane,https://fr.wikipedia.org/wiki/Aristophane,
AUTEURS CÉLÈBRES → SCISSION EN 2 COLLECTIONS,Hésiode,Hésiode,https://fr.wikipedia.org/wiki/H%C3%A9siode,
AUTEURS CÉLÈBRES → SCISSION EN 2 COLLECTIONS,Sappho,Sappho,https://fr.wikipedia.org/wiki/Sappho,
AUTEURS CÉLÈBRES → SCISSION EN 2 COLLECTIONS,Ésope,Ésope,https://fr.wikipedia.org/wiki/%C3%89sope,
AUTEURS CÉLÈBRES → SCISSION EN 2 COLLECTIONS,Hérodote,Hérodote,https://fr.wikipedia.org/wiki/H%C3%A9rodote,
AUTEURS CÉLÈBRES → SCISSION EN 2 COLLECTIONS,Thucydide,Thucydide,https://fr.wikipedia.org/wiki/Thucydide,
AUTEURS CÉLÈBRES → SCISSION EN 2 COLLECTIONS,Cicéron,Cicéron,https://fr.wikipedia.org/wiki/Cic%C3%A9ron,
AUTEURS CÉLÈBRES → SCISSION EN 2 COLLECTIONS,Sénèque,Sénèque,https://fr.wikipedia.org/wiki/S%C3%A9n%C3%A8que,
AUTEURS CÉLÈBRES → SCISSION EN 2 COLLECTIONS,Horace,Horace,https://fr.wikipedia.org/wiki/Horace,
AUTEURS CÉLÈBRES → SCISSION EN 2 COLLECTIONS,Murasaki Shikibu,Murasaki Shikibu,https://fr.wikipedia.org/wiki/Murasaki_Shikibu,
AUTEURS CÉLÈBRES → SCISSION EN 2 COLLECTIONS,Chrétien de Troyes,Chrétien de Troyes,https://fr.wikipedia.org/wiki/Chr%C3%A9tien_de_Troyes,
AUTEURS CÉLÈBRES → SCISSION EN 2 COLLECTIONS,Pétrarque,Pétrarque,https://fr.wikipedia.org/wiki/P%C3%A9trarque,
AUTEURS CÉLÈBRES → SCISSION EN 2 COLLECTIONS,Boccace,Boccace,https://fr.wikipedia.org/wiki/Boccace,
AUTEURS CÉLÈBRES → SCISSION EN 2 COLLECTIONS,Érasme,Érasme,https://fr.wikipedia.org/wiki/%C3%89rasme,
AUTEURS CÉLÈBRES → SCISSION EN 2 COLLECTIONS,Luís de Camões,Luís de Camões,https://fr.wikipedia.org/wiki/Lu%C3%ADs_de_Cam%C3%B5es,
AUTEURS CÉLÈBRES → SCISSION EN 2 COLLECTIONS,Lope de Vega,Lope de Vega,https://fr.wikipedia.org/wiki/Lope_de_Vega,
AUTEURS CÉLÈBRES → SCISSION EN 2 COLLECTIONS,Calderón de la Barca,Calderón de la Barca,https://fr.wikipedia.org/wiki/Calder%C3%B3n_de_la_Barca,
AUTEURS CÉLÈBRES → SCISSION EN 2 COLLECTIONS,John Donne,John Donne,https://fr.wikipedia.org/wiki/John_Donne,
AUTEURS CÉLÈBRES → SCISSION EN 2 COLLECTIONS,Matsuo Bashō,Matsuo Bashō,https://fr.wikipedia.org/wiki/Matsuo_Bash%C5%8D,
AUTEURS CÉLÈBRES → SCISSION EN 2 COLLECTIONS,Pierre Corneille,Pierre Corneille,https://fr.wikipedia.org/wiki/Pierre_Corneille,
AUTEURS CÉLÈBRES → SCISSION EN 2 COLLECTIONS,Jean de La Fontaine,Jean de La Fontaine,https://fr.wikipedia.org/wiki/Jean_de_La_Fontaine,
AUTEURS CÉLÈBRES → SCISSION EN 2 COLLECTIONS,Charles Perrault,Charles Perrault,https://fr.wikipedia.org/wiki/Charles_Perrault,
AUTEURS CÉLÈBRES → SCISSION EN 2 COLLECTIONS,Madame de La Fayette,Madame de La Fayette,https://fr.wikipedia.org/wiki/Madame_de_La_Fayette,
AUTEURS CÉLÈBRES → SCISSION EN 2 COLLECTIONS,Beaumarchais,Beaumarchais,https://fr.wikipedia.org/wiki/Beaumarchais,
AUTEURS CÉLÈBRES → SCISSION EN 2 COLLECTIONS,Choderlos de Laclos,Choderlos de Laclos,https://fr.wikipedia.org/wiki/Choderlos_de_Laclos,
AUTEURS CÉLÈBRES → SCISSION EN 2 COLLECTIONS,Marquis de Sade,Marquis de Sade,https://fr.wikipedia.org/wiki/Marquis_de_Sade,
AUTEURS CÉLÈBRES → SCISSION EN 2 COLLECTIONS,Daniel Defoe,Daniel Defoe,https://fr.wikipedia.org/wiki/Daniel_Defoe,
AUTEURS CÉLÈBRES → SCISSION EN 2 COLLECTIONS,Henry Fielding,Henry Fielding,https://fr.wikipedia.org/wiki/Henry_Fielding,
AUTEURS CÉLÈBRES → SCISSION EN 2 COLLECTIONS,Laurence Sterne,Laurence Sterne,https://fr.wikipedia.org/wiki/Laurence_Sterne,
AUTEURS CÉLÈBRES → SCISSION EN 2 COLLECTIONS,Chateaubriand,Chateaubriand,https://fr.wikipedia.org/wiki/Chateaubriand,
AUTEURS CÉLÈBRES → SCISSION EN 2 COLLECTIONS,Alphonse de Lamartine,Alphonse de Lamartine,https://fr.wikipedia.org/wiki/Alphonse_de_Lamartine,
AUTEURS CÉLÈBRES → SCISSION EN 2 COLLECTIONS,Alfred de Musset,Alfred de Musset,https://fr.wikipedia.org/wiki/Alfred_de_Musset,
AUTEURS CÉLÈBRES → SCISSION EN 2 COLLECTIONS,Alfred de Vigny,Alfred de Vigny,https://fr.wikipedia.org/wiki/Alfred_de_Vigny,
AUTEURS CÉLÈBRES → SCISSION EN 2 COLLECTIONS,Théophile Gautier,Théophile Gautier,https://fr.wikipedia.org/wiki/Th%C3%A9ophile_Gautier,
AUTEURS CÉLÈBRES → SCISSION EN 2 COLLECTIONS,Prosper Mérimée,Prosper Mérimée,https://fr.wikipedia.org/wiki/Prosper_M%C3%A9rim%C3%A9e,
AUTEURS CÉLÈBRES → SCISSION EN 2 COLLECTIONS,Lord Byron,Lord Byron,https://fr.wikipedia.org/wiki/Lord_Byron,
AUTEURS CÉLÈBRES → SCISSION EN 2 COLLECTIONS,John Keats,John Keats,https://fr.wikipedia.org/wiki/John_Keats,
AUTEURS CÉLÈBRES → SCISSION EN 2 COLLECTIONS,Percy Bysshe Shelley,Percy Bysshe Shelley,https://fr.wikipedia.org/wiki/Percy_Bysshe_Shelley,
AUTEURS CÉLÈBRES → SCISSION EN 2 COLLECTIONS,William Wordsworth,William Wordsworth,https://fr.wikipedia.org/wiki/William_Wordsworth,
AUTEURS CÉLÈBRES → SCISSION EN 2 COLLECTIONS,George Eliot,George Eliot,https://fr.wikipedia.org/wiki/George_Eliot,
AUTEURS CÉLÈBRES → SCISSION EN 2 COLLECTIONS,Anne Brontë,Anne Brontë,https://fr.wikipedia.org/wiki/Anne_Bront%C3%AB,
AUTEURS CÉLÈBRES → SCISSION EN 2 COLLECTIONS,Heinrich Heine,Heinrich Heine,https://fr.wikipedia.org/wiki/Heinrich_Heine,
AUTEURS CÉLÈBRES → SCISSION EN 2 COLLECTIONS,E.T.A. Hoffmann,E.T.A. Hoffmann,https://fr.wikipedia.org/wiki/E.T.A._Hoffmann,
AUTEURS CÉLÈBRES → SCISSION EN 2 COLLECTIONS,Mikhaïl Lermontov,Mikhaïl Lermontov,https://fr.wikipedia.org/wiki/Mikha%C3%AFl_Lermontov,
AUTEURS CÉLÈBRES → SCISSION EN 2 COLLECTIONS,Alessandro Manzoni,Alessandro Manzoni,https://fr.wikipedia.org/wiki/Alessandro_Manzoni,
AUTEURS CÉLÈBRES → SCISSION EN 2 COLLECTIONS,Machado de Assis,Machado de Assis,https://fr.wikipedia.org/wiki/Machado_de_Assis,
AUTEURS CÉLÈBRES → SCISSION EN 2 COLLECTIONS,Natsume Sōseki,Natsume Sōseki,https://fr.wikipedia.org/wiki/Natsume_S%C5%8Dseki,
AUTEURS CÉLÈBRES → SCISSION EN 2 COLLECTIONS,Joseph Conrad,Joseph Conrad,https://fr.wikipedia.org/wiki/Joseph_Conrad,
AUTEURS CÉLÈBRES → SCISSION EN 2 COLLECTIONS,Jack London,Jack London,https://fr.wikipedia.org/wiki/Jack_London,
AUTEURS CÉLÈBRES → SCISSION EN 2 COLLECTIONS,Antoine de Saint-Exupéry (auteur),Antoine de Saint-Exupéry,https://fr.wikipedia.org/wiki/Antoine_de_Saint-Exup%C3%A9ry,à vérifier
AUTEURS CÉLÈBRES → SCISSION EN 2 COLLECTIONS,André Gide,André Gide,https://fr.wikipedia.org/wiki/Andr%C3%A9_Gide,
AUTEURS CÉLÈBRES → SCISSION EN 2 COLLECTIONS,Louis-Ferdinand Céline,Louis-Ferdinand Céline,https://fr.wikipedia.org/wiki/Louis-Ferdinand_C%C3%A9line,
AUTEURS CÉLÈBRES → SCISSION EN 2 COLLECTIONS,André Malraux,André Malraux,https://fr.wikipedia.org/wiki/Andr%C3%A9_Malraux,
AUTEURS CÉLÈBRES → SCISSION EN 2 COLLECTIONS,François Mauriac,François Mauriac,https://fr.wikipedia.org/wiki/Fran%C3%A7ois_Mauriac,
AUTEURS CÉLÈBRES → SCISSION EN 2 COLLECTIONS,Jean Giono,Jean Giono,https://fr.wikipedia.org/wiki/Jean_Giono,
AUTEURS CÉLÈBRES → SCISSION EN 2 COLLECTIONS,Jean Cocteau,Jean Cocteau,https://fr.wikipedia.org/wiki/Jean_Cocteau,
AUTEURS CÉLÈBRES → SCISSION EN 2 COLLECTIONS,Samuel Beckett,Samuel Beckett,https://fr.wikipedia.org/wiki/Samuel_Beckett,
AUTEURS CÉLÈBRES → SCISSION EN 2 COLLECTIONS,Eugène Ionesco,Eugène Ionesco,https://fr.wikipedia.org/wiki/Eug%C3%A8ne_Ionesco,
AUTEURS CÉLÈBRES → SCISSION EN 2 COLLECTIONS,Jean Genet,Jean Genet,https://fr.wikipedia.org/wiki/Jean_Genet,
AUTEURS CÉLÈBRES → SCISSION EN 2 COLLECTIONS,Nathalie Sarraute,Nathalie Sarraute,https://fr.wikipedia.org/wiki/Nathalie_Sarraute,
AUTEURS CÉLÈBRES → SCISSION EN 2 COLLECTIONS,Alain Robbe-Grillet,Alain Robbe-Grillet,https://fr.wikipedia.org/wiki/Alain_Robbe-Grillet,
AUTEURS CÉLÈBRES → SCISSION EN 2 COLLECTIONS,Michel Tournier,Michel Tournier,https://fr.wikipedia.org/wiki/Michel_Tournier,
AUTEURS CÉLÈBRES → SCISSION EN 2 COLLECTIONS,J.M.G. Le Clézio,J.M.G. Le Clézio,https://fr.wikipedia.org/wiki/J.M.G._Le_Cl%C3%A9zio,
AUTEURS CÉLÈBRES → SCISSION EN 2 COLLECTIONS,Patrick Modiano,Patrick Modiano,https://fr.wikipedia.org/wiki/Patrick_Modiano,
AUTEURS CÉLÈBRES → SCISSION EN 2 COLLECTIONS,Annie Ernaux,Annie Ernaux,https://fr.wikipedia.org/wiki/Annie_Ernaux,
AUTEURS CÉLÈBRES → SCISSION EN 2 COLLECTIONS,Louis Aragon,Louis Aragon,https://fr.wikipedia.org/wiki/Louis_Aragon,
AUTEURS CÉLÈBRES → SCISSION EN 2 COLLECTIONS,Paul Éluard,Paul Éluard,https://fr.wikipedia.org/wiki/Paul_%C3%89luard,
AUTEURS CÉLÈBRES → SCISSION EN 2 COLLECTIONS,Jacques Prévert,Jacques Prévert,https://fr.wikipedia.org/wiki/Jacques_Pr%C3%A9vert,
AUTEURS CÉLÈBRES → SCISSION EN 2 COLLECTIONS,Georges Simenon,Georges Simenon,https://fr.wikipedia.org/wiki/Georges_Simenon,
AUTEURS CÉLÈBRES → SCISSION EN 2 COLLECTIONS,Marcel Pagnol,Marcel Pagnol,https://fr.wikipedia.org/wiki/Marcel_Pagnol,
AUTEURS CÉLÈBRES → SCISSION EN 2 COLLECTIONS,Mikhaïl Boulgakov,Mikhaïl Boulgakov,https://fr.wikipedia.org/wiki/Mikha%C3%AFl_Boulgakov,
AUTEURS CÉLÈBRES → SCISSION EN 2 COLLECTIONS,Alexandre Soljenitsyne,Alexandre Soljenitsyne,https://fr.wikipedia.org/wiki/Alexandre_Soljenitsyne,
AUTEURS CÉLÈBRES → SCISSION EN 2 COLLECTIONS,Boris Pasternak,Boris Pasternak,https://fr.wikipedia.org/wiki/Boris_Pasternak,
AUTEURS CÉLÈBRES → SCISSION EN 2 COLLECTIONS,Maxime Gorki,Maxime Gorki,https://fr.wikipedia.org/wiki/Maxime_Gorki,
AUTEURS CÉLÈBRES → SCISSION EN 2 COLLECTIONS,Vladimir Maïakovski,Vladimir Maïakovski,https://fr.wikipedia.org/wiki/Vladimir_Ma%C3%AFakovski,
AUTEURS CÉLÈBRES → SCISSION EN 2 COLLECTIONS,Anna Akhmatova,Anna Akhmatova,https://fr.wikipedia.org/wiki/Anna_Akhmatova,
AUTEURS CÉLÈBRES → SCISSION EN 2 COLLECTIONS,Bertolt Brecht,Bertolt Brecht,https://fr.wikipedia.org/wiki/Bertolt_Brecht,
AUTEURS CÉLÈBRES → SCISSION EN 2 COLLECTIONS,Stefan Zweig,Stefan Zweig,https://fr.wikipedia.org/wiki/Stefan_Zweig,
AUTEURS CÉLÈBRES → SCISSION EN 2 COLLECTIONS,Günter Grass,Günter Grass,https://fr.wikipedia.org/wiki/G%C3%BCnter_Grass,
AUTEURS CÉLÈBRES → SCISSION EN 2 COLLECTIONS,Erich Maria Remarque,Erich Maria Remarque,https://fr.wikipedia.org/wiki/Erich_Maria_Remarque,
AUTEURS CÉLÈBRES → SCISSION EN 2 COLLECTIONS,Robert Musil,Robert Musil,https://fr.wikipedia.org/wiki/Robert_Musil,
AUTEURS CÉLÈBRES → SCISSION EN 2 COLLECTIONS,Paul Celan,Paul Celan,https://fr.wikipedia.org/wiki/Paul_Celan,
AUTEURS CÉLÈBRES → SCISSION EN 2 COLLECTIONS,J.D. Salinger,J.D. Salinger,https://fr.wikipedia.org/wiki/J.D._Salinger,
AUTEURS CÉLÈBRES → SCISSION EN 2 COLLECTIONS,Harper Lee,Harper Lee,https://fr.wikipedia.org/wiki/Harper_Lee,
AUTEURS CÉLÈBRES → SCISSION EN 2 COLLECTIONS,Jack Kerouac,Jack Kerouac,https://fr.wikipedia.org/wiki/Jack_Kerouac,
AUTEURS CÉLÈBRES → SCISSION EN 2 COLLECTIONS,Cormac McCarthy,Cormac McCarthy,https://fr.wikipedia.org/wiki/Cormac_McCarthy,
AUTEURS CÉLÈBRES → SCISSION EN 2 COLLECTIONS,Philip Roth,Philip Roth,https://fr.wikipedia.org/wiki/Philip_Roth,
AUTEURS CÉLÈBRES → SCISSION EN 2 COLLECTIONS,Saul Bellow,Saul Bellow,https://fr.wikipedia.org/wiki/Saul_Bellow,
AUTEURS CÉLÈBRES → SCISSION EN 2 COLLECTIONS,Truman Capote,Truman Capote,https://fr.wikipedia.org/wiki/Truman_Capote,
AUTEURS CÉLÈBRES → SCISSION EN 2 COLLECTIONS,Tennessee Williams,Tennessee Williams,https://fr.wikipedia.org/wiki/Tennessee_Williams,
AUTEURS CÉLÈBRES → SCISSION EN 2 COLLECTIONS,Arthur Miller,Arthur Miller,https://fr.wikipedia.org/wiki/Arthur_Miller,
AUTEURS CÉLÈBRES → SCISSION EN 2 COLLECTIONS,Eugene O'Neill,Eugene O'Neill,https://fr.wikipedia.org/wiki/Eugene_O'Neill,
AUTEURS CÉLÈBRES → SCISSION EN 2 COLLECTIONS,James Baldwin,James Baldwin,https://fr.wikipedia.org/wiki/James_Baldwin,
AUTEURS CÉLÈBRES → SCISSION EN 2 COLLECTIONS,Sylvia Plath,Sylvia Plath,https://fr.wikipedia.org/wiki/Sylvia_Plath,
AUTEURS CÉLÈBRES → SCISSION EN 2 COLLECTIONS,Robert Frost,Robert Frost,https://fr.wikipedia.org/wiki/Robert_Frost,
AUTEURS CÉLÈBRES → SCISSION EN 2 COLLECTIONS,Langston Hughes,Langston Hughes,https://fr.wikipedia.org/wiki/Langston_Hughes,
AUTEURS CÉLÈBRES → SCISSION EN 2 COLLECTIONS,Graham Greene,Graham Greene,https://fr.wikipedia.org/wiki/Graham_Greene,
AUTEURS CÉLÈBRES → SCISSION EN 2 COLLECTIONS,E.M. Forster,E.M. Forster,https://fr.wikipedia.org/wiki/E.M._Forster,
AUTEURS CÉLÈBRES → SCISSION EN 2 COLLECTIONS,Fernando Pessoa,Fernando Pessoa,https://fr.wikipedia.org/wiki/Fernando_Pessoa,
AUTEURS CÉLÈBRES → SCISSION EN 2 COLLECTIONS,José Saramago,José Saramago,https://fr.wikipedia.org/wiki/Jos%C3%A9_Saramago,
AUTEURS CÉLÈBRES → SCISSION EN 2 COLLECTIONS,Mario Vargas Llosa,Mario Vargas Llosa,https://fr.wikipedia.org/wiki/Mario_Vargas_Llosa,
AUTEURS CÉLÈBRES → SCISSION EN 2 COLLECTIONS,Juan Rulfo,Juan Rulfo,https://fr.wikipedia.org/wiki/Juan_Rulfo,
AUTEURS CÉLÈBRES → SCISSION EN 2 COLLECTIONS,Roberto Bolaño,Roberto Bolaño,https://fr.wikipedia.org/wiki/Roberto_Bola%C3%B1o,
AUTEURS CÉLÈBRES → SCISSION EN 2 COLLECTIONS,Jorge Amado,Jorge Amado,https://fr.wikipedia.org/wiki/Jorge_Amado,
AUTEURS CÉLÈBRES → SCISSION EN 2 COLLECTIONS,Miguel de Unamuno,Miguel de Unamuno,https://fr.wikipedia.org/wiki/Miguel_de_Unamuno,
AUTEURS CÉLÈBRES → SCISSION EN 2 COLLECTIONS,Luigi Pirandello,Luigi Pirandello,https://fr.wikipedia.org/wiki/Luigi_Pirandello,
AUTEURS CÉLÈBRES → SCISSION EN 2 COLLECTIONS,Primo Levi,Primo Levi,https://fr.wikipedia.org/wiki/Primo_Levi,
AUTEURS CÉLÈBRES → SCISSION EN 2 COLLECTIONS,Alberto Moravia,Alberto Moravia,https://fr.wikipedia.org/wiki/Alberto_Moravia,
AUTEURS CÉLÈBRES → SCISSION EN 2 COLLECTIONS,Orhan Pamuk,Orhan Pamuk,https://fr.wikipedia.org/wiki/Orhan_Pamuk,
AUTEURS CÉLÈBRES → SCISSION EN 2 COLLECTIONS,Ismail Kadaré,Ismail Kadaré,https://fr.wikipedia.org/wiki/Ismail_Kadar%C3%A9,
AUTEURS CÉLÈBRES → SCISSION EN 2 COLLECTIONS,Yasunari Kawabata,Yasunari Kawabata,https://fr.wikipedia.org/wiki/Yasunari_Kawabata,
AUTEURS CÉLÈBRES → SCISSION EN 2 COLLECTIONS,Liu Cixin,Liu Cixin,https://fr.wikipedia.org/wiki/Liu_Cixin,
AUTEURS CÉLÈBRES → SCISSION EN 2 COLLECTIONS,Han Kang,Han Kang,https://fr.wikipedia.org/wiki/Han_Kang,
AUTEURS CÉLÈBRES → SCISSION EN 2 COLLECTIONS,Amos Oz,Amos Oz,https://fr.wikipedia.org/wiki/Amos_Oz,
AUTEURS CÉLÈBRES → SCISSION EN 2 COLLECTIONS,Chimamanda Ngozi Adichie,Chimamanda Ngozi Adichie,https://fr.wikipedia.org/wiki/Chimamanda_Ngozi_Adichie,
AUTEURS CÉLÈBRES → SCISSION EN 2 COLLECTIONS,Svetlana Alexievitch,Svetlana Alexievitch,https://fr.wikipedia.org/wiki/Svetlana_Alexievitch,
SCIENTIFIQUES CÉLÈBRES → SCISSION EN 2 COLLECTIONS,Fibonacci,Fibonacci,https://fr.wikipedia.org/wiki/Fibonacci,
SCIENTIFIQUES CÉLÈBRES → SCISSION EN 2 COLLECTIONS,Pierre de Fermat,Pierre de Fermat,https://fr.wikipedia.org/wiki/Pierre_de_Fermat,
SCIENTIFIQUES CÉLÈBRES → SCISSION EN 2 COLLECTIONS,Leonhard Euler,Leonhard Euler,https://fr.wikipedia.org/wiki/Leonhard_Euler,
SCIENTIFIQUES CÉLÈBRES → SCISSION EN 2 COLLECTIONS,Carl Friedrich Gauss,Carl Friedrich Gauss,https://fr.wikipedia.org/wiki/Carl_Friedrich_Gauss,
SCIENTIFIQUES CÉLÈBRES → SCISSION EN 2 COLLECTIONS,Pierre-Simon de Laplace,Pierre-Simon de Laplace,https://fr.wikipedia.org/wiki/Pierre-Simon_de_Laplace,
SCIENTIFIQUES CÉLÈBRES → SCISSION EN 2 COLLECTIONS,Joseph-Louis Lagrange,Joseph-Louis Lagrange,https://fr.wikipedia.org/wiki/Joseph-Louis_Lagrange,
SCIENTIFIQUES CÉLÈBRES → SCISSION EN 2 COLLECTIONS,Joseph Fourier,Joseph Fourier,https://fr.wikipedia.org/wiki/Joseph_Fourier,
SCIENTIFIQUES CÉLÈBRES → SCISSION EN 2 COLLECTIONS,Évariste Galois,Évariste Galois,https://fr.wikipedia.org/wiki/%C3%89variste_Galois,
SCIENTIFIQUES CÉLÈBRES → SCISSION EN 2 COLLECTIONS,Bernhard Riemann,Bernhard Riemann,https://fr.wikipedia.org/wiki/Bernhard_Riemann,
SCIENTIFIQUES CÉLÈBRES → SCISSION EN 2 COLLECTIONS,Georg Cantor,Georg Cantor,https://fr.wikipedia.org/wiki/Georg_Cantor,
SCIENTIFIQUES CÉLÈBRES → SCISSION EN 2 COLLECTIONS,Henri Poincaré,Henri Poincaré,https://fr.wikipedia.org/wiki/Henri_Poincar%C3%A9,
SCIENTIFIQUES CÉLÈBRES → SCISSION EN 2 COLLECTIONS,David Hilbert,David Hilbert,https://fr.wikipedia.org/wiki/David_Hilbert,
SCIENTIFIQUES CÉLÈBRES → SCISSION EN 2 COLLECTIONS,Kurt Gödel,Kurt Gödel,https://fr.wikipedia.org/wiki/Kurt_G%C3%B6del,
SCIENTIFIQUES CÉLÈBRES → SCISSION EN 2 COLLECTIONS,John Forbes Nash,John Forbes Nash,https://fr.wikipedia.org/wiki/John_Forbes_Nash,
SCIENTIFIQUES CÉLÈBRES → SCISSION EN 2 COLLECTIONS,Alexandre Grothendieck,Alexandre Grothendieck,https://fr.wikipedia.org/wiki/Alexandre_Grothendieck,
SCIENTIFIQUES CÉLÈBRES → SCISSION EN 2 COLLECTIONS,Grigori Perelman,Grigori Perelman,https://fr.wikipedia.org/wiki/Grigori_Perelman,
SCIENTIFIQUES CÉLÈBRES → SCISSION EN 2 COLLECTIONS,Tycho Brahe,Tycho Brahe,https://fr.wikipedia.org/wiki/Tycho_Brahe,
SCIENTIFIQUES CÉLÈBRES → SCISSION EN 2 COLLECTIONS,Christiaan Huygens,Christiaan Huygens,https://fr.wikipedia.org/wiki/Christiaan_Huygens,
SCIENTIFIQUES CÉLÈBRES → SCISSION EN 2 COLLECTIONS,Edmond Halley,Edmond Halley,https://fr.wikipedia.org/wiki/Edmond_Halley,
SCIENTIFIQUES CÉLÈBRES → SCISSION EN 2 COLLECTIONS,William Herschel,William Herschel,https://fr.wikipedia.org/wiki/William_Herschel,
SCIENTIFIQUES CÉLÈBRES → SCISSION EN 2 COLLECTIONS,Caroline Herschel,Caroline Herschel,https://fr.wikipedia.org/wiki/Caroline_Herschel,
SCIENTIFIQUES CÉLÈBRES → SCISSION EN 2 COLLECTIONS,Georges Lemaître,Georges Lemaître,https://fr.wikipedia.org/wiki/Georges_Lema%C3%AEtre,
SCIENTIFIQUES CÉLÈBRES → SCISSION EN 2 COLLECTIONS,Arthur Eddington,Arthur Eddington,https://fr.wikipedia.org/wiki/Arthur_Eddington,
SCIENTIFIQUES CÉLÈBRES → SCISSION EN 2 COLLECTIONS,Henrietta Leavitt,Henrietta Leavitt,https://fr.wikipedia.org/wiki/Henrietta_Leavitt,
SCIENTIFIQUES CÉLÈBRES → SCISSION EN 2 COLLECTIONS,Fred Hoyle,Fred Hoyle,https://fr.wikipedia.org/wiki/Fred_Hoyle,
SCIENTIFIQUES CÉLÈBRES → SCISSION EN 2 COLLECTIONS,Robert Boyle,Robert Boyle,https://fr.wikipedia.org/wiki/Robert_Boyle,
SCIENTIFIQUES CÉLÈBRES → SCISSION EN 2 COLLECTIONS,Émilie du Châtelet,Émilie du Châtelet,https://fr.wikipedia.org/wiki/%C3%89milie_du_Ch%C3%A2telet,
SCIENTIFIQUES CÉLÈBRES → SCISSION EN 2 COLLECTIONS,John Dalton,John Dalton,https://fr.wikipedia.org/wiki/John_Dalton,
SCIENTIFIQUES CÉLÈBRES → SCISSION EN 2 COLLECTIONS,Amedeo Avogadro,Amedeo Avogadro,https://fr.wikipedia.org/wiki/Amedeo_Avogadro,
SCIENTIFIQUES CÉLÈBRES → SCISSION EN 2 COLLECTIONS,James Prescott Joule,James Prescott Joule,https://fr.wikipedia.org/wiki/James_Prescott_Joule,
SCIENTIFIQUES CÉLÈBRES → SCISSION EN 2 COLLECTIONS,Lord Kelvin,Lord Kelvin,https://fr.wikipedia.org/wiki/Lord_Kelvin,
SCIENTIFIQUES CÉLÈBRES → SCISSION EN 2 COLLECTIONS,Ludwig Boltzmann,Ludwig Boltzmann,https://fr.wikipedia.org/wiki/Ludwig_Boltzmann,
SCIENTIFIQUES CÉLÈBRES → SCISSION EN 2 COLLECTIONS,Heinrich Hertz,Heinrich Hertz,https://fr.wikipedia.org/wiki/Heinrich_Hertz,
SCIENTIFIQUES CÉLÈBRES → SCISSION EN 2 COLLECTIONS,August Kekulé,August Kekulé,https://fr.wikipedia.org/wiki/August_Kekul%C3%A9,
SCIENTIFIQUES CÉLÈBRES → SCISSION EN 2 COLLECTIONS,Svante Arrhenius,Svante Arrhenius,https://fr.wikipedia.org/wiki/Svante_Arrhenius,
SCIENTIFIQUES CÉLÈBRES → SCISSION EN 2 COLLECTIONS,Fritz Haber,Fritz Haber,https://fr.wikipedia.org/wiki/Fritz_Haber,
SCIENTIFIQUES CÉLÈBRES → SCISSION EN 2 COLLECTIONS,Louis de Broglie,Louis de Broglie,https://fr.wikipedia.org/wiki/Louis_de_Broglie,
SCIENTIFIQUES CÉLÈBRES → SCISSION EN 2 COLLECTIONS,Wolfgang Pauli,Wolfgang Pauli,https://fr.wikipedia.org/wiki/Wolfgang_Pauli,
SCIENTIFIQUES CÉLÈBRES → SCISSION EN 2 COLLECTIONS,Max Born,Max Born,https://fr.wikipedia.org/wiki/Max_Born,
SCIENTIFIQUES CÉLÈBRES → SCISSION EN 2 COLLECTIONS,Murray Gell-Mann,Murray Gell-Mann,https://fr.wikipedia.org/wiki/Murray_Gell-Mann,
SCIENTIFIQUES CÉLÈBRES → SCISSION EN 2 COLLECTIONS,Andreï Sakharov,Andreï Sakharov,https://fr.wikipedia.org/wiki/Andre%C3%AF_Sakharov,
SCIENTIFIQUES CÉLÈBRES → SCISSION EN 2 COLLECTIONS,André Vésale,André Vésale,https://fr.wikipedia.org/wiki/Andr%C3%A9_V%C3%A9sale,
SCIENTIFIQUES CÉLÈBRES → SCISSION EN 2 COLLECTIONS,Ambroise Paré,Ambroise Paré,https://fr.wikipedia.org/wiki/Ambroise_Par%C3%A9,
SCIENTIFIQUES CÉLÈBRES → SCISSION EN 2 COLLECTIONS,William Harvey,William Harvey,https://fr.wikipedia.org/wiki/William_Harvey,
SCIENTIFIQUES CÉLÈBRES → SCISSION EN 2 COLLECTIONS,Jean-Baptiste de Lamarck,Jean-Baptiste de Lamarck,https://fr.wikipedia.org/wiki/Jean-Baptiste_de_Lamarck,
SCIENTIFIQUES CÉLÈBRES → SCISSION EN 2 COLLECTIONS,Georges Cuvier,Georges Cuvier,https://fr.wikipedia.org/wiki/Georges_Cuvier,
SCIENTIFIQUES CÉLÈBRES → SCISSION EN 2 COLLECTIONS,Alfred Russel Wallace,Alfred Russel Wallace,https://fr.wikipedia.org/wiki/Alfred_Russel_Wallace,
SCIENTIFIQUES CÉLÈBRES → SCISSION EN 2 COLLECTIONS,Ignace Philippe Semmelweis,Ignace Philippe Semmelweis,https://fr.wikipedia.org/wiki/Ignace_Philippe_Semmelweis,
SCIENTIFIQUES CÉLÈBRES → SCISSION EN 2 COLLECTIONS,Paul Ehrlich,Paul Ehrlich,https://fr.wikipedia.org/wiki/Paul_Ehrlich,
SCIENTIFIQUES CÉLÈBRES → SCISSION EN 2 COLLECTIONS,Jonas Salk,Jonas Salk,https://fr.wikipedia.org/wiki/Jonas_Salk,
SCIENTIFIQUES CÉLÈBRES → SCISSION EN 2 COLLECTIONS,Frederick Banting,Frederick Banting,https://fr.wikipedia.org/wiki/Frederick_Banting,
SCIENTIFIQUES CÉLÈBRES → SCISSION EN 2 COLLECTIONS,Frederick Sanger,Frederick Sanger,https://fr.wikipedia.org/wiki/Frederick_Sanger,
SCIENTIFIQUES CÉLÈBRES → SCISSION EN 2 COLLECTIONS,Lynn Margulis,Lynn Margulis,https://fr.wikipedia.org/wiki/Lynn_Margulis,
SCIENTIFIQUES CÉLÈBRES → SCISSION EN 2 COLLECTIONS,Richard Dawkins,Richard Dawkins,https://fr.wikipedia.org/wiki/Richard_Dawkins,
SCIENTIFIQUES CÉLÈBRES → SCISSION EN 2 COLLECTIONS,Edward Osborne Wilson,Edward Osborne Wilson,https://fr.wikipedia.org/wiki/Edward_Osborne_Wilson,
SCIENTIFIQUES CÉLÈBRES → SCISSION EN 2 COLLECTIONS,Alfred Wegener,Alfred Wegener,https://fr.wikipedia.org/wiki/Alfred_Wegener,
SCIENTIFIQUES CÉLÈBRES → SCISSION EN 2 COLLECTIONS,James Hutton,James Hutton,https://fr.wikipedia.org/wiki/James_Hutton,
SCIENTIFIQUES CÉLÈBRES → SCISSION EN 2 COLLECTIONS,Charles Lyell,Charles Lyell,https://fr.wikipedia.org/wiki/Charles_Lyell,
SCIENTIFIQUES CÉLÈBRES → SCISSION EN 2 COLLECTIONS,Marie Tharp,Marie Tharp,https://fr.wikipedia.org/wiki/Marie_Tharp,
SCIENTIFIQUES CÉLÈBRES → SCISSION EN 2 COLLECTIONS,Claude Shannon,Claude Shannon,https://fr.wikipedia.org/wiki/Claude_Shannon,
SCIENTIFIQUES CÉLÈBRES → SCISSION EN 2 COLLECTIONS,Norbert Wiener,Norbert Wiener,https://fr.wikipedia.org/wiki/Norbert_Wiener,
SCIENTIFIQUES CÉLÈBRES → SCISSION EN 2 COLLECTIONS,Donald Knuth,Donald Knuth,https://fr.wikipedia.org/wiki/Donald_Knuth,
SCIENTIFIQUES CÉLÈBRES → SCISSION EN 2 COLLECTIONS,Vint Cerf,Vint Cerf,https://fr.wikipedia.org/wiki/Vint_Cerf,
SCIENTIFIQUES CÉLÈBRES → SCISSION EN 2 COLLECTIONS,Léonard de Vinci (inventeur),Léonard de Vinci,https://fr.wikipedia.org/wiki/L%C3%A9onard_de_Vinci,à vérifier
SCIENTIFIQUES CÉLÈBRES → SCISSION EN 2 COLLECTIONS,Johannes Gutenberg,Johannes Gutenberg,https://fr.wikipedia.org/wiki/Johannes_Gutenberg,
SCIENTIFIQUES CÉLÈBRES → SCISSION EN 2 COLLECTIONS,Denis Papin,Denis Papin,https://fr.wikipedia.org/wiki/Denis_Papin,
SCIENTIFIQUES CÉLÈBRES → SCISSION EN 2 COLLECTIONS,Thomas Newcomen,Thomas Newcomen,https://fr.wikipedia.org/wiki/Thomas_Newcomen,
SCIENTIFIQUES CÉLÈBRES → SCISSION EN 2 COLLECTIONS,James Watt,James Watt,https://fr.wikipedia.org/wiki/James_Watt,
SCIENTIFIQUES CÉLÈBRES → SCISSION EN 2 COLLECTIONS,Frères Montgolfier,Frères Montgolfier,https://fr.wikipedia.org/wiki/Fr%C3%A8res_Montgolfier,à vérifier
SCIENTIFIQUES CÉLÈBRES → SCISSION EN 2 COLLECTIONS,Richard Trevithick,Richard Trevithick,https://fr.wikipedia.org/wiki/Richard_Trevithick,
SCIENTIFIQUES CÉLÈBRES → SCISSION EN 2 COLLECTIONS,George Stephenson,George Stephenson,https://fr.wikipedia.org/wiki/George_Stephenson,
SCIENTIFIQUES CÉLÈBRES → SCISSION EN 2 COLLECTIONS,Robert Fulton,Robert Fulton,https://fr.wikipedia.org/wiki/Robert_Fulton,
SCIENTIFIQUES CÉLÈBRES → SCISSION EN 2 COLLECTIONS,Isambard Kingdom Brunel,Isambard Kingdom Brunel,https://fr.wikipedia.org/wiki/Isambard_Kingdom_Brunel,
SCIENTIFIQUES CÉLÈBRES → SCISSION EN 2 COLLECTIONS,Ferdinand de Lesseps,Ferdinand de Lesseps,https://fr.wikipedia.org/wiki/Ferdinand_de_Lesseps,
SCIENTIFIQUES CÉLÈBRES → SCISSION EN 2 COLLECTIONS,Samuel Morse,Samuel Morse,https://fr.wikipedia.org/wiki/Samuel_Morse,
SCIENTIFIQUES CÉLÈBRES → SCISSION EN 2 COLLECTIONS,Nicéphore Niépce,Nicéphore Niépce,https://fr.wikipedia.org/wiki/Nic%C3%A9phore_Ni%C3%A9pce,
SCIENTIFIQUES CÉLÈBRES → SCISSION EN 2 COLLECTIONS,Louis Daguerre,Louis Daguerre,https://fr.wikipedia.org/wiki/Louis_Daguerre,
SCIENTIFIQUES CÉLÈBRES → SCISSION EN 2 COLLECTIONS,Elisha Otis,Elisha Otis,https://fr.wikipedia.org/wiki/Elisha_Otis,
SCIENTIFIQUES CÉLÈBRES → SCISSION EN 2 COLLECTIONS,Isaac Singer,Isaac Singer,https://fr.wikipedia.org/wiki/Isaac_Singer,
SCIENTIFIQUES CÉLÈBRES → SCISSION EN 2 COLLECTIONS,Ferdinand von Zeppelin,Ferdinand von Zeppelin,https://fr.wikipedia.org/wiki/Ferdinand_von_Zeppelin,
SCIENTIFIQUES CÉLÈBRES → SCISSION EN 2 COLLECTIONS,Frères Lumière,Auguste et Louis Lumière,https://fr.wikipedia.org/wiki/Auguste_et_Louis_Lumi%C3%A8re,à vérifier
SCIENTIFIQUES CÉLÈBRES → SCISSION EN 2 COLLECTIONS,Willis Carrier,Willis Carrier,https://fr.wikipedia.org/wiki/Willis_Carrier,
SCIENTIFIQUES CÉLÈBRES → SCISSION EN 2 COLLECTIONS,John Logie Baird,John Logie Baird,https://fr.wikipedia.org/wiki/John_Logie_Baird,
SCIENTIFIQUES CÉLÈBRES → SCISSION EN 2 COLLECTIONS,Vladimir Zvorykine,Vladimir Zvorykine,https://fr.wikipedia.org/wiki/Vladimir_Zvorykine,
SCIENTIFIQUES CÉLÈBRES → SCISSION EN 2 COLLECTIONS,Frank Whittle,Frank Whittle,https://fr.wikipedia.org/wiki/Frank_Whittle,
SCIENTIFIQUES CÉLÈBRES → SCISSION EN 2 COLLECTIONS,Sergueï Korolev,Sergueï Korolev,https://fr.wikipedia.org/wiki/Sergue%C3%AF_Korolev,
SCIENTIFIQUES CÉLÈBRES → SCISSION EN 2 COLLECTIONS,Percy Spencer,Percy Spencer,https://fr.wikipedia.org/wiki/Percy_Spencer,
SCIENTIFIQUES CÉLÈBRES → SCISSION EN 2 COLLECTIONS,Jack Kilby,Jack Kilby,https://fr.wikipedia.org/wiki/Jack_Kilby,
SCIENTIFIQUES CÉLÈBRES → SCISSION EN 2 COLLECTIONS,Robert Noyce,Robert Noyce,https://fr.wikipedia.org/wiki/Robert_Noyce,
SCIENTIFIQUES CÉLÈBRES → SCISSION EN 2 COLLECTIONS,Gordon Moore,Gordon Moore,https://fr.wikipedia.org/wiki/Gordon_Moore,
SCIENTIFIQUES CÉLÈBRES → SCISSION EN 2 COLLECTIONS,Douglas Engelbart,Douglas Engelbart,https://fr.wikipedia.org/wiki/Douglas_Engelbart,
SCIENTIFIQUES CÉLÈBRES → SCISSION EN 2 COLLECTIONS,Steve Wozniak,Steve Wozniak,https://fr.wikipedia.org/wiki/Steve_Wozniak,
SCIENTIFIQUES CÉLÈBRES → SCISSION EN 2 COLLECTIONS,Linus Torvalds,Linus Torvalds,https://fr.wikipedia.org/wiki/Linus_Torvalds,
SCIENTIFIQUES CÉLÈBRES → SCISSION EN 2 COLLECTIONS,Shuji Nakamura,Shuji Nakamura,https://fr.wikipedia.org/wiki/Shuji_Nakamura,
GRANDS PEINTRES,Léonard de Vinci (peintre),Léonard de Vinci,https://fr.wikipedia.org/wiki/L%C3%A9onard_de_Vinci,à vérifier
GRANDS PEINTRES,Jan van Eyck,Jan van Eyck,https://fr.wikipedia.org/wiki/Jan_van_Eyck,
GRANDS PEINTRES,Albrecht Dürer,Albrecht Dürer,https://fr.wikipedia.org/wiki/Albrecht_D%C3%BCrer,
GRANDS PEINTRES,Hans Holbein le Jeune,Hans Holbein le Jeune,https://fr.wikipedia.org/wiki/Hans_Holbein_le_Jeune,
GRANDS PEINTRES,Fra Angelico,Fra Angelico,https://fr.wikipedia.org/wiki/Fra_Angelico,
GRANDS PEINTRES,Masaccio,Masaccio,https://fr.wikipedia.org/wiki/Masaccio,
GRANDS PEINTRES,Piero della Francesca,Piero della Francesca,https://fr.wikipedia.org/wiki/Piero_della_Francesca,
GRANDS PEINTRES,Andrea Mantegna,Andrea Mantegna,https://fr.wikipedia.org/wiki/Andrea_Mantegna,
GRANDS PEINTRES,Giorgione,Giorgione,https://fr.wikipedia.org/wiki/Giorgione,
GRANDS PEINTRES,Le Tintoret,Le Tintoret,https://fr.wikipedia.org/wiki/Le_Tintoret,
GRANDS PEINTRES,Véronèse,Véronèse,https://fr.wikipedia.org/wiki/V%C3%A9ron%C3%A8se,
GRANDS PEINTRES,Georges de La Tour,Georges de La Tour,https://fr.wikipedia.org/wiki/Georges_de_La_Tour,
GRANDS PEINTRES,Jean Siméon Chardin,Jean Siméon Chardin,https://fr.wikipedia.org/wiki/Jean_Sim%C3%A9on_Chardin,
GRANDS PEINTRES,Théodore Géricault,Théodore Géricault,https://fr.wikipedia.org/wiki/Th%C3%A9odore_G%C3%A9ricault,
GRANDS PEINTRES,Jean-Auguste-Dominique Ingres,Jean-Auguste-Dominique Ingres,https://fr.wikipedia.org/wiki/Jean-Auguste-Dominique_Ingres,
GRANDS PEINTRES,Camille Corot,Camille Corot,https://fr.wikipedia.org/wiki/Camille_Corot,
GRANDS PEINTRES,Jean-François Millet,Jean-François Millet,https://fr.wikipedia.org/wiki/Jean-Fran%C3%A7ois_Millet,
GRANDS PEINTRES,Alfred Sisley,Alfred Sisley,https://fr.wikipedia.org/wiki/Alfred_Sisley,
GRANDS PEINTRES,Gustave Caillebotte,Gustave Caillebotte,https://fr.wikipedia.org/wiki/Gustave_Caillebotte,
GRANDS PEINTRES,Mary Cassatt,Mary Cassatt,https://fr.wikipedia.org/wiki/Mary_Cassatt,
GRANDS PEINTRES,Paul Signac,Paul Signac,https://fr.wikipedia.org/wiki/Paul_Signac,
GRANDS PEINTRES,Henri Rousseau,Henri Rousseau,https://fr.wikipedia.org/wiki/Henri_Rousseau,
GRANDS PEINTRES,Odilon Redon,Odilon Redon,https://fr.wikipedia.org/wiki/Odilon_Redon,
GRANDS PEINTRES,James Abbott McNeill Whistler,James Abbott McNeill Whistler,https://fr.wikipedia.org/wiki/James_Abbott_McNeill_Whistler,
GRANDS PEINTRES,John Singer Sargent,John Singer Sargent,https://fr.wikipedia.org/wiki/John_Singer_Sargent,
GRANDS PEINTRES,Winslow Homer,Winslow Homer,https://fr.wikipedia.org/wiki/Winslow_Homer,
GRANDS PEINTRES,Ilia Répine,Ilia Répine,https://fr.wikipedia.org/wiki/Ilia_R%C3%A9pine,
GRANDS PEINTRES,Ivan Aïvazovski,Ivan Aïvazovski,https://fr.wikipedia.org/wiki/Ivan_A%C3%AFvazovski,
GRANDS PEINTRES,Joaquín Sorolla,Joaquín Sorolla,https://fr.wikipedia.org/wiki/Joaqu%C3%ADn_Sorolla,
GRANDS PEINTRES,Kazimir Malevitch,Kazimir Malevitch,https://fr.wikipedia.org/wiki/Kazimir_Malevitch,
GRANDS PEINTRES,Giorgio de Chirico,Giorgio de Chirico,https://fr.wikipedia.org/wiki/Giorgio_de_Chirico,
GRANDS PEINTRES,Max Ernst,Max Ernst,https://fr.wikipedia.org/wiki/Max_Ernst,
GRANDS PEINTRES,Otto Dix,Otto Dix,https://fr.wikipedia.org/wiki/Otto_Dix,
GRANDS PEINTRES,Fernand Léger,Fernand Léger,https://fr.wikipedia.org/wiki/Fernand_L%C3%A9ger,
GRANDS PEINTRES,Robert Delaunay,Robert Delaunay,https://fr.wikipedia.org/wiki/Robert_Delaunay,
GRANDS PEINTRES,Sonia Delaunay,Sonia Delaunay,https://fr.wikipedia.org/wiki/Sonia_Delaunay,
GRANDS PEINTRES,Hilma af Klint,Hilma af Klint,https://fr.wikipedia.org/wiki/Hilma_af_Klint,
GRANDS PEINTRES,Alphonse Mucha,Alphonse Mucha,https://fr.wikipedia.org/wiki/Alphonse_Mucha,
GRANDS PEINTRES,Grant Wood,Grant Wood,https://fr.wikipedia.org/wiki/Grant_Wood,
GRANDS PEINTRES,Nicolas de Staël,Nicolas de Staël,https://fr.wikipedia.org/wiki/Nicolas_de_Sta%C3%ABl,
GRANDS PEINTRES,Pierre Soulages,Pierre Soulages,https://fr.wikipedia.org/wiki/Pierre_Soulages,
GRANDS PEINTRES,Yves Klein,Yves Klein,https://fr.wikipedia.org/wiki/Yves_Klein,
GRANDS PEINTRES,Roy Lichtenstein,Roy Lichtenstein,https://fr.wikipedia.org/wiki/Roy_Lichtenstein,
GRANDS PEINTRES,Willem de Kooning,Willem de Kooning,https://fr.wikipedia.org/wiki/Willem_de_Kooning,
GRANDS PEINTRES,Jean Dubuffet,Jean Dubuffet,https://fr.wikipedia.org/wiki/Jean_Dubuffet,
GRANDS PEINTRES,Gerhard Richter,Gerhard Richter,https://fr.wikipedia.org/wiki/Gerhard_Richter,
GRANDS PEINTRES,Anselm Kiefer,Anselm Kiefer,https://fr.wikipedia.org/wiki/Anselm_Kiefer,
GRANDS PEINTRES,Yayoi Kusama,Yayoi Kusama,https://fr.wikipedia.org/wiki/Yayoi_Kusama,
GRANDS PEINTRES,Takashi Murakami,Takashi Murakami,https://fr.wikipedia.org/wiki/Takashi_Murakami,
GRANDS PEINTRES,Zao Wou-Ki,Zao Wou-Ki,https://fr.wikipedia.org/wiki/Zao_Wou-Ki,
TABLEAUX CÉLÈBRES,L'Agneau mystique,L'Agneau mystique,https://fr.wikipedia.org/wiki/L'Agneau_mystique,
TABLEAUX CÉLÈBRES,Le Printemps,Le Printemps,https://fr.wikipedia.org/wiki/Le_Printemps,
TABLEAUX CÉLÈBRES,La Dame à l'hermine,La Dame à l'hermine,https://fr.wikipedia.org/wiki/La_Dame_%C3%A0_l'hermine,
TABLEAUX CÉLÈBRES,La Vierge aux rochers,La Vierge aux rochers,https://fr.wikipedia.org/wiki/La_Vierge_aux_rochers,
TABLEAUX CÉLÈBRES,Melencolia I,Melencolia I,https://fr.wikipedia.org/wiki/Melencolia_I,
TABLEAUX CÉLÈBRES,Les Ambassadeurs,Les Ambassadeurs,https://fr.wikipedia.org/wiki/Les_Ambassadeurs,
TABLEAUX CÉLÈBRES,La Tempête,La Tempête,https://fr.wikipedia.org/wiki/La_Temp%C3%AAte,
TABLEAUX CÉLÈBRES,Les Noces de Cana,Les Noces de Cana,https://fr.wikipedia.org/wiki/Les_Noces_de_Cana,
TABLEAUX CÉLÈBRES,Le Christ mort,Le Christ mort,https://fr.wikipedia.org/wiki/Le_Christ_mort,
TABLEAUX CÉLÈBRES,La Leçon d'anatomie du docteur Tulp,La Leçon d'anatomie du docteur Tulp,https://fr.wikipedia.org/wiki/La_Le%C3%A7on_d'anatomie_du_docteur_Tulp,
TABLEAUX CÉLÈBRES,La Vénus au miroir,La Vénus au miroir,https://fr.wikipedia.org/wiki/La_V%C3%A9nus_au_miroir,
TABLEAUX CÉLÈBRES,La Reddition de Breda,La Reddition de Breda,https://fr.wikipedia.org/wiki/La_Reddition_de_Breda,
TABLEAUX CÉLÈBRES,Le Tricheur à l'as de carreau,Le Tricheur à l'as de carreau,https://fr.wikipedia.org/wiki/Le_Tricheur_%C3%A0_l'as_de_carreau,
TABLEAUX CÉLÈBRES,La Descente de croix,La Descente de croix,https://fr.wikipedia.org/wiki/La_Descente_de_croix,
TABLEAUX CÉLÈBRES,Les Trois Grâces,Les Trois Grâces,https://fr.wikipedia.org/wiki/Les_Trois_Gr%C3%A2ces,
TABLEAUX CÉLÈBRES,L'Enlèvement des Sabines,L'Enlèvement des Sabines,https://fr.wikipedia.org/wiki/L'Enl%C3%A8vement_des_Sabines,
TABLEAUX CÉLÈBRES,Le Serment des Horaces,Le Serment des Horaces,https://fr.wikipedia.org/wiki/Le_Serment_des_Horaces,
TABLEAUX CÉLÈBRES,La Mort de Marat,La Mort de Marat,https://fr.wikipedia.org/wiki/La_Mort_de_Marat,
TABLEAUX CÉLÈBRES,Le Sacre de Napoléon,Le Sacre de Napoléon,https://fr.wikipedia.org/wiki/Le_Sacre_de_Napol%C3%A9on,
TABLEAUX CÉLÈBRES,La Grande Odalisque,La Grande Odalisque,https://fr.wikipedia.org/wiki/La_Grande_Odalisque,
TABLEAUX CÉLÈBRES,Le Bain turc,Le Bain turc,https://fr.wikipedia.org/wiki/Le_Bain_turc,
TABLEAUX CÉLÈBRES,Le Voyageur contemplant une mer de nuages,Le Voyageur contemplant une mer de nuages,https://fr.wikipedia.org/wiki/Le_Voyageur_contemplant_une_mer_de_nuages,
TABLEAUX CÉLÈBRES,Le Cauchemar,Le Cauchemar,https://fr.wikipedia.org/wiki/Le_Cauchemar,
TABLEAUX CÉLÈBRES,Washington traversant le Delaware,Washington traversant le Delaware,https://fr.wikipedia.org/wiki/Washington_traversant_le_Delaware,
TABLEAUX CÉLÈBRES,L'Angélus,L'Angélus,https://fr.wikipedia.org/wiki/L'Ang%C3%A9lus,
TABLEAUX CÉLÈBRES,Des glaneuses,Des glaneuses,https://fr.wikipedia.org/wiki/Des_glaneuses,
TABLEAUX CÉLÈBRES,Un enterrement à Ornans,Un enterrement à Ornans,https://fr.wikipedia.org/wiki/Un_enterrement_%C3%A0_Ornans,
TABLEAUX CÉLÈBRES,Arrangement en gris et noir n°1,Arrangement en gris et noir n°1,https://fr.wikipedia.org/wiki/Arrangement_en_gris_et_noir_n%C2%B01,à vérifier
TABLEAUX CÉLÈBRES,Les Raboteurs de parquet,Les Raboteurs de parquet,https://fr.wikipedia.org/wiki/Les_Raboteurs_de_parquet,
TABLEAUX CÉLÈBRES,Le Déjeuner des canotiers,Le Déjeuner des canotiers,https://fr.wikipedia.org/wiki/Le_D%C3%A9jeuner_des_canotiers,
TABLEAUX CÉLÈBRES,Un bar aux Folies Bergère,Un bar aux Folies Bergère,https://fr.wikipedia.org/wiki/Un_bar_aux_Folies_Berg%C3%A8re,
TABLEAUX CÉLÈBRES,La Classe de danse,La Classe de danse,https://fr.wikipedia.org/wiki/La_Classe_de_danse,
TABLEAUX CÉLÈBRES,L'Absinthe,L'Absinthe,https://fr.wikipedia.org/wiki/L'Absinthe,
TABLEAUX CÉLÈBRES,La Cathédrale de Rouen,La Cathédrale de Rouen,https://fr.wikipedia.org/wiki/La_Cath%C3%A9drale_de_Rouen,
TABLEAUX CÉLÈBRES,Les Joueurs de cartes,Les Joueurs de cartes,https://fr.wikipedia.org/wiki/Les_Joueurs_de_cartes,
TABLEAUX CÉLÈBRES,La Montagne Sainte-Victoire,La Montagne Sainte-Victoire,https://fr.wikipedia.org/wiki/La_Montagne_Sainte-Victoire,
TABLEAUX CÉLÈBRES,Les Mangeurs de pommes de terre,Les Mangeurs de pommes de terre,https://fr.wikipedia.org/wiki/Les_Mangeurs_de_pommes_de_terre,
TABLEAUX CÉLÈBRES,Le Café de nuit,Le Café de nuit,https://fr.wikipedia.org/wiki/Le_Caf%C3%A9_de_nuit,
TABLEAUX CÉLÈBRES,D'où venons-nous ? Que sommes-nous ? Où allons-nous ?,D'où venons-nous ? Que sommes-nous ? Où allons-nous ?,https://fr.wikipedia.org/wiki/D'o%C3%B9_venons-nous_%3F_Que_sommes-nous_%3F_O%C3%B9_allons-nous_%3F,
TABLEAUX CÉLÈBRES,La Danse,La Danse,https://fr.wikipedia.org/wiki/La_Danse,
TABLEAUX CÉLÈBRES,Carré noir sur fond blanc,Carré noir sur fond blanc,https://fr.wikipedia.org/wiki/Carr%C3%A9_noir_sur_fond_blanc,
TABLEAUX CÉLÈBRES,Nu descendant un escalier n°2,Nu descendant un escalier n°2,https://fr.wikipedia.org/wiki/Nu_descendant_un_escalier_n%C2%B02,
TABLEAUX CÉLÈBRES,La Trahison des images,La Trahison des images,https://fr.wikipedia.org/wiki/La_Trahison_des_images,
TABLEAUX CÉLÈBRES,Golconde,Golconde,https://fr.wikipedia.org/wiki/Golconde,
TABLEAUX CÉLÈBRES,La Femme qui pleure,La Femme qui pleure,https://fr.wikipedia.org/wiki/La_Femme_qui_pleure,
TABLEAUX CÉLÈBRES,Les Trois Musiciens,Les Trois Musiciens,https://fr.wikipedia.org/wiki/Les_Trois_Musiciens,
TABLEAUX CÉLÈBRES,Le Rêve,Le Rêve,https://fr.wikipedia.org/wiki/Le_R%C3%AAve,
TABLEAUX CÉLÈBRES,La Ville qui monte,La Ville qui monte,https://fr.wikipedia.org/wiki/La_Ville_qui_monte,
TABLEAUX CÉLÈBRES,Marilyn Diptych,Marilyn Diptych,https://fr.wikipedia.org/wiki/Marilyn_Diptych,
TABLEAUX CÉLÈBRES,Whaam!,Whaam!,https://fr.wikipedia.org/wiki/Whaam!,
TABLEAUX CÉLÈBRES,Drowning Girl,Drowning Girl,https://fr.wikipedia.org/wiki/Drowning_Girl,
TABLEAUX CÉLÈBRES,No. 61 (Rust and Blue),No. 61 (Rust and Blue),https://fr.wikipedia.org/wiki/No._61_(Rust_and_Blue),à vérifier
TABLEAUX CÉLÈBRES,Autoportrait au collier d'épines,Autoportrait au collier d'épines,https://fr.wikipedia.org/wiki/Autoportrait_au_collier_d'%C3%A9pines,
TABLEAUX CÉLÈBRES,Trois études de figures au pied d'une crucifixion,Trois études de figures au pied d'une crucifixion,https://fr.wikipedia.org/wiki/Trois_%C3%A9tudes_de_figures_au_pied_d'une_crucifixion,
TABLEAUX CÉLÈBRES,Un plus grand plongeon,Un plus grand plongeon,https://fr.wikipedia.org/wiki/Un_plus_grand_plongeon,
INVENTIONS IMPORTANTES,Maîtrise du feu,Maîtrise du feu,https://fr.wikipedia.org/wiki/Ma%C3%AEtrise_du_feu,
INVENTIONS IMPORTANTES,Outil de pierre taillée,Outil de pierre taillée,https://fr.wikipedia.org/wiki/Outil_de_pierre_taill%C3%A9e,
INVENTIONS IMPORTANTES,Poterie,Poterie,https://fr.wikipedia.org/wiki/Poterie,
INVENTIONS IMPORTANTES,Arc (arme),Arc (arme),https://fr.wikipedia.org/wiki/Arc_(arme),à vérifier
INVENTIONS IMPORTANTES,Métallurgie du bronze,Métallurgie du bronze,https://fr.wikipedia.org/wiki/M%C3%A9tallurgie_du_bronze,
INVENTIONS IMPORTANTES,Verre,Verre,https://fr.wikipedia.org/wiki/Verre,à vérifier
INVENTIONS IMPORTANTES,Monnaie,Monnaie,https://fr.wikipedia.org/wiki/Monnaie,à vérifier
INVENTIONS IMPORTANTES,Charrue,Charrue,https://fr.wikipedia.org/wiki/Charrue,
INVENTIONS IMPORTANTES,Voile (navigation),Voile (navigation),https://fr.wikipedia.org/wiki/Voile_(navigation),à vérifier
INVENTIONS IMPORTANTES,Aqueduc,Aqueduc,https://fr.wikipedia.org/wiki/Aqueduc,
INVENTIONS IMPORTANTES,Acier,Acier,https://fr.wikipedia.org/wiki/Acier,à vérifier
INVENTIONS IMPORTANTES,Horloge mécanique,Horloge mécanique,https://fr.wikipedia.org/wiki/Horloge_m%C3%A9canique,
INVENTIONS IMPORTANTES,Lunettes de vue,Lunettes de vue,https://fr.wikipedia.org/wiki/Lunettes_de_vue,
INVENTIONS IMPORTANTES,Moulin à eau,Moulin à eau,https://fr.wikipedia.org/wiki/Moulin_%C3%A0_eau,
INVENTIONS IMPORTANTES,Étrier,Étrier,https://fr.wikipedia.org/wiki/%C3%89trier,
INVENTIONS IMPORTANTES,Gouvernail d'étambot,Gouvernail d'étambot,https://fr.wikipedia.org/wiki/Gouvernail_d'%C3%A9tambot,
INVENTIONS IMPORTANTES,Thermomètre,Thermomètre,https://fr.wikipedia.org/wiki/Thermom%C3%A8tre,
INVENTIONS IMPORTANTES,Baromètre,Baromètre,https://fr.wikipedia.org/wiki/Barom%C3%A8tre,
INVENTIONS IMPORTANTES,Sextant,Sextant,https://fr.wikipedia.org/wiki/Sextant,
INVENTIONS IMPORTANTES,Machine à coudre,Machine à coudre,https://fr.wikipedia.org/wiki/Machine_%C3%A0_coudre,
INVENTIONS IMPORTANTES,Conserve alimentaire,Conserve alimentaire,https://fr.wikipedia.org/wiki/Conserve_alimentaire,
INVENTIONS IMPORTANTES,Pasteurisation,Pasteurisation,https://fr.wikipedia.org/wiki/Pasteurisation,
INVENTIONS IMPORTANTES,Locomotive à vapeur,Locomotive à vapeur,https://fr.wikipedia.org/wiki/Locomotive_%C3%A0_vapeur,
INVENTIONS IMPORTANTES,Chemin de fer,Chemin de fer,https://fr.wikipedia.org/wiki/Chemin_de_fer,
INVENTIONS IMPORTANTES,Bateau à vapeur,Bateau à vapeur,https://fr.wikipedia.org/wiki/Bateau_%C3%A0_vapeur,
INVENTIONS IMPORTANTES,Sous-marin,Sous-marin,https://fr.wikipedia.org/wiki/Sous-marin,
INVENTIONS IMPORTANTES,Hélicoptère,Hélicoptère,https://fr.wikipedia.org/wiki/H%C3%A9licopt%C3%A8re,
INVENTIONS IMPORTANTES,Turboréacteur,Turboréacteur,https://fr.wikipedia.org/wiki/Turbor%C3%A9acteur,
INVENTIONS IMPORTANTES,Montgolfière,Montgolfière,https://fr.wikipedia.org/wiki/Montgolfi%C3%A8re,
INVENTIONS IMPORTANTES,Parachute,Parachute,https://fr.wikipedia.org/wiki/Parachute,
INVENTIONS IMPORTANTES,Dynamite,Dynamite,https://fr.wikipedia.org/wiki/Dynamite,
INVENTIONS IMPORTANTES,Bakélite,Bakélite,https://fr.wikipedia.org/wiki/Bak%C3%A9lite,
INVENTIONS IMPORTANTES,Nylon,Nylon,https://fr.wikipedia.org/wiki/Nylon,
INVENTIONS IMPORTANTES,Vulcanisation,Vulcanisation,https://fr.wikipedia.org/wiki/Vulcanisation,
INVENTIONS IMPORTANTES,Procédé Haber-Bosch,Procédé Haber-Bosch,https://fr.wikipedia.org/wiki/Proc%C3%A9d%C3%A9_Haber-Bosch,
INVENTIONS IMPORTANTES,Procédé Hall-Héroult,Procédé Hall-Héroult,https://fr.wikipedia.org/wiki/Proc%C3%A9d%C3%A9_Hall-H%C3%A9roult,
INVENTIONS IMPORTANTES,Réacteur nucléaire,Réacteur nucléaire,https://fr.wikipedia.org/wiki/R%C3%A9acteur_nucl%C3%A9aire,
INVENTIONS IMPORTANTES,Bombe atomique,Bombe atomique,https://fr.wikipedia.org/wiki/Bombe_atomique,
INVENTIONS IMPORTANTES,Réseau électrique,Réseau électrique,https://fr.wikipedia.org/wiki/R%C3%A9seau_%C3%A9lectrique,
INVENTIONS IMPORTANTES,Antibiotique,Antibiotique,https://fr.wikipedia.org/wiki/Antibiotique,
INVENTIONS IMPORTANTES,Contraception orale,Contraception orale,https://fr.wikipedia.org/wiki/Contraception_orale,
INVENTIONS IMPORTANTES,Échographie,Échographie,https://fr.wikipedia.org/wiki/%C3%89chographie,
INVENTIONS IMPORTANTES,Tomodensitométrie,Tomodensitométrie,https://fr.wikipedia.org/wiki/Tomodensitom%C3%A9trie,
INVENTIONS IMPORTANTES,Défibrillateur,Défibrillateur,https://fr.wikipedia.org/wiki/D%C3%A9fibrillateur,
INVENTIONS IMPORTANTES,Transfusion sanguine,Transfusion sanguine,https://fr.wikipedia.org/wiki/Transfusion_sanguine,
INVENTIONS IMPORTANTES,Vaccin à ARN messager,Vaccin à ARN messager,https://fr.wikipedia.org/wiki/Vaccin_%C3%A0_ARN_messager,
INVENTIONS IMPORTANTES,CRISPR,CRISPR,https://fr.wikipedia.org/wiki/CRISPR,
INVENTIONS IMPORTANTES,Microprocesseur,Microprocesseur,https://fr.wikipedia.org/wiki/Microprocesseur,
INVENTIONS IMPORTANTES,Disque dur,Disque dur,https://fr.wikipedia.org/wiki/Disque_dur,
INVENTIONS IMPORTANTES,Mémoire flash,Mémoire flash,https://fr.wikipedia.org/wiki/M%C3%A9moire_flash,
INVENTIONS IMPORTANTES,Souris (informatique),Souris (informatique),https://fr.wikipedia.org/wiki/Souris_(informatique),à vérifier
INVENTIONS IMPORTANTES,Écran tactile,Écran tactile,https://fr.wikipedia.org/wiki/%C3%89cran_tactile,
INVENTIONS IMPORTANTES,Fibre optique,Fibre optique,https://fr.wikipedia.org/wiki/Fibre_optique,
INVENTIONS IMPORTANTES,Wi-Fi,Wi-Fi,https://fr.wikipedia.org/wiki/Wi-Fi,
INVENTIONS IMPORTANTES,Courrier électronique,Courrier électronique,https://fr.wikipedia.org/wiki/Courrier_%C3%A9lectronique,
INVENTIONS IMPORTANTES,Moteur de recherche,Moteur de recherche,https://fr.wikipedia.org/wiki/Moteur_de_recherche,
INVENTIONS IMPORTANTES,Cryptographie asymétrique,Cryptographie asymétrique,https://fr.wikipedia.org/wiki/Cryptographie_asym%C3%A9trique,
INVENTIONS IMPORTANTES,Blockchain,Blockchain,https://fr.wikipedia.org/wiki/Blockchain,
INVENTIONS IMPORTANTES,Toilettes à chasse d'eau,Toilettes à chasse d'eau,https://fr.wikipedia.org/wiki/Toilettes_%C3%A0_chasse_d'eau,
INVENTIONS IMPORTANTES,Réseau d'égouts,Réseau d'égouts,https://fr.wikipedia.org/wiki/R%C3%A9seau_d'%C3%A9gouts,
INVENTIONS IMPORTANTES,Savon,Savon,https://fr.wikipedia.org/wiki/Savon,à vérifier
INVENTIONS IMPORTANTES,Allumette,Allumette,https://fr.wikipedia.org/wiki/Allumette,
INVENTIONS IMPORTANTES,Lave-vaisselle,Lave-vaisselle,https://fr.wikipedia.org/wiki/Lave-vaisselle,
AVIATEURS CÉLÈBRES,Otto Lilienthal,Otto Lilienthal,https://fr.wikipedia.org/wiki/Otto_Lilienthal,
AVIATEURS CÉLÈBRES,Henri Farman,Henri Farman,https://fr.wikipedia.org/wiki/Henri_Farman,
AVIATEURS CÉLÈBRES,Gabriel Voisin,Gabriel Voisin,https://fr.wikipedia.org/wiki/Gabriel_Voisin,
AVIATEURS CÉLÈBRES,Adolphe Pégoud,Adolphe Pégoud,https://fr.wikipedia.org/wiki/Adolphe_P%C3%A9goud,
AVIATEURS CÉLÈBRES,Hubert Latham,Hubert Latham,https://fr.wikipedia.org/wiki/Hubert_Latham,
AVIATEURS CÉLÈBRES,Louis Breguet,Louis Breguet,https://fr.wikipedia.org/wiki/Louis_Breguet,
AVIATEURS CÉLÈBRES,René Fonck,René Fonck,https://fr.wikipedia.org/wiki/Ren%C3%A9_Fonck,
AVIATEURS CÉLÈBRES,Eddie Rickenbacker,Eddie Rickenbacker,https://fr.wikipedia.org/wiki/Eddie_Rickenbacker,
AVIATEURS CÉLÈBRES,Erich Hartmann,Erich Hartmann,https://fr.wikipedia.org/wiki/Erich_Hartmann,
AVIATEURS CÉLÈBRES,Adolf Galland,Adolf Galland,https://fr.wikipedia.org/wiki/Adolf_Galland,
AVIATEURS CÉLÈBRES,Saburō Sakai,Saburō Sakai,https://fr.wikipedia.org/wiki/Sabur%C5%8D_Sakai,
AVIATEURS CÉLÈBRES,Pierre Clostermann,Pierre Clostermann,https://fr.wikipedia.org/wiki/Pierre_Clostermann,
AVIATEURS CÉLÈBRES,Henri Guillaumet,Henri Guillaumet,https://fr.wikipedia.org/wiki/Henri_Guillaumet,
AVIATEURS CÉLÈBRES,Didier Daurat,Didier Daurat,https://fr.wikipedia.org/wiki/Didier_Daurat,
AVIATEURS CÉLÈBRES,Pierre-Georges Latécoère,Pierre-Georges Latécoère,https://fr.wikipedia.org/wiki/Pierre-Georges_Lat%C3%A9co%C3%A8re,
AVIATEURS CÉLÈBRES,Dieudonné Costes,Dieudonné Costes,https://fr.wikipedia.org/wiki/Dieudonn%C3%A9_Costes,
AVIATEURS CÉLÈBRES,Maurice Bellonte,Maurice Bellonte,https://fr.wikipedia.org/wiki/Maurice_Bellonte,
AVIATEURS CÉLÈBRES,Charles Kingsford Smith,Charles Kingsford Smith,https://fr.wikipedia.org/wiki/Charles_Kingsford_Smith,
AVIATEURS CÉLÈBRES,Wiley Post,Wiley Post,https://fr.wikipedia.org/wiki/Wiley_Post,
AVIATEURS CÉLÈBRES,Raymonde de Laroche,Raymonde de Laroche,https://fr.wikipedia.org/wiki/Raymonde_de_Laroche,
AVIATEURS CÉLÈBRES,Hélène Boucher,Hélène Boucher,https://fr.wikipedia.org/wiki/H%C3%A9l%C3%A8ne_Boucher,
AVIATEURS CÉLÈBRES,Maryse Bastié,Maryse Bastié,https://fr.wikipedia.org/wiki/Maryse_Basti%C3%A9,
AVIATEURS CÉLÈBRES,Jacqueline Auriol,Jacqueline Auriol,https://fr.wikipedia.org/wiki/Jacqueline_Auriol,
AVIATEURS CÉLÈBRES,Beryl Markham,Beryl Markham,https://fr.wikipedia.org/wiki/Beryl_Markham,
AVIATEURS CÉLÈBRES,Jean Batten,Jean Batten,https://fr.wikipedia.org/wiki/Jean_Batten,
AVIATEURS CÉLÈBRES,Marcel Dassault,Marcel Dassault,https://fr.wikipedia.org/wiki/Marcel_Dassault,
AVIATEURS CÉLÈBRES,Anthony Fokker,Anthony Fokker,https://fr.wikipedia.org/wiki/Anthony_Fokker,
AVIATEURS CÉLÈBRES,Hugo Junkers,Hugo Junkers,https://fr.wikipedia.org/wiki/Hugo_Junkers,
AVIATEURS CÉLÈBRES,Andreï Tupolev,Andreï Tupolev,https://fr.wikipedia.org/wiki/Andre%C3%AF_Tupolev,
AVIATEURS CÉLÈBRES,Sergueï Iliouchine,Sergueï Iliouchine,https://fr.wikipedia.org/wiki/Sergue%C3%AF_Iliouchine,
AVIATEURS CÉLÈBRES,Donald Douglas,Donald Douglas,https://fr.wikipedia.org/wiki/Donald_Douglas,
AVIATEURS CÉLÈBRES,William Boeing,William Boeing,https://fr.wikipedia.org/wiki/William_Boeing,
AVIATEURS CÉLÈBRES,Bob Hoover,Bob Hoover,https://fr.wikipedia.org/wiki/Bob_Hoover,
AVIATEURS CÉLÈBRES,André Turcat,André Turcat,https://fr.wikipedia.org/wiki/Andr%C3%A9_Turcat,
AVIATEURS CÉLÈBRES,Steve Fossett,Steve Fossett,https://fr.wikipedia.org/wiki/Steve_Fossett,
AVIATEURS CÉLÈBRES,Yves Rossy,Yves Rossy,https://fr.wikipedia.org/wiki/Yves_Rossy,
MAMMIFÈRES,Chat,Chat,https://fr.wikipedia.org/wiki/Chat,à vérifier
MAMMIFÈRES,Vache,Bos taurus,https://fr.wikipedia.org/wiki/Bos_taurus,à vérifier
MAMMIFÈRES,Cochon,Cochon,https://fr.wikipedia.org/wiki/Cochon,à vérifier
MAMMIFÈRES,Mouton,Mouton,https://fr.wikipedia.org/wiki/Mouton,à vérifier
MAMMIFÈRES,Chèvre,Chèvre domestique,https://fr.wikipedia.org/wiki/Ch%C3%A8vre_domestique,à vérifier
MAMMIFÈRES,Cheval,Cheval,https://fr.wikipedia.org/wiki/Cheval,à vérifier
MAMMIFÈRES,Lapin de garenne,Lapin de garenne,https://fr.wikipedia.org/wiki/Lapin_de_garenne,
MAMMIFÈRES,Rat brun,Rat brun,https://fr.wikipedia.org/wiki/Rat_brun,à vérifier
MAMMIFÈRES,Souris grise,Souris grise,https://fr.wikipedia.org/wiki/Souris_grise,à vérifier
MAMMIFÈRES,Panthère des neiges,Panthère des neiges,https://fr.wikipedia.org/wiki/Panth%C3%A8re_des_neiges,
MAMMIFÈRES,Raton laveur,Raton laveur,https://fr.wikipedia.org/wiki/Raton_laveur,
MAMMIFÈRES,Mouffette rayée,Mouffette rayée,https://fr.wikipedia.org/wiki/Mouffette_ray%C3%A9e,
MAMMIFÈRES,Porc-épic,Porc-épic,https://fr.wikipedia.org/wiki/Porc-%C3%A9pic,
MAMMIFÈRES,Marmotte alpine,Marmotte alpine,https://fr.wikipedia.org/wiki/Marmotte_alpine,
MAMMIFÈRES,Mandrill,Mandrill,https://fr.wikipedia.org/wiki/Mandrill,
OISEAUX,Coq domestique,Poule domestique,https://fr.wikipedia.org/wiki/Poule_domestique,à vérifier
OISEAUX,Bec-en-sabot du Nil,Bec-en-sabot du Nil,https://fr.wikipedia.org/wiki/Bec-en-sabot_du_Nil,
OISEAUX,Harpie féroce,Harpie féroce,https://fr.wikipedia.org/wiki/Harpie_f%C3%A9roce,
OISEAUX,Gypaète barbu,Gypaète barbu,https://fr.wikipedia.org/wiki/Gypa%C3%A8te_barbu,
OISEAUX,Macareux moine,Macareux moine,https://fr.wikipedia.org/wiki/Macareux_moine,
OISEAUX,Calao bicorne,Calao bicorne,https://fr.wikipedia.org/wiki/Calao_bicorne,
OISEAUX,Paradisier,Paradisier,https://fr.wikipedia.org/wiki/Paradisier,
OISEAUX,Messager sagittaire,Messager sagittaire,https://fr.wikipedia.org/wiki/Messager_sagittaire,
OISEAUX,Sterne arctique,Sterne arctique,https://fr.wikipedia.org/wiki/Sterne_arctique,
OISEAUX,Rossignol philomèle,Rossignol philomèle,https://fr.wikipedia.org/wiki/Rossignol_philom%C3%A8le,
OISEAUX,Étourneau sansonnet,Étourneau sansonnet,https://fr.wikipedia.org/wiki/%C3%89tourneau_sansonnet,
REPTILES ET AMPHIBIENS,Dendrobate,Dendrobatidae,https://fr.wikipedia.org/wiki/Dendrobatidae,à vérifier
REPTILES ET AMPHIBIENS,Rainette aux yeux rouges,Rainette aux yeux rouges,https://fr.wikipedia.org/wiki/Rainette_aux_yeux_rouges,
REPTILES ET AMPHIBIENS,Grenouille de verre,Grenouille de verre,https://fr.wikipedia.org/wiki/Grenouille_de_verre,
REPTILES ET AMPHIBIENS,Grenouille Goliath,Grenouille Goliath,https://fr.wikipedia.org/wiki/Grenouille_Goliath,
REPTILES ET AMPHIBIENS,Cécilie,Gymnophiona,https://fr.wikipedia.org/wiki/Gymnophiona,à vérifier
REPTILES ET AMPHIBIENS,Protée anguillard,Protée anguillard,https://fr.wikipedia.org/wiki/Prot%C3%A9e_anguillard,
REPTILES ET AMPHIBIENS,Sphénodon,Sphenodon punctatus,https://fr.wikipedia.org/wiki/Sphenodon_punctatus,à vérifier
REPTILES ET AMPHIBIENS,Taïpan du désert,Taïpan du désert,https://fr.wikipedia.org/wiki/Ta%C3%AFpan_du_d%C3%A9sert,
REPTILES ET AMPHIBIENS,Vipère du Gabon,Vipère du Gabon,https://fr.wikipedia.org/wiki/Vip%C3%A8re_du_Gabon,
REPTILES ET AMPHIBIENS,Monstre de Gila,Monstre de Gila,https://fr.wikipedia.org/wiki/Monstre_de_Gila,
REPTILES ET AMPHIBIENS,Tortue verte,Tortue verte,https://fr.wikipedia.org/wiki/Tortue_verte,
POISSONS ET VIE MARINE,Cœlacanthe,Cœlacanthe,https://fr.wikipedia.org/wiki/C%C5%93lacanthe,
POISSONS ET VIE MARINE,Baudroie abyssale,Baudroie abyssale,https://fr.wikipedia.org/wiki/Baudroie_abyssale,
POISSONS ET VIE MARINE,Requin du Groenland,Requin du Groenland,https://fr.wikipedia.org/wiki/Requin_du_Groenland,
POISSONS ET VIE MARINE,Requin pèlerin,Requin pèlerin,https://fr.wikipedia.org/wiki/Requin_p%C3%A8lerin,
POISSONS ET VIE MARINE,Poisson rouge,Poisson rouge,https://fr.wikipedia.org/wiki/Poisson_rouge,
POISSONS ET VIE MARINE,Krill,Krill,https://fr.wikipedia.org/wiki/Krill,à vérifier
INSECTES,Drosophile,Drosophila melanogaster,https://fr.wikipedia.org/wiki/Drosophila_melanogaster,à vérifier
INSECTES,Scarabée Hercule,Scarabée Hercule,https://fr.wikipedia.org/wiki/Scarab%C3%A9e_Hercule,
INSECTES,Fourmi coupe-feuille,Fourmi coupe-feuille,https://fr.wikipedia.org/wiki/Fourmi_coupe-feuille,
INSECTES,Coléoptère bombardier,Coléoptère bombardier,https://fr.wikipedia.org/wiki/Col%C3%A9opt%C3%A8re_bombardier,
INSECTES,Mante orchidée,Mante orchidée,https://fr.wikipedia.org/wiki/Mante_orchid%C3%A9e,
INSECTES,Phasme feuille,Phasme feuille,https://fr.wikipedia.org/wiki/Phasme_feuille,
INSECTES,Punaise de lit,Punaise de lit,https://fr.wikipedia.org/wiki/Punaise_de_lit,
INSECTES,Frelon géant asiatique,Frelon géant asiatique,https://fr.wikipedia.org/wiki/Frelon_g%C3%A9ant_asiatique,
RACES DE CHIEN,Greyhound,Greyhound,https://fr.wikipedia.org/wiki/Greyhound,
RACES DE CHIEN,Saluki,Saluki,https://fr.wikipedia.org/wiki/Saluki,
RACES DE CHIEN,Barzoï,Barzoï,https://fr.wikipedia.org/wiki/Barzo%C3%AF,
RACES DE CHIEN,Welsh Corgi Pembroke,Welsh Corgi Pembroke,https://fr.wikipedia.org/wiki/Welsh_Corgi_Pembroke,
RACES DE CHIEN,Bobtail,Bobtail,https://fr.wikipedia.org/wiki/Bobtail,
RACES DE CHIEN,Bearded Collie,Bearded Collie,https://fr.wikipedia.org/wiki/Bearded_Collie,
RACES DE CHIEN,Bouvier australien,Bouvier australien,https://fr.wikipedia.org/wiki/Bouvier_australien,
RACES DE CHIEN,Kelpie australien,Kelpie australien,https://fr.wikipedia.org/wiki/Kelpie_australien,
RACES DE CHIEN,Berger des Pyrénées,Berger des Pyrénées,https://fr.wikipedia.org/wiki/Berger_des_Pyr%C3%A9n%C3%A9es,
RACES DE CHIEN,Dogo argentino,Dogo argentino,https://fr.wikipedia.org/wiki/Dogo_argentino,
RACES DE CHIEN,Berger du Caucase,Berger du Caucase,https://fr.wikipedia.org/wiki/Berger_du_Caucase,
RACES DE CHIEN,Dogue du Tibet,Dogue du Tibet,https://fr.wikipedia.org/wiki/Dogue_du_Tibet,
RACES DE CHIEN,Braque hongrois,Braque hongrois,https://fr.wikipedia.org/wiki/Braque_hongrois,
RACES DE CHIEN,Springer spaniel anglais,Springer spaniel anglais,https://fr.wikipedia.org/wiki/Springer_spaniel_anglais,
RACES DE CHIEN,Flat-Coated Retriever,Flat-Coated Retriever,https://fr.wikipedia.org/wiki/Flat-Coated_Retriever,
RACES DE CHIEN,Griffon Korthals,Griffon Korthals,https://fr.wikipedia.org/wiki/Griffon_Korthals,
RACES DE CHIEN,Chien d'eau portugais,Chien d'eau portugais,https://fr.wikipedia.org/wiki/Chien_d'eau_portugais,
RACES DE CHIEN,Chien chinois à crête,Chien chinois à crête,https://fr.wikipedia.org/wiki/Chien_chinois_%C3%A0_cr%C3%AAte,
RACES DE CHIEN,Pinscher nain,Pinscher nain,https://fr.wikipedia.org/wiki/Pinscher_nain,
RACES DE CHIEN,Affenpinscher,Affenpinscher,https://fr.wikipedia.org/wiki/Affenpinscher,
COUPES DU MONDE FIFA,Coupe du monde 2026,Coupe du monde de football 2026,https://fr.wikipedia.org/wiki/Coupe_du_monde_de_football_2026,à vérifier
PLUS GRANDS JOUEURS DE FOOTBALL → SCISSION EN 2 COLLECTIONS,Eusébio,Eusébio,https://fr.wikipedia.org/wiki/Eus%C3%A9bio,
PLUS GRANDS JOUEURS DE FOOTBALL → SCISSION EN 2 COLLECTIONS,Stanley Matthews,Stanley Matthews,https://fr.wikipedia.org/wiki/Stanley_Matthews,
PLUS GRANDS JOUEURS DE FOOTBALL → SCISSION EN 2 COLLECTIONS,Bobby Moore,Bobby Moore,https://fr.wikipedia.org/wiki/Bobby_Moore,
PLUS GRANDS JOUEURS DE FOOTBALL → SCISSION EN 2 COLLECTIONS,Gordon Banks,Gordon Banks,https://fr.wikipedia.org/wiki/Gordon_Banks,
PLUS GRANDS JOUEURS DE FOOTBALL → SCISSION EN 2 COLLECTIONS,George Best,George Best,https://fr.wikipedia.org/wiki/George_Best,
PLUS GRANDS JOUEURS DE FOOTBALL → SCISSION EN 2 COLLECTIONS,Denis Law,Denis Law,https://fr.wikipedia.org/wiki/Denis_Law,
PLUS GRANDS JOUEURS DE FOOTBALL → SCISSION EN 2 COLLECTIONS,Jimmy Greaves,Jimmy Greaves,https://fr.wikipedia.org/wiki/Jimmy_Greaves,
PLUS GRANDS JOUEURS DE FOOTBALL → SCISSION EN 2 COLLECTIONS,Kenny Dalglish,Kenny Dalglish,https://fr.wikipedia.org/wiki/Kenny_Dalglish,
PLUS GRANDS JOUEURS DE FOOTBALL → SCISSION EN 2 COLLECTIONS,Kevin Keegan,Kevin Keegan,https://fr.wikipedia.org/wiki/Kevin_Keegan,
PLUS GRANDS JOUEURS DE FOOTBALL → SCISSION EN 2 COLLECTIONS,Dino Zoff,Dino Zoff,https://fr.wikipedia.org/wiki/Dino_Zoff,
PLUS GRANDS JOUEURS DE FOOTBALL → SCISSION EN 2 COLLECTIONS,Giuseppe Meazza,Giuseppe Meazza,https://fr.wikipedia.org/wiki/Giuseppe_Meazza,
PLUS GRANDS JOUEURS DE FOOTBALL → SCISSION EN 2 COLLECTIONS,Gianni Rivera,Gianni Rivera,https://fr.wikipedia.org/wiki/Gianni_Rivera,
PLUS GRANDS JOUEURS DE FOOTBALL → SCISSION EN 2 COLLECTIONS,Giacinto Facchetti,Giacinto Facchetti,https://fr.wikipedia.org/wiki/Giacinto_Facchetti,
PLUS GRANDS JOUEURS DE FOOTBALL → SCISSION EN 2 COLLECTIONS,Carlos Alberto,Carlos Alberto,https://fr.wikipedia.org/wiki/Carlos_Alberto,
PLUS GRANDS JOUEURS DE FOOTBALL → SCISSION EN 2 COLLECTIONS,Jairzinho,Jairzinho,https://fr.wikipedia.org/wiki/Jairzinho,
PLUS GRANDS JOUEURS DE FOOTBALL → SCISSION EN 2 COLLECTIONS,Didi,Didi,https://fr.wikipedia.org/wiki/Didi,
PLUS GRANDS JOUEURS DE FOOTBALL → SCISSION EN 2 COLLECTIONS,Nílton Santos,Nílton Santos,https://fr.wikipedia.org/wiki/N%C3%ADlton_Santos,
PLUS GRANDS JOUEURS DE FOOTBALL → SCISSION EN 2 COLLECTIONS,Rivelino,Rivelino,https://fr.wikipedia.org/wiki/Rivelino,
PLUS GRANDS JOUEURS DE FOOTBALL → SCISSION EN 2 COLLECTIONS,Johan Neeskens,Johan Neeskens,https://fr.wikipedia.org/wiki/Johan_Neeskens,
PLUS GRANDS JOUEURS DE FOOTBALL → SCISSION EN 2 COLLECTIONS,Karl-Heinz Rummenigge,Karl-Heinz Rummenigge,https://fr.wikipedia.org/wiki/Karl-Heinz_Rummenigge,
PLUS GRANDS JOUEURS DE FOOTBALL → SCISSION EN 2 COLLECTIONS,Uwe Seeler,Uwe Seeler,https://fr.wikipedia.org/wiki/Uwe_Seeler,
PLUS GRANDS JOUEURS DE FOOTBALL → SCISSION EN 2 COLLECTIONS,Sepp Maier,Sepp Maier,https://fr.wikipedia.org/wiki/Sepp_Maier,
PLUS GRANDS JOUEURS DE FOOTBALL → SCISSION EN 2 COLLECTIONS,Paul Breitner,Paul Breitner,https://fr.wikipedia.org/wiki/Paul_Breitner,
PLUS GRANDS JOUEURS DE FOOTBALL → SCISSION EN 2 COLLECTIONS,Oleg Blokhine,Oleg Blokhine,https://fr.wikipedia.org/wiki/Oleg_Blokhine,
PLUS GRANDS JOUEURS DE FOOTBALL → SCISSION EN 2 COLLECTIONS,Mario Kempes,Mario Kempes,https://fr.wikipedia.org/wiki/Mario_Kempes,
PLUS GRANDS JOUEURS DE FOOTBALL → SCISSION EN 2 COLLECTIONS,Daniel Passarella,Daniel Passarella,https://fr.wikipedia.org/wiki/Daniel_Passarella,
PLUS GRANDS JOUEURS DE FOOTBALL → SCISSION EN 2 COLLECTIONS,Larbi Benbarek,Larbi Benbarek,https://fr.wikipedia.org/wiki/Larbi_Benbarek,
PLUS GRANDS JOUEURS DE FOOTBALL → SCISSION EN 2 COLLECTIONS,Romário,Romário,https://fr.wikipedia.org/wiki/Rom%C3%A1rio,
PLUS GRANDS JOUEURS DE FOOTBALL → SCISSION EN 2 COLLECTIONS,Gabriel Batistuta,Gabriel Batistuta,https://fr.wikipedia.org/wiki/Gabriel_Batistuta,
PLUS GRANDS JOUEURS DE FOOTBALL → SCISSION EN 2 COLLECTIONS,Andriy Shevchenko,Andriy Shevchenko,https://fr.wikipedia.org/wiki/Andriy_Shevchenko,
PLUS GRANDS JOUEURS DE FOOTBALL → SCISSION EN 2 COLLECTIONS,Jean-Pierre Papin,Jean-Pierre Papin,https://fr.wikipedia.org/wiki/Jean-Pierre_Papin,
PLUS GRANDS JOUEURS DE FOOTBALL → SCISSION EN 2 COLLECTIONS,Juan Román Riquelme,Juan Román Riquelme,https://fr.wikipedia.org/wiki/Juan_Rom%C3%A1n_Riquelme,
PLUS GRANDS JOUEURS DE FOOTBALL → SCISSION EN 2 COLLECTIONS,Hugo Sánchez,Hugo Sánchez,https://fr.wikipedia.org/wiki/Hugo_S%C3%A1nchez,
PLUS GRANDS JOUEURS DE FOOTBALL → SCISSION EN 2 COLLECTIONS,Clarence Seedorf,Clarence Seedorf,https://fr.wikipedia.org/wiki/Clarence_Seedorf,
PLUS GRANDS JOUEURS DE FOOTBALL → SCISSION EN 2 COLLECTIONS,Oliver Kahn,Oliver Kahn,https://fr.wikipedia.org/wiki/Oliver_Kahn,
PLUS GRANDS JOUEURS DE FOOTBALL → SCISSION EN 2 COLLECTIONS,Xabi Alonso,Xabi Alonso,https://fr.wikipedia.org/wiki/Xabi_Alonso,
PLUS GRANDS JOUEURS DE FOOTBALL → SCISSION EN 2 COLLECTIONS,Sergio Busquets,Sergio Busquets,https://fr.wikipedia.org/wiki/Sergio_Busquets,
Mythologie nordique,Sif,Sif,https://fr.wikipedia.org/wiki/Sif,
Mythologie nordique,Bragi,Bragi,https://fr.wikipedia.org/wiki/Bragi,
Mythologie nordique,Idunn,Idunn,https://fr.wikipedia.org/wiki/Idunn,
Mythologie nordique,Njörd,Njörd,https://fr.wikipedia.org/wiki/Nj%C3%B6rd,
Mythologie nordique,Skadi,Skadi,https://fr.wikipedia.org/wiki/Skadi,
Mythologie nordique,Ullr,Ullr,https://fr.wikipedia.org/wiki/Ullr,
Mythologie nordique,Vidar,Vidar,https://fr.wikipedia.org/wiki/Vidar,
Mythologie nordique,Vali,Vali,https://fr.wikipedia.org/wiki/Vali,
Mythologie nordique,Forseti,Forseti,https://fr.wikipedia.org/wiki/Forseti,
Mythologie nordique,Ymir,Ymir,https://fr.wikipedia.org/wiki/Ymir,
Mythologie nordique,Surt,Surt,https://fr.wikipedia.org/wiki/Surt,
Mythologie nordique,Sleipnir,Sleipnir,https://fr.wikipedia.org/wiki/Sleipnir,
Mythologie nordique,Huginn et Muninn,Huginn et Muninn,https://fr.wikipedia.org/wiki/Huginn_et_Muninn,à vérifier
Mythologie nordique,Yggdrasil,Yggdrasil,https://fr.wikipedia.org/wiki/Yggdrasil,
Mythologie nordique,Valkyrie,Valkyrie,https://fr.wikipedia.org/wiki/Valkyrie,
Mythologie nordique,Valhalla,Valhalla,https://fr.wikipedia.org/wiki/Valhalla,
Mythologie nordique,Ragnarök,Ragnarök,https://fr.wikipedia.org/wiki/Ragnar%C3%B6k,
Mythologie nordique,Nornes,Nornes,https://fr.wikipedia.org/wiki/Nornes,
Mythologie nordique,Mjöllnir,Mjöllnir,https://fr.wikipedia.org/wiki/Mj%C3%B6llnir,
Mythologie nordique,Sigurd,Sigurd,https://fr.wikipedia.org/wiki/Sigurd,
Mythologie nordique,Fáfnir,Fáfnir,https://fr.wikipedia.org/wiki/F%C3%A1fnir,
Mythologie nordique,Nídhögg,Nídhögg,https://fr.wikipedia.org/wiki/N%C3%ADdh%C3%B6gg,
Mythologie nordique,Ratatosk,Ratatosk,https://fr.wikipedia.org/wiki/Ratatosk,
Mythologie égyptienne,Nout,Nout,https://fr.wikipedia.org/wiki/Nout,
Mythologie égyptienne,Geb,Geb,https://fr.wikipedia.org/wiki/Geb,
Mythologie égyptienne,Shou,Shou,https://fr.wikipedia.org/wiki/Shou,
Mythologie égyptienne,Tefnout,Tefnout,https://fr.wikipedia.org/wiki/Tefnout,
Mythologie égyptienne,Nephthys,Nephthys,https://fr.wikipedia.org/wiki/Nephthys,
Mythologie égyptienne,Maât,Maât,https://fr.wikipedia.org/wiki/Ma%C3%A2t,
Mythologie égyptienne,Sobek,Sobek,https://fr.wikipedia.org/wiki/Sobek,
Mythologie égyptienne,Khnoum,Khnoum,https://fr.wikipedia.org/wiki/Khnoum,
Mythologie égyptienne,Khonsou,Khonsou,https://fr.wikipedia.org/wiki/Khonsou,
Mythologie égyptienne,Mout,Mout,https://fr.wikipedia.org/wiki/Mout,
Mythologie égyptienne,Apophis,Apophis,https://fr.wikipedia.org/wiki/Apophis,
Mythologie égyptienne,Ammit,Ammit,https://fr.wikipedia.org/wiki/Ammit,
Mythologie égyptienne,Bès,Bès,https://fr.wikipedia.org/wiki/B%C3%A8s,
Mythologie égyptienne,Taouret,Taouret,https://fr.wikipedia.org/wiki/Taouret,
Mythologie égyptienne,Nekhbet,Nekhbet,https://fr.wikipedia.org/wiki/Nekhbet,
Mythologie égyptienne,Ouadjet,Ouadjet,https://fr.wikipedia.org/wiki/Ouadjet,
Mythologie égyptienne,Atoum,Atoum,https://fr.wikipedia.org/wiki/Atoum,
Mythologie égyptienne,Min,Min,https://fr.wikipedia.org/wiki/Min,
Mythologie égyptienne,Sokar,Sokar,https://fr.wikipedia.org/wiki/Sokar,
Mythologie égyptienne,Hâpy,Hâpy,https://fr.wikipedia.org/wiki/H%C3%A2py,
Mythologie égyptienne,Serket,Serket,https://fr.wikipedia.org/wiki/Serket,
Mythologie égyptienne,Anouket,Anouket,https://fr.wikipedia.org/wiki/Anouket,
Mythologie égyptienne,Benou,Benou,https://fr.wikipedia.org/wiki/Benou,
Mythologie hindoue,Parvati,Parvati,https://fr.wikipedia.org/wiki/Parvati,
Mythologie hindoue,Kartikeya,Kartikeya,https://fr.wikipedia.org/wiki/Kartikeya,
Mythologie hindoue,Agni,Agni,https://fr.wikipedia.org/wiki/Agni,
Mythologie hindoue,Varuna,Varuna,https://fr.wikipedia.org/wiki/Varuna,
Mythologie hindoue,Vayu,Vayu,https://fr.wikipedia.org/wiki/Vayu,
Mythologie hindoue,Surya,Surya,https://fr.wikipedia.org/wiki/Surya,
Mythologie hindoue,Yama,Yama,https://fr.wikipedia.org/wiki/Yama,
Mythologie hindoue,Kubera,Kubera,https://fr.wikipedia.org/wiki/Kubera,
Mythologie hindoue,Ganga,Ganga,https://fr.wikipedia.org/wiki/Ganga,
Mythologie hindoue,Nandi,Nandi,https://fr.wikipedia.org/wiki/Nandi,
Mythologie hindoue,Garuda,Garuda,https://fr.wikipedia.org/wiki/Garuda,
Mythologie hindoue,Naga,Naga,https://fr.wikipedia.org/wiki/Naga,
Mythologie hindoue,Ravana,Ravana,https://fr.wikipedia.org/wiki/Ravana,
Mythologie hindoue,Sita,Sita,https://fr.wikipedia.org/wiki/Sita,
Mythologie hindoue,Arjuna,Arjuna,https://fr.wikipedia.org/wiki/Arjuna,
Mythologie hindoue,Draupadi,Draupadi,https://fr.wikipedia.org/wiki/Draupadi,
Mythologie hindoue,Bhima,Bhima,https://fr.wikipedia.org/wiki/Bhima,
Mythologie hindoue,Karna,Karna,https://fr.wikipedia.org/wiki/Karna,
Mythologie hindoue,Narasimha,Narasimha,https://fr.wikipedia.org/wiki/Narasimha,
Mythologie hindoue,Kurma,Kurma,https://fr.wikipedia.org/wiki/Kurma,
Mythologie hindoue,Matsya,Matsya,https://fr.wikipedia.org/wiki/Matsya,
Mythologie hindoue,Vamana,Vamana,https://fr.wikipedia.org/wiki/Vamana,
Mythologie hindoue,Airavata,Airavata,https://fr.wikipedia.org/wiki/Airavata,
Mythologie celtique,Nuada,Nuada,https://fr.wikipedia.org/wiki/Nuada,
Mythologie celtique,Ogma,Ogma,https://fr.wikipedia.org/wiki/Ogma,
Mythologie celtique,Danu,Danu,https://fr.wikipedia.org/wiki/Danu,
Mythologie celtique,Boann,Boann,https://fr.wikipedia.org/wiki/Boann,
Mythologie celtique,Manannán mac Lir,Manannán mac Lir,https://fr.wikipedia.org/wiki/Manann%C3%A1n_mac_Lir,
Mythologie celtique,Aengus,Aengus,https://fr.wikipedia.org/wiki/Aengus,
Mythologie celtique,Cúchulainn,Cúchulainn,https://fr.wikipedia.org/wiki/C%C3%BAchulainn,
Mythologie celtique,Fionn mac Cumhaill,Fionn mac Cumhaill,https://fr.wikipedia.org/wiki/Fionn_mac_Cumhaill,
Mythologie celtique,Medb,Medb,https://fr.wikipedia.org/wiki/Medb,
Mythologie celtique,Balor,Balor,https://fr.wikipedia.org/wiki/Balor,
Mythologie celtique,Epona,Epona,https://fr.wikipedia.org/wiki/Epona,
Mythologie celtique,Taranis,Taranis,https://fr.wikipedia.org/wiki/Taranis,
Mythologie celtique,Teutatès,Teutatès,https://fr.wikipedia.org/wiki/Teutat%C3%A8s,
Mythologie celtique,Belenos,Belenos,https://fr.wikipedia.org/wiki/Belenos,
Mythologie celtique,Arawn,Arawn,https://fr.wikipedia.org/wiki/Arawn,
Mythologie celtique,Rhiannon,Rhiannon,https://fr.wikipedia.org/wiki/Rhiannon,
Mythologies d'Asie de l'Est,Raijin,Raijin,https://fr.wikipedia.org/wiki/Raijin,
Mythologies d'Asie de l'Est,Fūjin,Fūjin,https://fr.wikipedia.org/wiki/F%C5%ABjin,
Mythologies d'Asie de l'Est,Hachiman,Hachiman,https://fr.wikipedia.org/wiki/Hachiman,
Mythologies d'Asie de l'Est,Ebisu,Ebisu,https://fr.wikipedia.org/wiki/Ebisu,
Mythologies d'Asie de l'Est,Benzaiten,Benzaiten,https://fr.wikipedia.org/wiki/Benzaiten,
Mythologies d'Asie de l'Est,Daikokuten,Daikokuten,https://fr.wikipedia.org/wiki/Daikokuten,
Mythologies d'Asie de l'Est,Kagutsuchi,Kagutsuchi,https://fr.wikipedia.org/wiki/Kagutsuchi,
Mythologies d'Asie de l'Est,Ōkuninushi,Ōkuninushi,https://fr.wikipedia.org/wiki/%C5%8Ckuninushi,
Mythologies d'Asie de l'Est,Ryūjin,Ryūjin,https://fr.wikipedia.org/wiki/Ry%C5%ABjin,
Mythologies d'Asie de l'Est,Yamata no Orochi,Yamata no Orochi,https://fr.wikipedia.org/wiki/Yamata_no_Orochi,
Mythologies d'Asie de l'Est,Empereur de Jade,Empereur de jade,https://fr.wikipedia.org/wiki/Empereur_de_jade,à vérifier
Mythologies d'Asie de l'Est,Fuxi,Fuxi,https://fr.wikipedia.org/wiki/Fuxi,
Mythologies d'Asie de l'Est,Shennong,Shennong,https://fr.wikipedia.org/wiki/Shennong,
Mythologies d'Asie de l'Est,Xiwangmu,Xiwangmu,https://fr.wikipedia.org/wiki/Xiwangmu,
Mythologies d'Asie de l'Est,Chang'e,Chang'e,https://fr.wikipedia.org/wiki/Chang'e,
Mythologies d'Asie de l'Est,Sun Wukong,Sun Wukong,https://fr.wikipedia.org/wiki/Sun_Wukong,
Mythologies d'Asie de l'Est,Nezha,Nezha,https://fr.wikipedia.org/wiki/Nezha,
Mythologies d'Asie de l'Est,Guanyin,Guanyin,https://fr.wikipedia.org/wiki/Guanyin,
Mythologies d'Asie de l'Est,Yanluo,Yanluo,https://fr.wikipedia.org/wiki/Yanluo,
Mythologies d'Asie de l'Est,Roi-Dragon,Roi-dragon,https://fr.wikipedia.org/wiki/Roi-dragon,à vérifier
Mythologies d'Asie de l'Est,Qilin,Qilin,https://fr.wikipedia.org/wiki/Qilin,
Mythologies d'Asie de l'Est,Fenghuang,Fenghuang,https://fr.wikipedia.org/wiki/Fenghuang,
Mythologies d'Asie de l'Est,Dangun,Dangun,https://fr.wikipedia.org/wiki/Dangun,
Mythologies mésoaméricaines et andines,Tezcatlipoca,Tezcatlipoca,https://fr.wikipedia.org/wiki/Tezcatlipoca,
Mythologies mésoaméricaines et andines,Xipe Totec,Xipe Totec,https://fr.wikipedia.org/wiki/Xipe_Totec,
Mythologies mésoaméricaines et andines,Mictlantecuhtli,Mictlantecuhtli,https://fr.wikipedia.org/wiki/Mictlantecuhtli,
Mythologies mésoaméricaines et andines,Coatlicue,Coatlicue,https://fr.wikipedia.org/wiki/Coatlicue,
Mythologies mésoaméricaines et andines,Chalchiuhtlicue,Chalchiuhtlicue,https://fr.wikipedia.org/wiki/Chalchiuhtlicue,
Mythologies mésoaméricaines et andines,Xolotl,Xolotl,https://fr.wikipedia.org/wiki/Xolotl,
Mythologies mésoaméricaines et andines,Ehecatl,Ehecatl,https://fr.wikipedia.org/wiki/Ehecatl,
Mythologies mésoaméricaines et andines,Coyolxauhqui,Coyolxauhqui,https://fr.wikipedia.org/wiki/Coyolxauhqui,
Mythologies mésoaméricaines et andines,Tonatiuh,Tonatiuh,https://fr.wikipedia.org/wiki/Tonatiuh,
Mythologies mésoaméricaines et andines,Itzamna,Itzamna,https://fr.wikipedia.org/wiki/Itzamna,
Mythologies mésoaméricaines et andines,Ixchel,Ixchel,https://fr.wikipedia.org/wiki/Ixchel,
Mythologies mésoaméricaines et andines,Chaac,Chaac,https://fr.wikipedia.org/wiki/Chaac,
Mythologies mésoaméricaines et andines,Ah Puch,Ah Puch,https://fr.wikipedia.org/wiki/Ah_Puch,
Mythologies mésoaméricaines et andines,Hunahpú,Hunahpú,https://fr.wikipedia.org/wiki/Hunahp%C3%BA,
Mythologies mésoaméricaines et andines,Ixbalanqué,Ixbalanqué,https://fr.wikipedia.org/wiki/Ixbalanqu%C3%A9,
Mythologies mésoaméricaines et andines,Vucub Caquix,Vucub Caquix,https://fr.wikipedia.org/wiki/Vucub_Caquix,
Mythologies mésoaméricaines et andines,Camazotz,Camazotz,https://fr.wikipedia.org/wiki/Camazotz,
Mythologies mésoaméricaines et andines,Viracocha,Viracocha,https://fr.wikipedia.org/wiki/Viracocha,
Mythologies mésoaméricaines et andines,Inti,Inti,https://fr.wikipedia.org/wiki/Inti,
Mythologies mésoaméricaines et andines,Mama Quilla,Mama Quilla,https://fr.wikipedia.org/wiki/Mama_Quilla,
Mythologies mésoaméricaines et andines,Pachamama,Pachamama,https://fr.wikipedia.org/wiki/Pachamama,
Mythologies mésoaméricaines et andines,Supay,Supay,https://fr.wikipedia.org/wiki/Supay,
Mythologies mésoaméricaines et andines,Illapa,Illapa,https://fr.wikipedia.org/wiki/Illapa,
Mythologies mésoaméricaines et andines,Manco Cápac,Manco Cápac,https://fr.wikipedia.org/wiki/Manco_C%C3%A1pac,
Mythologies mésoaméricaines et andines,Ai Apaec,Ai Apaec,https://fr.wikipedia.org/wiki/Ai_Apaec,
Mythologies du Proche-Orient ancien,Marduk,Marduk,https://fr.wikipedia.org/wiki/Marduk,
Mythologies du Proche-Orient ancien,Ishtar,Ishtar,https://fr.wikipedia.org/wiki/Ishtar,
Mythologies du Proche-Orient ancien,Enki,Enki,https://fr.wikipedia.org/wiki/Enki,
Mythologies du Proche-Orient ancien,Enlil,Enlil,https://fr.wikipedia.org/wiki/Enlil,
Mythologies du Proche-Orient ancien,Anu,Anu,https://fr.wikipedia.org/wiki/Anu,
Mythologies du Proche-Orient ancien,Tiamat,Tiamat,https://fr.wikipedia.org/wiki/Tiamat,
Mythologies du Proche-Orient ancien,Ereshkigal,Ereshkigal,https://fr.wikipedia.org/wiki/Ereshkigal,
Mythologies du Proche-Orient ancien,Ninurta,Ninurta,https://fr.wikipedia.org/wiki/Ninurta,
Mythologies du Proche-Orient ancien,Nergal,Nergal,https://fr.wikipedia.org/wiki/Nergal,
Mythologies du Proche-Orient ancien,Sin,Sin,https://fr.wikipedia.org/wiki/Sin,
Mythologies du Proche-Orient ancien,Shamash,Shamash,https://fr.wikipedia.org/wiki/Shamash,
Mythologies du Proche-Orient ancien,Dumuzi,Dumuzi,https://fr.wikipedia.org/wiki/Dumuzi,
Mythologies du Proche-Orient ancien,Gilgamesh,Gilgamesh,https://fr.wikipedia.org/wiki/Gilgamesh,
Mythologies du Proche-Orient ancien,Enkidu,Enkidu,https://fr.wikipedia.org/wiki/Enkidu,
Mythologies du Proche-Orient ancien,Humbaba,Humbaba,https://fr.wikipedia.org/wiki/Humbaba,
Mythologies du Proche-Orient ancien,Adad,Adad,https://fr.wikipedia.org/wiki/Adad,
Mythologies du Proche-Orient ancien,Apsû,Apsû,https://fr.wikipedia.org/wiki/Aps%C3%BB,
Mythologies du Proche-Orient ancien,Lamashtu,Lamashtu,https://fr.wikipedia.org/wiki/Lamashtu,
Mythologies du Proche-Orient ancien,Ahura Mazda,Ahura Mazda,https://fr.wikipedia.org/wiki/Ahura_Mazda,
Mythologies du Proche-Orient ancien,Angra Mainyu,Angra Mainyu,https://fr.wikipedia.org/wiki/Angra_Mainyu,
Mythologies du Proche-Orient ancien,Mithra,Mithra,https://fr.wikipedia.org/wiki/Mithra,
Mythologies du Proche-Orient ancien,Anahita,Anahita,https://fr.wikipedia.org/wiki/Anahita,
Mythologies du Proche-Orient ancien,Zurvan,Zurvan,https://fr.wikipedia.org/wiki/Zurvan,
Mythologies du Proche-Orient ancien,Verethragna,Verethragna,https://fr.wikipedia.org/wiki/Verethragna,
Mythologies du Proche-Orient ancien,Sraosha,Sraosha,https://fr.wikipedia.org/wiki/Sraosha,
Mythologies du Proche-Orient ancien,Simurgh,Simurgh,https://fr.wikipedia.org/wiki/Simurgh,
Mythologies du Proche-Orient ancien,Rostam,Rostam,https://fr.wikipedia.org/wiki/Rostam,
Mythologies du Proche-Orient ancien,Zahhak,Zahhak,https://fr.wikipedia.org/wiki/Zahhak,
Mythologies du Proche-Orient ancien,Fereydoun,Fereydoun,https://fr.wikipedia.org/wiki/Fereydoun,
Mythologies du Proche-Orient ancien,Jamshid,Jamshid,https://fr.wikipedia.org/wiki/Jamshid,
Mythologies du Proche-Orient ancien,Baal,Baal,https://fr.wikipedia.org/wiki/Baal,
Mythologies du Proche-Orient ancien,Astarté,Astarté,https://fr.wikipedia.org/wiki/Astart%C3%A9,
Mythologies du Proche-Orient ancien,Melqart,Melqart,https://fr.wikipedia.org/wiki/Melqart,
Mythologies du Proche-Orient ancien,Didon,Didon,https://fr.wikipedia.org/wiki/Didon,
Mythologies slaves et baltes,Svarog,Svarog,https://fr.wikipedia.org/wiki/Svarog,
Mythologies slaves et baltes,Mokosh,Mokosh,https://fr.wikipedia.org/wiki/Mokosh,
Mythologies slaves et baltes,Dazhbog,Dazhbog,https://fr.wikipedia.org/wiki/Dazhbog,
Mythologies slaves et baltes,Stribog,Stribog,https://fr.wikipedia.org/wiki/Stribog,
Mythologies slaves et baltes,Lada,Lada,https://fr.wikipedia.org/wiki/Lada,
Mythologies slaves et baltes,Jarilo,Jarilo,https://fr.wikipedia.org/wiki/Jarilo,
Mythologies slaves et baltes,Marzanna,Marzanna,https://fr.wikipedia.org/wiki/Marzanna,
Mythologies slaves et baltes,Tchernobog,Tchernobog,https://fr.wikipedia.org/wiki/Tchernobog,
Mythologies slaves et baltes,Bielobog,Bielobog,https://fr.wikipedia.org/wiki/Bielobog,
Mythologies slaves et baltes,Domovoï,Domovoï,https://fr.wikipedia.org/wiki/Domovo%C3%AF,
Mythologies slaves et baltes,Leshy,Leshy,https://fr.wikipedia.org/wiki/Leshy,
Mythologies slaves et baltes,Vodianoï,Vodianoï,https://fr.wikipedia.org/wiki/Vodiano%C3%AF,
Mythologies slaves et baltes,Kikimora,Kikimora,https://fr.wikipedia.org/wiki/Kikimora,
Mythologies slaves et baltes,Bannik,Bannik,https://fr.wikipedia.org/wiki/Bannik,
Mythologies slaves et baltes,Koschei,Koschei,https://fr.wikipedia.org/wiki/Koschei,
Mythologies slaves et baltes,Zmeï Gorynytch,Zmeï Gorynytch,https://fr.wikipedia.org/wiki/Zme%C3%AF_Gorynytch,
Mythologies slaves et baltes,Alkonost,Alkonost,https://fr.wikipedia.org/wiki/Alkonost,
Mythologies slaves et baltes,Sirin,Sirin,https://fr.wikipedia.org/wiki/Sirin,
Mythologies slaves et baltes,Oiseau de feu,Oiseau de feu,https://fr.wikipedia.org/wiki/Oiseau_de_feu,
Mythologies slaves et baltes,Perkūnas,Perkūnas,https://fr.wikipedia.org/wiki/Perk%C5%ABnas,
Mythologies slaves et baltes,Laima,Laima,https://fr.wikipedia.org/wiki/Laima,
Mythologies africaines,Olorun,Olorun,https://fr.wikipedia.org/wiki/Olorun,
Mythologies africaines,Obatala,Obatala,https://fr.wikipedia.org/wiki/Obatala,
Mythologies africaines,Shango,Shango,https://fr.wikipedia.org/wiki/Shango,
Mythologies africaines,Ogoun,Ogoun,https://fr.wikipedia.org/wiki/Ogoun,
Mythologies africaines,Eshu,Eshu,https://fr.wikipedia.org/wiki/Eshu,
Mythologies africaines,Oshun,Oshun,https://fr.wikipedia.org/wiki/Oshun,
Mythologies africaines,Yemoja,Yemoja,https://fr.wikipedia.org/wiki/Yemoja,
Mythologies africaines,Oya,Oya,https://fr.wikipedia.org/wiki/Oya,
Mythologies africaines,Orunmila,Orunmila,https://fr.wikipedia.org/wiki/Orunmila,
Mythologies africaines,Nyame,Nyame,https://fr.wikipedia.org/wiki/Nyame,
Mythologies africaines,Asase Ya,Asase Ya,https://fr.wikipedia.org/wiki/Asase_Ya,
Mythologies africaines,Mami Wata,Mami Wata,https://fr.wikipedia.org/wiki/Mami_Wata,
Mythologies africaines,Legba,Legba,https://fr.wikipedia.org/wiki/Legba,
Mythologies africaines,Damballa,Damballa,https://fr.wikipedia.org/wiki/Damballa,
Mythologies africaines,Mbombo,Mbombo,https://fr.wikipedia.org/wiki/Mbombo,
Mythologies africaines,Nyambe,Nyambe,https://fr.wikipedia.org/wiki/Nyambe,
Mythologies africaines,Amma,Amma,https://fr.wikipedia.org/wiki/Amma,
Mythologies africaines,Nommo,Nommo,https://fr.wikipedia.org/wiki/Nommo,
Mythologies africaines,Kalunga,Kalunga,https://fr.wikipedia.org/wiki/Kalunga,
Mythologies africaines,Unkulunkulu,Unkulunkulu,https://fr.wikipedia.org/wiki/Unkulunkulu,
Mythologies africaines,Heitsi-Eibib,Heitsi-Eibib,https://fr.wikipedia.org/wiki/Heitsi-Eibib,
Mythologies africaines,Tanit,Tanit,https://fr.wikipedia.org/wiki/Tanit,
Mythologies africaines,Anzar,Anzar,https://fr.wikipedia.org/wiki/Anzar,
Mythologies africaines,Bumba,Bumba,https://fr.wikipedia.org/wiki/Bumba,
Mythologies océaniennes et amérindiennes,Māui,Māui,https://fr.wikipedia.org/wiki/M%C4%81ui,
Mythologies océaniennes et amérindiennes,Pelé (déesse),Pelé (mythologie),https://fr.wikipedia.org/wiki/Pel%C3%A9_(mythologie),à vérifier
Mythologies océaniennes et amérindiennes,Tāne,Tāne,https://fr.wikipedia.org/wiki/T%C4%81ne,
Mythologies océaniennes et amérindiennes,Tangaroa,Tangaroa,https://fr.wikipedia.org/wiki/Tangaroa,
Mythologies océaniennes et amérindiennes,Rangi et Papa,Rangi et Papa,https://fr.wikipedia.org/wiki/Rangi_et_Papa,à vérifier
Mythologies océaniennes et amérindiennes,Hina,Hina,https://fr.wikipedia.org/wiki/Hina,
Mythologies océaniennes et amérindiennes,Kāne,Kāne,https://fr.wikipedia.org/wiki/K%C4%81ne,
Mythologies océaniennes et amérindiennes,Kanaloa,Kanaloa,https://fr.wikipedia.org/wiki/Kanaloa,
Mythologies océaniennes et amérindiennes,Lono,Lono,https://fr.wikipedia.org/wiki/Lono,
Mythologies océaniennes et amérindiennes,Kū,Kū,https://fr.wikipedia.org/wiki/K%C5%AB,
Mythologies océaniennes et amérindiennes,Tāwhirimātea,Tāwhirimātea,https://fr.wikipedia.org/wiki/T%C4%81whirim%C4%81tea,
Mythologies océaniennes et amérindiennes,Hine-nui-te-pō,Hine-nui-te-pō,https://fr.wikipedia.org/wiki/Hine-nui-te-p%C5%8D,
Mythologies océaniennes et amérindiennes,Temps du rêve,Temps du rêve,https://fr.wikipedia.org/wiki/Temps_du_r%C3%AAve,à vérifier
Mythologies océaniennes et amérindiennes,Serpent arc-en-ciel,Serpent arc-en-ciel,https://fr.wikipedia.org/wiki/Serpent_arc-en-ciel,
Mythologies océaniennes et amérindiennes,Wakan Tanka,Wakan Tanka,https://fr.wikipedia.org/wiki/Wakan_Tanka,
Mythologies océaniennes et amérindiennes,Oiseau-tonnerre,Oiseau-tonnerre,https://fr.wikipedia.org/wiki/Oiseau-tonnerre,
Mythologies océaniennes et amérindiennes,Kokopelli,Kokopelli,https://fr.wikipedia.org/wiki/Kokopelli,
Mythologies océaniennes et amérindiennes,Sedna (déesse),Sedna (mythologie),https://fr.wikipedia.org/wiki/Sedna_(mythologie),à vérifier
Mythologies océaniennes et amérindiennes,Nanabozho,Nanabozho,https://fr.wikipedia.org/wiki/Nanabozho,
Mythologies océaniennes et amérindiennes,Glooscap,Glooscap,https://fr.wikipedia.org/wiki/Glooscap,
Mythologies océaniennes et amérindiennes,Femme-Bison-Blanc,Femme-Bison-Blanc,https://fr.wikipedia.org/wiki/Femme-Bison-Blanc,
Mythologies océaniennes et amérindiennes,Corbeau (mythologie haïda),Corbeau (mythologie haïda),https://fr.wikipedia.org/wiki/Corbeau_(mythologie_ha%C3%AFda),à vérifier
Mythologies océaniennes et amérindiennes,Ictinike,Ictinike,https://fr.wikipedia.org/wiki/Ictinike,
Mythologies océaniennes et amérindiennes,Amaru,Amaru,https://fr.wikipedia.org/wiki/Amaru,
CRÉATURES ET LÉGENDES — RECENTRAGE,Bête du Gévaudan,Bête du Gévaudan,https://fr.wikipedia.org/wiki/B%C3%AAte_du_G%C3%A9vaudan,
CRÉATURES ET LÉGENDES — RECENTRAGE,Tarasque,Tarasque,https://fr.wikipedia.org/wiki/Tarasque,
CRÉATURES ET LÉGENDES — RECENTRAGE,Manticore,Manticore,https://fr.wikipedia.org/wiki/Manticore,
CRÉATURES ET LÉGENDES — RECENTRAGE,Cockatrice,Cockatrice,https://fr.wikipedia.org/wiki/Cockatrice,
CRÉATURES ET LÉGENDES — RECENTRAGE,Hippogriffe,Hippogriffe,https://fr.wikipedia.org/wiki/Hippogriffe,
CRÉATURES ET LÉGENDES — RECENTRAGE,Léviathan,Léviathan,https://fr.wikipedia.org/wiki/L%C3%A9viathan,
CRÉATURES ET LÉGENDES — RECENTRAGE,Béhémoth,Béhémoth,https://fr.wikipedia.org/wiki/B%C3%A9h%C3%A9moth,
CRÉATURES ET LÉGENDES — RECENTRAGE,Djinn,Djinn,https://fr.wikipedia.org/wiki/Djinn,
CRÉATURES ET LÉGENDES — RECENTRAGE,Goule,Goule,https://fr.wikipedia.org/wiki/Goule,
CRÉATURES ET LÉGENDES — RECENTRAGE,Bunyip,Bunyip,https://fr.wikipedia.org/wiki/Bunyip,
CRÉATURES ET LÉGENDES — RECENTRAGE,Jersey Devil,Jersey Devil,https://fr.wikipedia.org/wiki/Jersey_Devil,
CRÉATURES ET LÉGENDES — RECENTRAGE,Mokèlé-mbembé,Mokèlé-mbembé,https://fr.wikipedia.org/wiki/Mok%C3%A8l%C3%A9-mbemb%C3%A9,
CRÉATURES ET LÉGENDES — RECENTRAGE,Korrigan,Korrigan,https://fr.wikipedia.org/wiki/Korrigan,
CRÉATURES ET LÉGENDES — RECENTRAGE,Zombie,Zombie,https://fr.wikipedia.org/wiki/Zombie,
CRÉATURES ET LÉGENDES — RECENTRAGE,Momie,Momie,https://fr.wikipedia.org/wiki/Momie,
CRÉATURES ET LÉGENDES — RECENTRAGE,Gnome,Gnome,https://fr.wikipedia.org/wiki/Gnome,
Personnages de littérature,Le Petit Prince,Le Petit Prince,https://fr.wikipedia.org/wiki/Le_Petit_Prince,
Personnages de littérature,Arsène Lupin,Arsène Lupin,https://fr.wikipedia.org/wiki/Ars%C3%A8ne_Lupin,
Personnages de littérature,Hercule Poirot,Hercule Poirot,https://fr.wikipedia.org/wiki/Hercule_Poirot,
Personnages de littérature,Jules Maigret,Jules Maigret,https://fr.wikipedia.org/wiki/Jules_Maigret,
Personnages de littérature,Hamlet,Hamlet,https://fr.wikipedia.org/wiki/Hamlet,
Personnages de littérature,Roméo et Juliette,Roméo et Juliette,https://fr.wikipedia.org/wiki/Rom%C3%A9o_et_Juliette,à vérifier
Personnages de littérature,Faust,Faust,https://fr.wikipedia.org/wiki/Faust,
Personnages de littérature,Capitaine Achab,Capitaine Achab,https://fr.wikipedia.org/wiki/Capitaine_Achab,
Personnages de littérature,Emma Bovary,Emma Bovary,https://fr.wikipedia.org/wiki/Emma_Bovary,
Personnages de littérature,Anna Karénine,Anna Karénine,https://fr.wikipedia.org/wiki/Anna_Kar%C3%A9nine,
Personnages de littérature,Rodion Raskolnikov,Rodion Raskolnikov,https://fr.wikipedia.org/wiki/Rodion_Raskolnikov,
Personnages de littérature,Meursault,Meursault,https://fr.wikipedia.org/wiki/Meursault,
Personnages de littérature,Javert,Javert,https://fr.wikipedia.org/wiki/Javert,
Personnages de littérature,Paul Atréides,Paul Atréides,https://fr.wikipedia.org/wiki/Paul_Atr%C3%A9ides,
Personnages de cinéma et de série,Vito Corleone,Vito Corleone,https://fr.wikipedia.org/wiki/Vito_Corleone,
Personnages de cinéma et de série,Michael Corleone,Michael Corleone,https://fr.wikipedia.org/wiki/Michael_Corleone,
Personnages de cinéma et de série,Tony Montana,Tony Montana,https://fr.wikipedia.org/wiki/Tony_Montana,
Personnages de cinéma et de série,King Kong,King Kong,https://fr.wikipedia.org/wiki/King_Kong,
Personnages de cinéma et de série,Godzilla,Godzilla,https://fr.wikipedia.org/wiki/Godzilla,
Personnages de cinéma et de série,E.T,E.T,https://fr.wikipedia.org/wiki/E.T,
Personnages de cinéma et de série,Marty McFly,Marty McFly,https://fr.wikipedia.org/wiki/Marty_McFly,
Personnages de cinéma et de série,Doc Brown,Doc Brown,https://fr.wikipedia.org/wiki/Doc_Brown,
Personnages de cinéma et de série,John McClane,John McClane,https://fr.wikipedia.org/wiki/John_McClane,
Personnages de cinéma et de série,John Rambo,John Rambo,https://fr.wikipedia.org/wiki/John_Rambo,
Personnages de cinéma et de série,Willy Wonka,Willy Wonka,https://fr.wikipedia.org/wiki/Willy_Wonka,
Personnages de cinéma et de série,Mary Poppins,Mary Poppins,https://fr.wikipedia.org/wiki/Mary_Poppins,
Personnages de cinéma et de série,Jack Torrance,Jack Torrance,https://fr.wikipedia.org/wiki/Jack_Torrance,
Personnages de cinéma et de série,Maximus,Maximus,https://fr.wikipedia.org/wiki/Maximus,
Personnages de cinéma et de série,Travis Bickle,Travis Bickle,https://fr.wikipedia.org/wiki/Travis_Bickle,
Personnages de cinéma et de série,Tyler Durden,Tyler Durden,https://fr.wikipedia.org/wiki/Tyler_Durden,
Personnages de cinéma et de série,Alex DeLarge,Alex DeLarge,https://fr.wikipedia.org/wiki/Alex_DeLarge,
Personnages de cinéma et de série,Amélie Poulain,Amélie Poulain,https://fr.wikipedia.org/wiki/Am%C3%A9lie_Poulain,
Personnages de cinéma et de série,OSS 117,OSS 117,https://fr.wikipedia.org/wiki/OSS_117,
Personnages de cinéma et de série,Fantômas,Fantômas,https://fr.wikipedia.org/wiki/Fant%C3%B4mas,
Personnages de cinéma et de série,Columbo,Columbo,https://fr.wikipedia.org/wiki/Columbo,
Personnages de cinéma et de série,Docteur Who,Doctor Who,https://fr.wikipedia.org/wiki/Doctor_Who,à vérifier
Personnages de cinéma et de série,Saul Goodman,Saul Goodman,https://fr.wikipedia.org/wiki/Saul_Goodman,
Personnages de cinéma et de série,Gus Fring,Gus Fring,https://fr.wikipedia.org/wiki/Gus_Fring,
Personnages de cinéma et de série,Don Draper,Don Draper,https://fr.wikipedia.org/wiki/Don_Draper,
Personnages de cinéma et de série,Rick Grimes,Rick Grimes,https://fr.wikipedia.org/wiki/Rick_Grimes,
Personnages de cinéma et de série,Omar Little,Omar Little,https://fr.wikipedia.org/wiki/Omar_Little,
Personnages de cinéma et de série,Jack Bauer,Jack Bauer,https://fr.wikipedia.org/wiki/Jack_Bauer,
Personnages de cinéma et de série,Sheldon Cooper,Sheldon Cooper,https://fr.wikipedia.org/wiki/Sheldon_Cooper,
Personnages de cinéma et de série,Dexter Morgan,Dexter Morgan,https://fr.wikipedia.org/wiki/Dexter_Morgan,
Personnages de bande dessinée et de comics,Thanos,Thanos,https://fr.wikipedia.org/wiki/Thanos,
Personnages de bande dessinée et de comics,Lex Luthor,Lex Luthor,https://fr.wikipedia.org/wiki/Lex_Luthor,
Personnages de bande dessinée et de comics,Venom,Venom,https://fr.wikipedia.org/wiki/Venom,
Personnages de bande dessinée et de comics,Docteur Fatalis,Docteur Fatalis,https://fr.wikipedia.org/wiki/Docteur_Fatalis,
Personnages de bande dessinée et de comics,Robin,Robin,https://fr.wikipedia.org/wiki/Robin,à vérifier
Personnages de bande dessinée et de comics,Black Widow,Black Widow,https://fr.wikipedia.org/wiki/Black_Widow,
Personnages de bande dessinée et de comics,Silver Surfer,Silver Surfer,https://fr.wikipedia.org/wiki/Silver_Surfer,
Personnages de bande dessinée et de comics,Galactus,Galactus,https://fr.wikipedia.org/wiki/Galactus,
Personnages de bande dessinée et de comics,Tornade,Tornade,https://fr.wikipedia.org/wiki/Tornade,à vérifier
Personnages de bande dessinée et de comics,Jean Grey,Jean Grey,https://fr.wikipedia.org/wiki/Jean_Grey,
Personnages de bande dessinée et de comics,Hellboy,Hellboy,https://fr.wikipedia.org/wiki/Hellboy,
Personnages de bande dessinée et de comics,Spawn,Spawn,https://fr.wikipedia.org/wiki/Spawn,
Personnages de bande dessinée et de comics,Judge Dredd,Judge Dredd,https://fr.wikipedia.org/wiki/Judge_Dredd,
Personnages de bande dessinée et de comics,Spirou,Spirou,https://fr.wikipedia.org/wiki/Spirou,
Personnages de bande dessinée et de comics,Fantasio,Fantasio,https://fr.wikipedia.org/wiki/Fantasio,
Personnages de bande dessinée et de comics,Marsupilami,Marsupilami,https://fr.wikipedia.org/wiki/Marsupilami,
Personnages de bande dessinée et de comics,Blake et Mortimer,Blake et Mortimer,https://fr.wikipedia.org/wiki/Blake_et_Mortimer,à vérifier
Personnages de bande dessinée et de comics,Corto Maltese,Corto Maltese,https://fr.wikipedia.org/wiki/Corto_Maltese,
Personnages de bande dessinée et de comics,Thorgal,Thorgal,https://fr.wikipedia.org/wiki/Thorgal,
Personnages de bande dessinée et de comics,Largo Winch,Largo Winch,https://fr.wikipedia.org/wiki/Largo_Winch,
Personnages de bande dessinée et de comics,XIII,XIII,https://fr.wikipedia.org/wiki/XIII,
Personnages de bande dessinée et de comics,Iznogoud,Iznogoud,https://fr.wikipedia.org/wiki/Iznogoud,
Personnages de bande dessinée et de comics,Rahan,Rahan,https://fr.wikipedia.org/wiki/Rahan,
Personnages de bande dessinée et de comics,Titeuf,Titeuf,https://fr.wikipedia.org/wiki/Titeuf,
Personnages de bande dessinée et de comics,Snoopy,Snoopy,https://fr.wikipedia.org/wiki/Snoopy,
Personnages de bande dessinée et de comics,Garfield,Garfield,https://fr.wikipedia.org/wiki/Garfield,
Personnages de bande dessinée et de comics,Calvin et Hobbes,Calvin et Hobbes,https://fr.wikipedia.org/wiki/Calvin_et_Hobbes,à vérifier
Personnages de bande dessinée et de comics,Boule et Bill,Boule et Bill,https://fr.wikipedia.org/wiki/Boule_et_Bill,à vérifier
Personnages de jeu vidéo,Pac-Man,Pac-Man,https://fr.wikipedia.org/wiki/Pac-Man,
Personnages de jeu vidéo,Rayman,Rayman,https://fr.wikipedia.org/wiki/Rayman,
Personnages de jeu vidéo,Mega Man,Mega Man,https://fr.wikipedia.org/wiki/Mega_Man,
Personnages de jeu vidéo,Sub-Zero,Sub-Zero,https://fr.wikipedia.org/wiki/Sub-Zero,
Personnages de jeu vidéo,Scorpion,Scorpion,https://fr.wikipedia.org/wiki/Scorpion,
Personnages de jeu vidéo,Ellie,Ellie,https://fr.wikipedia.org/wiki/Ellie,
Personnages de jeu vidéo,Joel,Joel,https://fr.wikipedia.org/wiki/Joel,
Personnages de jeu vidéo,Leon S. Kennedy,Leon S. Kennedy,https://fr.wikipedia.org/wiki/Leon_S._Kennedy,
Personnages de jeu vidéo,Jill Valentine,Jill Valentine,https://fr.wikipedia.org/wiki/Jill_Valentine,
Personnages de jeu vidéo,Nemesis,Nemesis,https://fr.wikipedia.org/wiki/Nemesis,
Personnages de jeu vidéo,Pyramid Head,Pyramid Head,https://fr.wikipedia.org/wiki/Pyramid_Head,
Personnages de jeu vidéo,Alucard,Alucard,https://fr.wikipedia.org/wiki/Alucard,
Personnages de jeu vidéo,Simon Belmont,Simon Belmont,https://fr.wikipedia.org/wiki/Simon_Belmont,
Personnages de jeu vidéo,Bayonetta,Bayonetta,https://fr.wikipedia.org/wiki/Bayonetta,
Personnages de jeu vidéo,Sora,Sora,https://fr.wikipedia.org/wiki/Sora,
Personnages de jeu vidéo,2B,2B,https://fr.wikipedia.org/wiki/2B,
Personnages de jeu vidéo,Big Daddy,Big Daddy,https://fr.wikipedia.org/wiki/Big_Daddy,
Personnages de jeu vidéo,Steve (Minecraft),Minecraft,https://fr.wikipedia.org/wiki/Minecraft,à vérifier
Personnages de jeu vidéo,Creeper,Creeper,https://fr.wikipedia.org/wiki/Creeper,
Personnages de jeu vidéo,Sackboy,Sackboy,https://fr.wikipedia.org/wiki/Sackboy,
Personnages de jeu vidéo,Ratchet et Clank,Ratchet et Clank,https://fr.wikipedia.org/wiki/Ratchet_et_Clank,à vérifier
Personnages de jeu vidéo,Cuphead,Cuphead,https://fr.wikipedia.org/wiki/Cuphead,
Personnages d'animation,Pinocchio,Pinocchio,https://fr.wikipedia.org/wiki/Pinocchio,
Personnages d'animation,Bambi,Bambi,https://fr.wikipedia.org/wiki/Bambi,
Personnages d'animation,Dumbo,Dumbo,https://fr.wikipedia.org/wiki/Dumbo,
Personnages d'animation,Baloo,Baloo,https://fr.wikipedia.org/wiki/Baloo,
Personnages d'animation,Mulan,Mulan,https://fr.wikipedia.org/wiki/Mulan,
Personnages d'animation,Stitch,Stitch,https://fr.wikipedia.org/wiki/Stitch,
Personnages d'animation,WALL-E,WALL-E,https://fr.wikipedia.org/wiki/WALL-E,
Personnages d'animation,Rémy,Rémy,https://fr.wikipedia.org/wiki/R%C3%A9my,
Personnages d'animation,Sulli,Sulli,https://fr.wikipedia.org/wiki/Sulli,
Personnages d'animation,Dory,Dory,https://fr.wikipedia.org/wiki/Dory,
Personnages d'animation,Vaiana,Vaiana,https://fr.wikipedia.org/wiki/Vaiana,
Personnages d'animation,Raiponce,Raiponce,https://fr.wikipedia.org/wiki/Raiponce,
Personnages d'animation,Mérida,Mérida,https://fr.wikipedia.org/wiki/M%C3%A9rida,
Personnages d'animation,Mufasa,Mufasa,https://fr.wikipedia.org/wiki/Mufasa,
Personnages d'animation,Scar,Scar,https://fr.wikipedia.org/wiki/Scar,
Personnages d'animation,Timon et Pumbaa,Timon et Pumbaa,https://fr.wikipedia.org/wiki/Timon_et_Pumbaa,à vérifier
Personnages d'animation,Maléfique,Maléfique,https://fr.wikipedia.org/wiki/Mal%C3%A9fique,
Personnages d'animation,Ursula,Ursula,https://fr.wikipedia.org/wiki/Ursula,
Personnages d'animation,Jafar,Jafar,https://fr.wikipedia.org/wiki/Jafar,
Personnages d'animation,Cruella d'Enfer,Cruella d'Enfer,https://fr.wikipedia.org/wiki/Cruella_d'Enfer,
Personnages d'animation,Bob l'éponge,Bob l'éponge,https://fr.wikipedia.org/wiki/Bob_l'%C3%A9ponge,
Personnages d'animation,Patrick Étoile,Patrick Étoile,https://fr.wikipedia.org/wiki/Patrick_%C3%89toile,à vérifier
Personnages d'animation,Vil Coyote et Bip Bip,Vil Coyote et Bip Bip,https://fr.wikipedia.org/wiki/Vil_Coyote_et_Bip_Bip,à vérifier
Personnages d'animation,Titi et Grosminet,Titi et Grosminet,https://fr.wikipedia.org/wiki/Titi_et_Grosminet,à vérifier
Personnages d'animation,Les Schtroumpfs,Les Schtroumpfs,https://fr.wikipedia.org/wiki/Les_Schtroumpfs,à vérifier
Personnages d'animation,Popeye,Popeye,https://fr.wikipedia.org/wiki/Popeye,
Personnages d'animation,Betty Boop,Betty Boop,https://fr.wikipedia.org/wiki/Betty_Boop,
Personnages d'animation,Casper,Casper,https://fr.wikipedia.org/wiki/Casper,
Personnages de manga et d'anime,Kenshiro,Kenshiro,https://fr.wikipedia.org/wiki/Kenshiro,
Personnages de manga et d'anime,Guts,Guts,https://fr.wikipedia.org/wiki/Guts,
Personnages de manga et d'anime,Griffith,Griffith,https://fr.wikipedia.org/wiki/Griffith,
Personnages de manga et d'anime,Seiya,Seiya,https://fr.wikipedia.org/wiki/Seiya,
Personnages de manga et d'anime,Kenshin Himura,Kenshin Himura,https://fr.wikipedia.org/wiki/Kenshin_Himura,
Personnages de manga et d'anime,Spike Spiegel,Spike Spiegel,https://fr.wikipedia.org/wiki/Spike_Spiegel,
Personnages de manga et d'anime,Lelouch Lamperouge,Lelouch Lamperouge,https://fr.wikipedia.org/wiki/Lelouch_Lamperouge,
Personnages de manga et d'anime,Levi Ackerman,Levi Ackerman,https://fr.wikipedia.org/wiki/Levi_Ackerman,
Personnages de manga et d'anime,Mikasa Ackerman,Mikasa Ackerman,https://fr.wikipedia.org/wiki/Mikasa_Ackerman,
Personnages de manga et d'anime,Kakashi Hatake,Kakashi Hatake,https://fr.wikipedia.org/wiki/Kakashi_Hatake,
Personnages de manga et d'anime,Itachi Uchiha,Itachi Uchiha,https://fr.wikipedia.org/wiki/Itachi_Uchiha,
Personnages de manga et d'anime,Gon Freecss,Gon Freecss,https://fr.wikipedia.org/wiki/Gon_Freecss,
Personnages de manga et d'anime,Killua Zoldyck,Killua Zoldyck,https://fr.wikipedia.org/wiki/Killua_Zoldyck,
Personnages de manga et d'anime,Tanjiro Kamado,Tanjiro Kamado,https://fr.wikipedia.org/wiki/Tanjiro_Kamado,
Personnages de manga et d'anime,Nezuko Kamado,Nezuko Kamado,https://fr.wikipedia.org/wiki/Nezuko_Kamado,
Personnages de manga et d'anime,Gojo Satoru,Gojo Satoru,https://fr.wikipedia.org/wiki/Gojo_Satoru,
Personnages de manga et d'anime,Denji,Denji,https://fr.wikipedia.org/wiki/Denji,
Personnages de manga et d'anime,Piccolo,Piccolo,https://fr.wikipedia.org/wiki/Piccolo,
Personnages de manga et d'anime,Freezer,Freezer,https://fr.wikipedia.org/wiki/Freezer,
Personnages de manga et d'anime,Cell,Cell,https://fr.wikipedia.org/wiki/Cell,
Personnages de manga et d'anime,Bulma,Bulma,https://fr.wikipedia.org/wiki/Bulma,
Personnages de manga et d'anime,Krilin,Krilin,https://fr.wikipedia.org/wiki/Krilin,
Personnages de manga et d'anime,Nami,Nami,https://fr.wikipedia.org/wiki/Nami,
Personnages de manga et d'anime,Sanji,Sanji,https://fr.wikipedia.org/wiki/Sanji,
Personnages de manga et d'anime,Portgas D. Ace,Portgas D. Ace,https://fr.wikipedia.org/wiki/Portgas_D._Ace,
Personnages de manga et d'anime,Shanks,Shanks,https://fr.wikipedia.org/wiki/Shanks,
Personnages de manga et d'anime,Lupin III,Lupin III,https://fr.wikipedia.org/wiki/Lupin_III,
Personnages de manga et d'anime,Motoko Kusanagi,Motoko Kusanagi,https://fr.wikipedia.org/wiki/Motoko_Kusanagi,
Personnages de manga et d'anime,Ryuk,Ryuk,https://fr.wikipedia.org/wiki/Ryuk,
FILMS CULTES → SCISSION EN 2 COLLECTIONS,Les Sept Samouraïs,Les Sept Samouraïs,https://fr.wikipedia.org/wiki/Les_Sept_Samoura%C3%AFs,
FILMS CULTES → SCISSION EN 2 COLLECTIONS,Docteur Folamour,Docteur Folamour,https://fr.wikipedia.org/wiki/Docteur_Folamour,
FILMS CULTES → SCISSION EN 2 COLLECTIONS,La Mort aux trousses,La Mort aux trousses,https://fr.wikipedia.org/wiki/La_Mort_aux_trousses,
FILMS CULTES → SCISSION EN 2 COLLECTIONS,Vol au-dessus d'un nid de coucou,Vol au-dessus d'un nid de coucou,https://fr.wikipedia.org/wiki/Vol_au-dessus_d'un_nid_de_coucou,
FILMS CULTES → SCISSION EN 2 COLLECTIONS,Chinatown,Chinatown,https://fr.wikipedia.org/wiki/Chinatown,
FILMS CULTES → SCISSION EN 2 COLLECTIONS,Il était une fois dans l'Ouest,Il était une fois dans l'Ouest,https://fr.wikipedia.org/wiki/Il_%C3%A9tait_une_fois_dans_l'Ouest,
FILMS CULTES → SCISSION EN 2 COLLECTIONS,Le Septième Sceau,Le Septième Sceau,https://fr.wikipedia.org/wiki/Le_Septi%C3%A8me_Sceau,
FILMS CULTES → SCISSION EN 2 COLLECTIONS,La Règle du jeu,La Règle du jeu,https://fr.wikipedia.org/wiki/La_R%C3%A8gle_du_jeu,
FILMS CULTES → SCISSION EN 2 COLLECTIONS,Le Voleur de bicyclette,Le Voleur de bicyclette,https://fr.wikipedia.org/wiki/Le_Voleur_de_bicyclette,
FILMS CULTES → SCISSION EN 2 COLLECTIONS,Les Enfants du paradis,Les Enfants du paradis,https://fr.wikipedia.org/wiki/Les_Enfants_du_paradis,
FILMS CULTES → SCISSION EN 2 COLLECTIONS,Le Troisième Homme,Le Troisième Homme,https://fr.wikipedia.org/wiki/Le_Troisi%C3%A8me_Homme,
FILMS CULTES → SCISSION EN 2 COLLECTIONS,Le Pont de la rivière Kwaï,Le Pont de la rivière Kwaï,https://fr.wikipedia.org/wiki/Le_Pont_de_la_rivi%C3%A8re_Kwa%C3%AF,
FILMS CULTES → SCISSION EN 2 COLLECTIONS,Ben-Hur,Ben-Hur,https://fr.wikipedia.org/wiki/Ben-Hur,
FILMS CULTES → SCISSION EN 2 COLLECTIONS,Les Lumières de la ville,Les Lumières de la ville,https://fr.wikipedia.org/wiki/Les_Lumi%C3%A8res_de_la_ville,
FILMS CULTES → SCISSION EN 2 COLLECTIONS,Le Dictateur,Le Dictateur,https://fr.wikipedia.org/wiki/Le_Dictateur,
FILMS CULTES → SCISSION EN 2 COLLECTIONS,M le maudit,M le maudit,https://fr.wikipedia.org/wiki/M_le_maudit,
FILMS CULTES → SCISSION EN 2 COLLECTIONS,Les Oiseaux,Les Oiseaux,https://fr.wikipedia.org/wiki/Les_Oiseaux,
FILMS CULTES → SCISSION EN 2 COLLECTIONS,Le Lauréat,Le Lauréat,https://fr.wikipedia.org/wiki/Le_Laur%C3%A9at,
FILMS CULTES → SCISSION EN 2 COLLECTIONS,Easy Rider,Easy Rider,https://fr.wikipedia.org/wiki/Easy_Rider,
FILMS CULTES → SCISSION EN 2 COLLECTIONS,Macadam Cowboy,Macadam Cowboy,https://fr.wikipedia.org/wiki/Macadam_Cowboy,
FILMS CULTES → SCISSION EN 2 COLLECTIONS,Le Salaire de la peur,Le Salaire de la peur,https://fr.wikipedia.org/wiki/Le_Salaire_de_la_peur,
FILMS CULTES → SCISSION EN 2 COLLECTIONS,Les Tontons flingueurs,Les Tontons flingueurs,https://fr.wikipedia.org/wiki/Les_Tontons_flingueurs,
FILMS CULTES → SCISSION EN 2 COLLECTIONS,Les Évadés,Les Évadés,https://fr.wikipedia.org/wiki/Les_%C3%89vad%C3%A9s,
FILMS CULTES → SCISSION EN 2 COLLECTIONS,Shining,Shining,https://fr.wikipedia.org/wiki/Shining,
FILMS CULTES → SCISSION EN 2 COLLECTIONS,Les Affranchis,Les Affranchis,https://fr.wikipedia.org/wiki/Les_Affranchis,
FILMS CULTES → SCISSION EN 2 COLLECTIONS,Amadeus,Amadeus,https://fr.wikipedia.org/wiki/Amadeus,
FILMS CULTES → SCISSION EN 2 COLLECTIONS,Cinema Paradiso,Cinema Paradiso,https://fr.wikipedia.org/wiki/Cinema_Paradiso,
FILMS CULTES → SCISSION EN 2 COLLECTIONS,Braveheart,Braveheart,https://fr.wikipedia.org/wiki/Braveheart,
FILMS CULTES → SCISSION EN 2 COLLECTIONS,Sixième Sens,Sixième Sens,https://fr.wikipedia.org/wiki/Sixi%C3%A8me_Sens,
FILMS CULTES → SCISSION EN 2 COLLECTIONS,Fargo,Fargo,https://fr.wikipedia.org/wiki/Fargo,
FILMS CULTES → SCISSION EN 2 COLLECTIONS,The Big Lebowski,The Big Lebowski,https://fr.wikipedia.org/wiki/The_Big_Lebowski,
FILMS CULTES → SCISSION EN 2 COLLECTIONS,Reservoir Dogs,Reservoir Dogs,https://fr.wikipedia.org/wiki/Reservoir_Dogs,
FILMS CULTES → SCISSION EN 2 COLLECTIONS,Kill Bill,Kill Bill,https://fr.wikipedia.org/wiki/Kill_Bill,
FILMS CULTES → SCISSION EN 2 COLLECTIONS,Le Cinquième Élément,Le Cinquième Élément,https://fr.wikipedia.org/wiki/Le_Cinqui%C3%A8me_%C3%89l%C3%A9ment,
FILMS CULTES → SCISSION EN 2 COLLECTIONS,Full Metal Jacket,Full Metal Jacket,https://fr.wikipedia.org/wiki/Full_Metal_Jacket,
FILMS CULTES → SCISSION EN 2 COLLECTIONS,Scarface,Scarface,https://fr.wikipedia.org/wiki/Scarface,
FILMS CULTES → SCISSION EN 2 COLLECTIONS,Heat,Heat,https://fr.wikipedia.org/wiki/Heat,
FILMS CULTES → SCISSION EN 2 COLLECTIONS,Nikita,Nikita,https://fr.wikipedia.org/wiki/Nikita,
FILMS CULTES → SCISSION EN 2 COLLECTIONS,Le Dîner de cons,Le Dîner de cons,https://fr.wikipedia.org/wiki/Le_D%C3%AEner_de_cons,
FILMS CULTES → SCISSION EN 2 COLLECTIONS,Les Visiteurs,Les Visiteurs,https://fr.wikipedia.org/wiki/Les_Visiteurs,
FILMS CULTES → SCISSION EN 2 COLLECTIONS,La Cité de la peur,La Cité de la peur,https://fr.wikipedia.org/wiki/La_Cit%C3%A9_de_la_peur,
FILMS CULTES → SCISSION EN 2 COLLECTIONS,Intouchables,Intouchables,https://fr.wikipedia.org/wiki/Intouchables,
FILMS CULTES → SCISSION EN 2 COLLECTIONS,Astérix et Obélix : Mission Cléopâtre,Astérix et Obélix : Mission Cléopâtre,https://fr.wikipedia.org/wiki/Ast%C3%A9rix_et_Ob%C3%A9lix_%3A_Mission_Cl%C3%A9op%C3%A2tre,à vérifier
FILMS CULTES → SCISSION EN 2 COLLECTIONS,Avatar,Avatar,https://fr.wikipedia.org/wiki/Avatar,
FILMS CULTES → SCISSION EN 2 COLLECTIONS,Toy Story,Toy Story,https://fr.wikipedia.org/wiki/Toy_Story,
FILMS CULTES → SCISSION EN 2 COLLECTIONS,Le Monde de Nemo,Le Monde de Nemo,https://fr.wikipedia.org/wiki/Le_Monde_de_Nemo,
FILMS CULTES → SCISSION EN 2 COLLECTIONS,Shrek,Shrek,https://fr.wikipedia.org/wiki/Shrek,
FILMS CULTES → SCISSION EN 2 COLLECTIONS,La Reine des neiges,La Reine des neiges,https://fr.wikipedia.org/wiki/La_Reine_des_neiges,
FILMS CULTES → SCISSION EN 2 COLLECTIONS,Avengers: Endgame,Avengers: Endgame,https://fr.wikipedia.org/wiki/Avengers%3A_Endgame,
FILMS CULTES → SCISSION EN 2 COLLECTIONS,Harry Potter à l'école des sorciers,Harry Potter à l'école des sorciers,https://fr.wikipedia.org/wiki/Harry_Potter_%C3%A0_l'%C3%A9cole_des_sorciers,
FILMS CULTES → SCISSION EN 2 COLLECTIONS,Les Indestructibles,Les Indestructibles,https://fr.wikipedia.org/wiki/Les_Indestructibles,
FILMS CULTES → SCISSION EN 2 COLLECTIONS,Ratatouille,Ratatouille,https://fr.wikipedia.org/wiki/Ratatouille,
FILMS CULTES → SCISSION EN 2 COLLECTIONS,Vice-versa,Vice-versa,https://fr.wikipedia.org/wiki/Vice-versa,
FILMS CULTES → SCISSION EN 2 COLLECTIONS,Là-haut,Là-haut,https://fr.wikipedia.org/wiki/L%C3%A0-haut,
FILMS CULTES → SCISSION EN 2 COLLECTIONS,Akira,Akira,https://fr.wikipedia.org/wiki/Akira,
FILMS CULTES → SCISSION EN 2 COLLECTIONS,Le Tombeau des lucioles,Le Tombeau des lucioles,https://fr.wikipedia.org/wiki/Le_Tombeau_des_lucioles,
FILMS CULTES → SCISSION EN 2 COLLECTIONS,Your Name,Your Name,https://fr.wikipedia.org/wiki/Your_Name,
FILMS CULTES → SCISSION EN 2 COLLECTIONS,In the Mood for Love,In the Mood for Love,https://fr.wikipedia.org/wiki/In_the_Mood_for_Love,
FILMS CULTES → SCISSION EN 2 COLLECTIONS,Tigre et Dragon,Tigre et Dragon,https://fr.wikipedia.org/wiki/Tigre_et_Dragon,à vérifier
JEUX VIDÉO CULTES → SCISSION EN 2 COLLECTIONS,Super Metroid,Super Metroid,https://fr.wikipedia.org/wiki/Super_Metroid,
JEUX VIDÉO CULTES → SCISSION EN 2 COLLECTIONS,Castlevania: Symphony of the Night,Castlevania: Symphony of the Night,https://fr.wikipedia.org/wiki/Castlevania%3A_Symphony_of_the_Night,
JEUX VIDÉO CULTES → SCISSION EN 2 COLLECTIONS,Mega Man 2,Mega Man 2,https://fr.wikipedia.org/wiki/Mega_Man_2,
JEUX VIDÉO CULTES → SCISSION EN 2 COLLECTIONS,Contra,Contra,https://fr.wikipedia.org/wiki/Contra,
JEUX VIDÉO CULTES → SCISSION EN 2 COLLECTIONS,Mario Kart 64,Mario Kart 64,https://fr.wikipedia.org/wiki/Mario_Kart_64,
JEUX VIDÉO CULTES → SCISSION EN 2 COLLECTIONS,Super Smash Bros,Super Smash Bros,https://fr.wikipedia.org/wiki/Super_Smash_Bros,
JEUX VIDÉO CULTES → SCISSION EN 2 COLLECTIONS,Quake,Quake,https://fr.wikipedia.org/wiki/Quake,
JEUX VIDÉO CULTES → SCISSION EN 2 COLLECTIONS,Counter-Strike,Counter-Strike,https://fr.wikipedia.org/wiki/Counter-Strike,
JEUX VIDÉO CULTES → SCISSION EN 2 COLLECTIONS,Dragon Quest,Dragon Quest,https://fr.wikipedia.org/wiki/Dragon_Quest,
JEUX VIDÉO CULTES → SCISSION EN 2 COLLECTIONS,Gran Turismo,Gran Turismo,https://fr.wikipedia.org/wiki/Gran_Turismo,
JEUX VIDÉO CULTES → SCISSION EN 2 COLLECTIONS,Tony Hawk's Pro Skater,Tony Hawk's Pro Skater,https://fr.wikipedia.org/wiki/Tony_Hawk's_Pro_Skater,
JEUX VIDÉO CULTES → SCISSION EN 2 COLLECTIONS,Age of Empires II,Age of Empires II,https://fr.wikipedia.org/wiki/Age_of_Empires_II,
JEUX VIDÉO CULTES → SCISSION EN 2 COLLECTIONS,Unreal Tournament,Unreal Tournament,https://fr.wikipedia.org/wiki/Unreal_Tournament,
JEUX VIDÉO CULTES → SCISSION EN 2 COLLECTIONS,Grand Theft Auto V,Grand Theft Auto V,https://fr.wikipedia.org/wiki/Grand_Theft_Auto_V,
JEUX VIDÉO CULTES → SCISSION EN 2 COLLECTIONS,Assassin's Creed II,Assassin's Creed II,https://fr.wikipedia.org/wiki/Assassin's_Creed_II,
JEUX VIDÉO CULTES → SCISSION EN 2 COLLECTIONS,Fallout 3,Fallout 3,https://fr.wikipedia.org/wiki/Fallout_3,
JEUX VIDÉO CULTES → SCISSION EN 2 COLLECTIONS,Uncharted 2: Among Thieves,Uncharted 2: Among Thieves,https://fr.wikipedia.org/wiki/Uncharted_2%3A_Among_Thieves,
JEUX VIDÉO CULTES → SCISSION EN 2 COLLECTIONS,Mass Effect 2,Mass Effect 2,https://fr.wikipedia.org/wiki/Mass_Effect_2,
JEUX VIDÉO CULTES → SCISSION EN 2 COLLECTIONS,Grand Theft Auto III,Grand Theft Auto III,https://fr.wikipedia.org/wiki/Grand_Theft_Auto_III,
JEUX VIDÉO CULTES → SCISSION EN 2 COLLECTIONS,Diablo II,Diablo II,https://fr.wikipedia.org/wiki/Diablo_II,
JEUX VIDÉO CULTES → SCISSION EN 2 COLLECTIONS,Deus Ex,Deus Ex,https://fr.wikipedia.org/wiki/Deus_Ex,
JEUX VIDÉO CULTES → SCISSION EN 2 COLLECTIONS,Silent Hill 2,Silent Hill 2,https://fr.wikipedia.org/wiki/Silent_Hill_2,
JEUX VIDÉO CULTES → SCISSION EN 2 COLLECTIONS,The Elder Scrolls III: Morrowind,The Elder Scrolls III: Morrowind,https://fr.wikipedia.org/wiki/The_Elder_Scrolls_III%3A_Morrowind,
JEUX VIDÉO CULTES → SCISSION EN 2 COLLECTIONS,Baldur's Gate II,Baldur's Gate II,https://fr.wikipedia.org/wiki/Baldur's_Gate_II,
JEUX VIDÉO CULTES → SCISSION EN 2 COLLECTIONS,Metal Gear Solid 3,Metal Gear Solid 3,https://fr.wikipedia.org/wiki/Metal_Gear_Solid_3,
JEUX VIDÉO CULTES → SCISSION EN 2 COLLECTIONS,Final Fantasy X,Final Fantasy X,https://fr.wikipedia.org/wiki/Final_Fantasy_X,
JEUX VIDÉO CULTES → SCISSION EN 2 COLLECTIONS,Kingdom Hearts,Kingdom Hearts,https://fr.wikipedia.org/wiki/Kingdom_Hearts,
JEUX VIDÉO CULTES → SCISSION EN 2 COLLECTIONS,Super Smash Bros. Melee,Super Smash Bros. Melee,https://fr.wikipedia.org/wiki/Super_Smash_Bros._Melee,
JEUX VIDÉO CULTES → SCISSION EN 2 COLLECTIONS,Team Fortress 2,Team Fortress 2,https://fr.wikipedia.org/wiki/Team_Fortress_2,
JEUX VIDÉO CULTES → SCISSION EN 2 COLLECTIONS,Fallout: New Vegas,Fallout: New Vegas,https://fr.wikipedia.org/wiki/Fallout%3A_New_Vegas,
JEUX VIDÉO CULTES → SCISSION EN 2 COLLECTIONS,Persona 5,Persona 5,https://fr.wikipedia.org/wiki/Persona_5,
JEUX VIDÉO CULTES → SCISSION EN 2 COLLECTIONS,NieR: Automata,NieR: Automata,https://fr.wikipedia.org/wiki/NieR%3A_Automata,
JEUX VIDÉO CULTES → SCISSION EN 2 COLLECTIONS,Monster Hunter: World,Monster Hunter: World,https://fr.wikipedia.org/wiki/Monster_Hunter%3A_World,
JEUX VIDÉO CULTES → SCISSION EN 2 COLLECTIONS,Sekiro,Sekiro,https://fr.wikipedia.org/wiki/Sekiro,
JEUX VIDÉO CULTES → SCISSION EN 2 COLLECTIONS,Ghost of Tsushima,Ghost of Tsushima,https://fr.wikipedia.org/wiki/Ghost_of_Tsushima,
JEUX VIDÉO CULTES → SCISSION EN 2 COLLECTIONS,Cyberpunk 2077,Cyberpunk 2077,https://fr.wikipedia.org/wiki/Cyberpunk_2077,
JEUX VIDÉO CULTES → SCISSION EN 2 COLLECTIONS,Death Stranding,Death Stranding,https://fr.wikipedia.org/wiki/Death_Stranding,
JEUX VIDÉO CULTES → SCISSION EN 2 COLLECTIONS,The Legend of Zelda: Tears of the Kingdom,The Legend of Zelda: Tears of the Kingdom,https://fr.wikipedia.org/wiki/The_Legend_of_Zelda%3A_Tears_of_the_Kingdom,
JEUX VIDÉO CULTES → SCISSION EN 2 COLLECTIONS,Mario Kart 8,Mario Kart 8,https://fr.wikipedia.org/wiki/Mario_Kart_8,
JEUX VIDÉO CULTES → SCISSION EN 2 COLLECTIONS,Rocket League,Rocket League,https://fr.wikipedia.org/wiki/Rocket_League,
JEUX VIDÉO CULTES → SCISSION EN 2 COLLECTIONS,Terraria,Terraria,https://fr.wikipedia.org/wiki/Terraria,
JEUX VIDÉO CULTES → SCISSION EN 2 COLLECTIONS,Slay the Spire,Slay the Spire,https://fr.wikipedia.org/wiki/Slay_the_Spire,
JEUX VIDÉO CULTES → SCISSION EN 2 COLLECTIONS,"Papers, Please","Papers, Please","https://fr.wikipedia.org/wiki/Papers,_Please",
JEUX VIDÉO CULTES → SCISSION EN 2 COLLECTIONS,Hotline Miami,Hotline Miami,https://fr.wikipedia.org/wiki/Hotline_Miami,
JEUX VIDÉO CULTES → SCISSION EN 2 COLLECTIONS,Limbo,Limbo,https://fr.wikipedia.org/wiki/Limbo,
JEUX VIDÉO CULTES → SCISSION EN 2 COLLECTIONS,Braid,Braid,https://fr.wikipedia.org/wiki/Braid,
JEUX VIDÉO CULTES → SCISSION EN 2 COLLECTIONS,Vampire Survivors,Vampire Survivors,https://fr.wikipedia.org/wiki/Vampire_Survivors,
JEUX VIDÉO CULTES → SCISSION EN 2 COLLECTIONS,Wii Sports,Wii Sports,https://fr.wikipedia.org/wiki/Wii_Sports,
JEUX VIDÉO CULTES → SCISSION EN 2 COLLECTIONS,Pokémon GO,Pokémon GO,https://fr.wikipedia.org/wiki/Pok%C3%A9mon_GO,
JEUX VIDÉO CULTES → SCISSION EN 2 COLLECTIONS,Angry Birds,Angry Birds,https://fr.wikipedia.org/wiki/Angry_Birds,
JEUX VIDÉO CULTES → SCISSION EN 2 COLLECTIONS,Roblox,Roblox,https://fr.wikipedia.org/wiki/Roblox,
JEUX VIDÉO CULTES → SCISSION EN 2 COLLECTIONS,PUBG: Battlegrounds,PUBG: Battlegrounds,https://fr.wikipedia.org/wiki/PUBG%3A_Battlegrounds,
JEUX VIDÉO CULTES → SCISSION EN 2 COLLECTIONS,Apex Legends,Apex Legends,https://fr.wikipedia.org/wiki/Apex_Legends,
JEUX VIDÉO CULTES → SCISSION EN 2 COLLECTIONS,Valorant,Valorant,https://fr.wikipedia.org/wiki/Valorant,
JEUX VIDÉO CULTES → SCISSION EN 2 COLLECTIONS,Genshin Impact,Genshin Impact,https://fr.wikipedia.org/wiki/Genshin_Impact,
