id;source
age-dor-du-jeu-video_age-of-empires-ii-the-age-of-kings;bing
age-dor-du-jeu-video_age-of-empires-jeu-video;wiki-en-cover
age-dor-du-jeu-video_asteroids;wiki-en-cover
age-dor-du-jeu-video_castlevania-symphony-of-the-night;bing
age-dor-du-jeu-video_chrono-trigger;wiki-en-cover
age-dor-du-jeu-video_civilization-jeu-video;wiki-en-cover
age-dor-du-jeu-video_command-and-conquer;wiki-fr
age-dor-du-jeu-video_contra-serie-de-jeux-video;bing
age-dor-du-jeu-video_counter-strike;wiki-sans-filtre
age-dor-du-jeu-video_crash-bandicoot;wiki-en-cover
age-dor-du-jeu-video_defender-jeu-video-1981;wiki-en-cover
age-dor-du-jeu-video_diablo-jeu-video;wiki-en-cover
age-dor-du-jeu-video_donkey-kong-country;bing
age-dor-du-jeu-video_donkey-kong-jeu-video-1981;wiki-en-cover
age-dor-du-jeu-video_doom-jeu-video-1993;wiki-en-cover
age-dor-du-jeu-video_dragon-quest;wiki-sans-filtre
age-dor-du-jeu-video_duck-hunt;wiki-en-cover
age-dor-du-jeu-video_excitebike;wiki-en-cover
age-dor-du-jeu-video_final-fantasy-vi;wiki-en-cover
age-dor-du-jeu-video_final-fantasy-vii;wiki-en-cover
age-dor-du-jeu-video_frogger;wiki-en-cover
age-dor-du-jeu-video_galaga;wiki-en-cover
age-dor-du-jeu-video_goldeneye-007;wiki-en-cover
age-dor-du-jeu-video_gran-turismo;bing
age-dor-du-jeu-video_half-life;bing
age-dor-du-jeu-video_maniac-mansion;wiki-en-cover
age-dor-du-jeu-video_mario-kart-64;wiki-sans-filtre
age-dor-du-jeu-video_mega-man-2;wiki-sans-filtre
age-dor-du-jeu-video_metal-gear-solid;wiki-en-cover
age-dor-du-jeu-video_metroid;wiki-sans-filtre
age-dor-du-jeu-video_missile-command;wiki-en-cover
age-dor-du-jeu-video_mortal-kombat;bing
age-dor-du-jeu-video_myst;wiki-sans-filtre
age-dor-du-jeu-video_pac-man;wiki-en-cover
age-dor-du-jeu-video_pokemon-rouge-et-bleu;wiki-en-cover
age-dor-du-jeu-video_pong;wiki-en-cover
age-dor-du-jeu-video_prince-of-persia;wiki-sans-filtre
age-dor-du-jeu-video_punch-out;wiki-en-cover
age-dor-du-jeu-video_q-bert;wiki-en-cover
age-dor-du-jeu-video_quake-jeu-video;wiki-sans-filtre
age-dor-du-jeu-video_resident-evil;bing
age-dor-du-jeu-video_simcity;wiki-sans-filtre
age-dor-du-jeu-video_sonic-the-hedgehog;wiki-sans-filtre
age-dor-du-jeu-video_space-invaders;wiki-en-cover
age-dor-du-jeu-video_spyro-the-dragon;wiki-en-cover
age-dor-du-jeu-video_starcraft;bing
age-dor-du-jeu-video_street-fighter-ii-the-world-warrior;wiki-en-cover
age-dor-du-jeu-video_super-mario-64;wiki-en-cover
age-dor-du-jeu-video_super-mario-bros;wiki-en-cover
age-dor-du-jeu-video_super-mario-world;wiki-en-cover
age-dor-du-jeu-video_super-metroid;wiki-sans-filtre
age-dor-du-jeu-video_super-smash-bros-jeu-video;wiki-fr
age-dor-du-jeu-video_tetris;wiki-sans-filtre
age-dor-du-jeu-video_the-legend-of-zelda;bing
age-dor-du-jeu-video_the-legend-of-zelda-a-link-to-the-past;wiki-en-cover
age-dor-du-jeu-video_the-legend-of-zelda-ocarina-of-time;wiki-en-cover
age-dor-du-jeu-video_tomb-raider;wiki-en-cover
age-dor-du-jeu-video_tony-hawk-s-skateboarding;wiki-sans-filtre
age-dor-du-jeu-video_unreal-tournament;wiki-fr
age-dor-du-jeu-video_warcraft-ii-tides-of-darkness;wiki-en-cover
age-dor-du-jeu-video_wolfenstein-3d;wiki-en-cover
auteurs-classiques_alessandro-manzoni;wiki-fr
auteurs-classiques_alexandre-dumas;wiki-fr
auteurs-classiques_alexandre-pouchkine;wiki-sans-filtre
auteurs-classiques_alfred-de-musset;wiki-fr
auteurs-classiques_alfred-de-vigny;wiki-fr
auteurs-classiques_alphonse-de-lamartine;wiki-fr
auteurs-classiques_anne-bronte;wiki-sans-filtre
auteurs-classiques_anton-tchekhov;wiki-fr
auteurs-classiques_aristophane;wiki-fr
auteurs-classiques_arthur-rimbaud;wiki-fr
auteurs-classiques_boccace;wiki-fr
auteurs-classiques_bram-stoker;wiki-fr
auteurs-classiques_cao-xueqin;wiki-fr
auteurs-classiques_charles-baudelaire;wiki-fr
auteurs-classiques_charles-dickens;wiki-fr
auteurs-classiques_charles-perrault;wiki-fr
auteurs-classiques_charlotte-bronte;wiki-fr
auteurs-classiques_chateaubriand-viande;wiki-fr
auteurs-classiques_chretien-de-troyes;wiki-fr
auteurs-classiques_ciceron;wiki-fr
auteurs-classiques_confucius;wiki-fr
auteurs-classiques_daniel-defoe;wiki-fr
auteurs-classiques_dante-alighieri;wiki-fr
auteurs-classiques_denis-diderot;wiki-fr
auteurs-classiques_donatien-alphonse-francois-de-sade;wiki-fr
auteurs-classiques_edgar-allan-poe;wiki-fr
auteurs-classiques_emile-zola;wiki-fr
auteurs-classiques_emily-bronte;wiki-fr
auteurs-classiques_emily-dickinson;wiki-fr
auteurs-classiques_erasme;wiki-fr
auteurs-classiques_ernst-theodor-amadeus-hoffmann;wiki-fr
auteurs-classiques_eschyle;wiki-fr
auteurs-classiques_esope;wiki-fr
auteurs-classiques_euripide;wiki-fr
auteurs-classiques_ferdowsi;wiki-fr
auteurs-classiques_fiodor-dostoievski;wiki-fr
auteurs-classiques_francois-rabelais;wiki-fr
auteurs-classiques_friedrich-schiller;wiki-fr
auteurs-classiques_geoffrey-chaucer;wiki-fr
auteurs-classiques_george-eliot;wiki-fr
auteurs-classiques_george-sand;wiki-fr
auteurs-classiques_gustave-flaubert;wiki-fr
auteurs-classiques_guy-de-maupassant;wiki-fr
auteurs-classiques_h-g-wells;wiki-fr
auteurs-classiques_heinrich-heine;wiki-fr
auteurs-classiques_henry-fielding;bing
auteurs-classiques_henry-james;wiki-fr
auteurs-classiques_herman-melville;wiki-fr
auteurs-classiques_herodote;wiki-fr
auteurs-classiques_hesiode;wiki-fr
auteurs-classiques_homere;wiki-fr
auteurs-classiques_honore-de-balzac;wiki-fr
auteurs-classiques_horace;wiki-fr
auteurs-classiques_ivan-tourgueniev;wiki-fr
auteurs-classiques_jack-london;wiki-fr
auteurs-classiques_jane-austen;wiki-fr
auteurs-classiques_jean-de-la-fontaine;wiki-fr
auteurs-classiques_jean-jacques-rousseau;memo:philosophes
auteurs-classiques_jean-racine;wiki-fr
auteurs-classiques_joaquim-maria-machado-de-assis;wiki-fr
auteurs-classiques_johann-wolfgang-von-goethe;wiki-fr
auteurs-classiques_john-donne;wiki-fr
auteurs-classiques_john-keats;wiki-fr
auteurs-classiques_john-milton;wiki-fr
auteurs-classiques_jonathan-swift;wiki-fr
auteurs-classiques_joseph-conrad;wiki-fr
auteurs-classiques_jules-verne;wiki-fr
auteurs-classiques_laurence-sterne;wiki-fr
auteurs-classiques_leon-tolstoi;wiki-fr
auteurs-classiques_lewis-carroll;wiki-fr
auteurs-classiques_lope-de-vega;wiki-fr
auteurs-classiques_lord-byron;wiki-fr
auteurs-classiques_luis-de-camoes;wiki-fr
auteurs-classiques_madame-de-la-fayette;wiki-sans-filtre
auteurs-classiques_mark-twain;wiki-fr
auteurs-classiques_mary-shelley;wiki-fr
auteurs-classiques_matsuo-basho;wiki-en
auteurs-classiques_michel-de-montaigne;wiki-fr
auteurs-classiques_miguel-de-cervantes;wiki-fr
auteurs-classiques_mikhail-lermontov;wiki-fr
auteurs-classiques_moliere;wiki-fr
auteurs-classiques_murasaki-shikibu;wiki-fr
auteurs-classiques_nathaniel-hawthorne;wiki-fr
auteurs-classiques_natsume-soseki;wiki-fr
auteurs-classiques_nicolas-gogol;wiki-fr
auteurs-classiques_omar-khayyam;wiki-fr
auteurs-classiques_oscar-wilde;wiki-fr
auteurs-classiques_ovide;wiki-fr
auteurs-classiques_paul-verlaine;wiki-fr
auteurs-classiques_pedro-calderon-de-la-barca;wiki-fr
auteurs-classiques_percy-bysshe-shelley;wiki-fr
auteurs-classiques_petrarque;wiki-fr
auteurs-classiques_pierre-augustin-caron-de-beaumarchais;wiki-fr
auteurs-classiques_pierre-choderlos-de-laclos;wiki-fr
auteurs-classiques_pierre-corneille;wiki-fr
auteurs-classiques_prosper-merimee;wiki-fr
auteurs-classiques_rudyard-kipling;wiki-fr
auteurs-classiques_rumi;wiki-fr
auteurs-classiques_sappho;wiki-fr
auteurs-classiques_seneque;wiki-fr
auteurs-classiques_sophocle;wiki-fr
auteurs-classiques_stendhal;wiki-fr
auteurs-classiques_stephane-mallarme;wiki-fr
auteurs-classiques_sun-tzu;wiki-fr
auteurs-classiques_theophile-gautier;wiki-fr
auteurs-classiques_thomas-hardy-ecrivain;wiki-fr
auteurs-classiques_thucydide;wiki-fr
auteurs-classiques_victor-hugo;wiki-fr
auteurs-classiques_virgile;wiki-fr
auteurs-classiques_voltaire;memo:philosophes
auteurs-classiques_walt-whitman;wiki-fr
auteurs-classiques_walter-scott;wiki-fr
auteurs-classiques_william-shakespeare;wiki-fr
auteurs-classiques_william-wordsworth;wiki-fr
auteurs-modernes_agatha-christie;wiki-fr
auteurs-modernes_alain-robbe-grillet;wiki-fr
auteurs-modernes_albert-camus;memo:philosophes
auteurs-modernes_alberto-moravia;wiki-fr
auteurs-modernes_aldous-huxley;wiki-fr
auteurs-modernes_alexandre-soljenitsyne;wiki-fr
auteurs-modernes_alice-munro;wiki-fr
auteurs-modernes_amelie-nothomb;wiki-fr
auteurs-modernes_amos-oz;wiki-fr
auteurs-modernes_andre-gide;wiki-fr
auteurs-modernes_andre-malraux;wiki-fr
auteurs-modernes_anna-akhmatova;wiki-fr
auteurs-modernes_annie-ernaux;wiki-fr
auteurs-modernes_antoine-de-saint-exupery;wiki-fr
auteurs-modernes_arthur-c-clarke;wiki-fr
auteurs-modernes_arthur-miller;wiki-fr
auteurs-modernes_bertolt-brecht;wiki-fr
auteurs-modernes_boris-pasternak;wiki-fr
auteurs-modernes_boris-vian;wiki-fr
auteurs-modernes_c-s-lewis;wiki-fr
auteurs-modernes_chimamanda-ngozi-adichie;wiki-fr
auteurs-modernes_chinua-achebe;wiki-fr
auteurs-modernes_colette;wiki-fr
auteurs-modernes_cormac-mccarthy;wiki-fr
auteurs-modernes_d-h-lawrence;wiki-fr
auteurs-modernes_douglas-adams;wiki-fr
auteurs-modernes_e-m-forster;wiki-fr
auteurs-modernes_erich-maria-remarque;wiki-fr
auteurs-modernes_ernest-hemingway;wiki-fr
auteurs-modernes_eugene-ionesco;wiki-fr
auteurs-modernes_eugene-o-neill;wiki-sans-filtre
auteurs-modernes_f-scott-fitzgerald;wiki-fr
auteurs-modernes_federico-garcia-lorca;wiki-fr
auteurs-modernes_fernando-pessoa;wiki-fr
auteurs-modernes_francois-mauriac;wiki-fr
auteurs-modernes_franz-kafka;wiki-fr
auteurs-modernes_gabriel-garcia-marquez;wiki-fr
auteurs-modernes_george-orwell;wiki-fr
auteurs-modernes_george-r-r-martin;wiki-fr
auteurs-modernes_georges-perec;wiki-fr
auteurs-modernes_georges-simenon;wiki-fr
auteurs-modernes_graham-greene;wiki-fr
auteurs-modernes_guillaume-apollinaire;wiki-fr
auteurs-modernes_gunter-grass;wiki-fr
auteurs-modernes_h-p-lovecraft;wiki-fr
auteurs-modernes_han-kang;wiki-fr
auteurs-modernes_harper-lee;bing
auteurs-modernes_haruki-murakami;wiki-fr
auteurs-modernes_hermann-hesse;wiki-fr
auteurs-modernes_isaac-asimov;wiki-fr
auteurs-modernes_isabel-allende;wiki-fr
auteurs-modernes_ismail-kadare;wiki-fr
auteurs-modernes_italo-calvino;wiki-sans-filtre
auteurs-modernes_j-d-salinger;wiki-fr
auteurs-modernes_j-k-rowling;wiki-fr
auteurs-modernes_j-m-g-le-clezio;wiki-fr
auteurs-modernes_j-r-r-tolkien;wiki-fr
auteurs-modernes_jack-kerouac;wiki-sans-filtre
auteurs-modernes_jacques-prevert;bing
auteurs-modernes_james-baldwin-ecrivain;wiki-fr
auteurs-modernes_james-joyce;wiki-fr
auteurs-modernes_jean-cocteau;wiki-fr
auteurs-modernes_jean-genet;wiki-fr
auteurs-modernes_jean-giono;wiki-fr
auteurs-modernes_jean-paul-sartre;memo:philosophes
auteurs-modernes_john-steinbeck;wiki-fr
auteurs-modernes_jorge-amado;wiki-fr
auteurs-modernes_jorge-luis-borges;wiki-fr
auteurs-modernes_jose-saramago;wiki-sans-filtre
auteurs-modernes_juan-rulfo;wiki-fr
auteurs-modernes_julio-cortazar;wiki-fr
auteurs-modernes_kazuo-ishiguro;wiki-fr
auteurs-modernes_kenzaburo-oe;wiki-fr
auteurs-modernes_khalil-gibran;wiki-sans-filtre
auteurs-modernes_kurt-vonnegut;wiki-fr
auteurs-modernes_langston-hughes;wiki-fr
auteurs-modernes_liu-cixin;wiki-fr
auteurs-modernes_louis-aragon;wiki-fr
auteurs-modernes_louis-ferdinand-celine;wiki-fr
auteurs-modernes_lu-xun-ecrivain;wiki-fr
auteurs-modernes_luigi-pirandello;wiki-fr
auteurs-modernes_marcel-pagnol;wiki-fr
auteurs-modernes_marcel-proust;wiki-fr
auteurs-modernes_margaret-atwood;wiki-fr
auteurs-modernes_marguerite-duras;wiki-fr
auteurs-modernes_marguerite-yourcenar;wiki-fr
auteurs-modernes_mariama-ba;wiki-fr
auteurs-modernes_mario-vargas-llosa;wiki-fr
auteurs-modernes_maxime-gorki;wiki-fr
auteurs-modernes_maya-angelou;wiki-fr
auteurs-modernes_michel-houellebecq;wiki-fr
auteurs-modernes_michel-tournier;wiki-fr
auteurs-modernes_miguel-de-unamuno;wiki-fr
auteurs-modernes_mikhail-boulgakov;wiki-fr
auteurs-modernes_milan-kundera;wiki-fr
auteurs-modernes_mo-yan;wiki-fr
auteurs-modernes_munshi-premchand;bing
auteurs-modernes_naguib-mahfouz;wiki-fr
auteurs-modernes_nathalie-sarraute;wiki-fr
auteurs-modernes_nawal-el-saadawi;wiki-fr
auteurs-modernes_neil-gaiman;wiki-fr
auteurs-modernes_ngugi-wa-thiong-o;wiki-fr
auteurs-modernes_octavio-paz;wiki-fr
auteurs-modernes_orhan-pamuk;wiki-fr
auteurs-modernes_pablo-neruda;wiki-fr
auteurs-modernes_patrick-modiano;wiki-fr
auteurs-modernes_paul-celan;wiki-fr
auteurs-modernes_paul-eluard;wiki-fr
auteurs-modernes_philip-k-dick;wiki-sans-filtre
auteurs-modernes_philip-roth;wiki-sans-filtre
auteurs-modernes_primo-levi;wiki-fr
auteurs-modernes_rabindranath-tagore;wiki-fr
auteurs-modernes_rainer-maria-rilke;wiki-fr
auteurs-modernes_ray-bradbury;wiki-fr
auteurs-modernes_raymond-queneau;wiki-fr
auteurs-modernes_robert-frost;wiki-fr
auteurs-modernes_robert-musil;wiki-fr
auteurs-modernes_roberto-bolano;wiki-fr
auteurs-modernes_romain-gary;wiki-sans-filtre
auteurs-modernes_salman-rushdie;wiki-fr
auteurs-modernes_samuel-beckett;wiki-fr
auteurs-modernes_saul-bellow;wiki-fr
auteurs-modernes_simone-de-beauvoir;memo:philosophes
auteurs-modernes_stefan-zweig;bing
auteurs-modernes_stephen-king;wiki-fr
auteurs-modernes_svetlana-alexievitch;wiki-fr
auteurs-modernes_sylvia-plath;wiki-sans-filtre
auteurs-modernes_t-s-eliot;wiki-fr
auteurs-modernes_tennessee-williams;wiki-fr
auteurs-modernes_terry-pratchett;wiki-fr
auteurs-modernes_thomas-mann;wiki-fr
auteurs-modernes_toni-morrison;wiki-fr
auteurs-modernes_truman-capote;wiki-fr
auteurs-modernes_umberto-eco;wiki-sans-filtre
auteurs-modernes_ursula-k-le-guin;wiki-fr
auteurs-modernes_virginia-woolf;wiki-fr
auteurs-modernes_vladimir-maiakovski;wiki-fr
auteurs-modernes_vladimir-nabokov;wiki-fr
auteurs-modernes_william-butler-yeats;wiki-fr
auteurs-modernes_william-faulkner;wiki-fr
auteurs-modernes_wole-soyinka;wiki-fr
auteurs-modernes_yasunari-kawabata;wiki-fr
auteurs-modernes_yukio-mishima;wiki-fr
aviateurs-celebres_adolf-galland;wiki-fr
aviateurs-celebres_adolphe-pegoud;wiki-fr
aviateurs-celebres_albert-scott-crossfield;wiki-sans-filtre
aviateurs-celebres_alberto-santos-dumont;wiki-fr
aviateurs-celebres_amelia-earhart;wiki-fr
aviateurs-celebres_amy-johnson;wiki-fr
aviateurs-celebres_andre-turcat;wiki-fr
aviateurs-celebres_andrei-tupolev;wiki-fr
aviateurs-celebres_anthony-fokker;wiki-fr
aviateurs-celebres_antoine-de-saint-exupery;wiki-fr
aviateurs-celebres_beryl-markham;wiki-sans-filtre
aviateurs-celebres_bessie-coleman;wiki-fr
aviateurs-celebres_bob-hoover;wiki-sans-filtre
aviateurs-celebres_charles-kingsford-smith;wiki-fr
aviateurs-celebres_charles-lindbergh;wiki-fr
aviateurs-celebres_charles-nungesser;wiki-fr
aviateurs-celebres_chesley-sullenberger;wiki-fr
aviateurs-celebres_chuck-yeager;wiki-fr
aviateurs-celebres_clarence-johnson;wiki-fr
aviateurs-celebres_clement-ader;wiki-sans-filtre
aviateurs-celebres_didier-daurat;wiki-fr
aviateurs-celebres_dieudonne-costes;wiki-fr
aviateurs-celebres_douglas-bader;wiki-fr
aviateurs-celebres_edward-vernon-rickenbacker;wiki-fr
aviateurs-celebres_elisa-deroche;wiki-fr
aviateurs-celebres_erich-hartmann-aviateur;wiki-fr
aviateurs-celebres_ernst-udet;wiki-fr
aviateurs-celebres_francois-coli;bing
aviateurs-celebres_gabriel-voisin;wiki-fr
aviateurs-celebres_geoffrey-de-havilland;wiki-fr
aviateurs-celebres_georges-guynemer;wiki-fr
aviateurs-celebres_glenn-curtiss;wiki-fr
aviateurs-celebres_harriet-quimby;wiki-fr
aviateurs-celebres_helene-boucher;wiki-fr
aviateurs-celebres_henri-farman;wiki-fr
aviateurs-celebres_henri-guillaumet;wiki-sans-filtre
aviateurs-celebres_howard-hughes;wiki-fr
aviateurs-celebres_hubert-latham;wiki-fr
aviateurs-celebres_hugo-junkers;wiki-fr
aviateurs-celebres_igor-sikorsky;wiki-fr
aviateurs-celebres_jacqueline-auriol;wiki-fr
aviateurs-celebres_jacqueline-cochran;wiki-fr
aviateurs-celebres_james-h-doolittle;wiki-fr
aviateurs-celebres_jean-batten;wiki-fr
aviateurs-celebres_jean-mermoz;wiki-fr
aviateurs-celebres_juan-de-la-cierva-y-codorniu;bing
aviateurs-celebres_louis-bleriot;wiki-fr
aviateurs-celebres_louis-charles-breguet;wiki-fr
aviateurs-celebres_manfred-von-richthofen;wiki-fr
aviateurs-celebres_marcel-dassault;wiki-fr
aviateurs-celebres_maryse-bastie;wiki-fr
aviateurs-celebres_maurice-bellonte;wiki-fr
aviateurs-celebres_orville-wright;wiki-fr
aviateurs-celebres_otto-lilienthal;wiki-fr
aviateurs-celebres_pancho-barnes;wiki-sans-filtre
aviateurs-celebres_pierre-clostermann;wiki-fr
aviateurs-celebres_pierre-georges-latecoere;wiki-fr
aviateurs-celebres_rene-fonck;wiki-fr
aviateurs-celebres_roland-garros;wiki-fr
aviateurs-celebres_saburo-sakai;wiki-fr
aviateurs-celebres_serguei-iliouchine;wiki-fr
aviateurs-celebres_steve-fossett;wiki-fr
aviateurs-celebres_wilbur-wright;wiki-fr
aviateurs-celebres_wiley-post;bing
aviateurs-celebres_william-edward-boeing;wiki-fr
aviateurs-celebres_willy-messerschmitt;wiki-fr
aviateurs-celebres_yves-rossy;wiki-fr
cinema-moderne_akira-film-d-animation;bing
cinema-moderne_amadeus-film;memo:films
cinema-moderne_american-beauty;memo:films
cinema-moderne_amours-chiennes;memo:films
cinema-moderne_asterix-et-obelix-mission-cleopatre;wiki-fr
cinema-moderne_avatar-film-2009;bing
cinema-moderne_avengers-endgame;wiki-fr
cinema-moderne_batman-film-1989;tmdb
cinema-moderne_blade-runner-2049;tmdb
cinema-moderne_blade-runner-film;memo:films
cinema-moderne_braveheart;wiki-sans-filtre
cinema-moderne_cinema-paradiso;wiki-fr
cinema-moderne_dernier-train-pour-busan;tmdb
cinema-moderne_die-hard;memo:films
cinema-moderne_dirty-dancing;tmdb
cinema-moderne_django-unchained;memo:films
cinema-moderne_dune-film-2021;tmdb
cinema-moderne_dunkerque-film-2017;tmdb
cinema-moderne_e-t-l-extra-terrestre;tmdb
cinema-moderne_eternal-sunshine-of-the-spotless-mind;memo:films
cinema-moderne_everything-everywhere-all-at-once;memo:films
cinema-moderne_fargo-film;memo:films
cinema-moderne_fight-club-film;memo:films
cinema-moderne_forrest-gump;memo:films
cinema-moderne_full-metal-jacket;memo:films
cinema-moderne_get-out-film;memo:films
cinema-moderne_gladiator-film-2000;memo:films
cinema-moderne_gone-girl;tmdb
cinema-moderne_gravity-film;tmdb
cinema-moderne_harry-potter-a-l-ecole-des-sorciers;wiki-fr
cinema-moderne_heat-film-1972;memo:films
cinema-moderne_her-film;memo:films
cinema-moderne_il-faut-sauver-le-soldat-ryan;tmdb
cinema-moderne_in-the-mood-for-love;wiki-sans-filtre
cinema-moderne_inception;memo:films
cinema-moderne_inglourious-basterds;tmdb
cinema-moderne_interstellar;tmdb
cinema-moderne_intouchables-film;wiki-sans-filtre
cinema-moderne_joker-film-2019;memo:films
cinema-moderne_jurassic-park;tmdb
cinema-moderne_kill-bill-volume-1;wiki-sans-filtre
cinema-moderne_la-cite-de-la-peur-film-1948;wiki-fr
cinema-moderne_la-haine;tmdb
cinema-moderne_la-haut-film-2009;wiki-sans-filtre
cinema-moderne_la-la-land-film;memo:films
cinema-moderne_la-liste-de-schindler;tmdb
cinema-moderne_la-reine-des-neiges-film-2013;wiki-sans-filtre
cinema-moderne_la-vie-d-adele-chapitres-1-et-2;tmdb
cinema-moderne_le-cercle-des-poetes-disparus;tmdb
cinema-moderne_le-chateau-ambulant;tmdb
cinema-moderne_le-chateau-dans-le-ciel;tmdb
cinema-moderne_le-cinquieme-element;bing
cinema-moderne_le-diner-de-cons;wiki-sans-filtre
cinema-moderne_le-fabuleux-destin-d-amelie-poulain;tmdb
cinema-moderne_le-grand-bleu;tmdb
cinema-moderne_le-labyrinthe-de-pan;memo:films
cinema-moderne_le-monde-de-nemo;bing
cinema-moderne_le-roi-lion;tmdb
cinema-moderne_le-seigneur-des-anneaux-la-communaute-de-l-anneau;bing
cinema-moderne_le-silence-des-agneaux-film;tmdb
cinema-moderne_le-tombeau-des-lucioles;bing
cinema-moderne_le-voyage-de-chihiro;tmdb
cinema-moderne_leon-film;tmdb
cinema-moderne_les-affranchis-film;wiki-sans-filtre
cinema-moderne_les-aventuriers-de-l-arche-perdue;tmdb
cinema-moderne_les-evades-film-1994;wiki-sans-filtre
cinema-moderne_les-indestructibles;bing
cinema-moderne_les-visiteurs-film-1993;wiki-sans-filtre
cinema-moderne_mad-max-fury-road;memo:films
cinema-moderne_mademoiselle-film-2016;tmdb
cinema-moderne_matrix-film;tmdb
cinema-moderne_memories-of-murder;tmdb
cinema-moderne_mon-voisin-totoro;tmdb
cinema-moderne_moonlight-film-2016;memo:films
cinema-moderne_nikita-film;wiki-fr
cinema-moderne_no-country-for-old-men;memo:films
cinema-moderne_old-boy-film-2003;tmdb
cinema-moderne_oppenheimer-film;memo:films
cinema-moderne_parasite-film-2019;memo:films
cinema-moderne_princesse-mononoke;tmdb
cinema-moderne_pulp-fiction;memo:films
cinema-moderne_ratatouille-film;wiki-sans-filtre
cinema-moderne_requiem-for-a-dream;memo:films
cinema-moderne_reservoir-dogs;memo:films
cinema-moderne_retour-vers-le-futur;tmdb
cinema-moderne_scarface-film-1983;memo:films
cinema-moderne_se7en-chanteur;memo:films
cinema-moderne_shining-film;memo:films
cinema-moderne_shrek-film;wiki-sans-filtre
cinema-moderne_sixieme-sens-film;wiki-sans-filtre
cinema-moderne_sos-fantomes;tmdb
cinema-moderne_terminator;tmdb
cinema-moderne_the-batman;tmdb
cinema-moderne_the-big-lebowski;wiki-sans-filtre
cinema-moderne_the-dark-knight-le-chevalier-noir;memo:films
cinema-moderne_the-grand-budapest-hotel;tmdb
cinema-moderne_the-social-network;memo:films
cinema-moderne_the-truman-show;memo:films
cinema-moderne_there-will-be-blood;memo:films
cinema-moderne_tigre-et-dragon;wiki-sans-filtre
cinema-moderne_titanic-film-1997;memo:films
cinema-moderne_top-gun-film;tmdb
cinema-moderne_toy-story;bing
cinema-moderne_trainspotting-film;tmdb
cinema-moderne_usual-suspects;tmdb
cinema-moderne_vice-versa-film-2015;wiki-sans-filtre
cinema-moderne_wall-e;tmdb
cinema-moderne_whiplash-film-2014;memo:films
cinema-moderne_your-name;wiki-sans-filtre
cinema-moderne_zodiac-film;tmdb
classiques-du-cinema_2001-l-odyssee-de-l-espace;memo:films
classiques-du-cinema_a-bout-de-souffle;memo:films
classiques-du-cinema_alien-film;memo:films
classiques-du-cinema_amarcord;tmdb
classiques-du-cinema_andrei-roublev-film;tmdb
classiques-du-cinema_apocalypse-now;memo:films
classiques-du-cinema_autant-en-emporte-le-vent-film;memo:films
classiques-du-cinema_ben-hur-film-1959;memo:films
classiques-du-cinema_bonnie-and-clyde-chanson;memo:films
classiques-du-cinema_boulevard-du-crepuscule;memo:films
classiques-du-cinema_casablanca-film;memo:films
classiques-du-cinema_certains-l-aiment-chaud;tmdb
classiques-du-cinema_chantons-sous-la-pluie;tmdb
classiques-du-cinema_chinatown-film;memo:films
classiques-du-cinema_citizen-kane;memo:films
classiques-du-cinema_docteur-folamour;wiki-sans-filtre
classiques-du-cinema_douze-hommes-en-colere-film;tmdb
classiques-du-cinema_easy-rider-film;memo:films
classiques-du-cinema_fenetre-sur-cour;tmdb
classiques-du-cinema_huit-et-demi;tmdb
classiques-du-cinema_il-etait-une-fois-dans-l-ouest;memo:films
classiques-du-cinema_king-kong;memo:films
classiques-du-cinema_l-exorciste-film;memo:films
classiques-du-cinema_la-bataille-d-alger;tmdb
classiques-du-cinema_la-dolce-vita;memo:films
classiques-du-cinema_la-grande-vadrouille;tmdb
classiques-du-cinema_la-mort-aux-trousses;wiki-fr
classiques-du-cinema_la-regle-du-jeu;memo:films
classiques-du-cinema_la-ruee-vers-l-or;memo:films
classiques-du-cinema_la-vie-est-belle-film-1946;memo:films
classiques-du-cinema_lawrence-d-arabie-film;memo:films
classiques-du-cinema_le-bon-la-brute-et-le-truand;memo:films
classiques-du-cinema_le-cuirasse-potemkine;memo:films
classiques-du-cinema_le-dictateur;memo:films
classiques-du-cinema_le-kid;tmdb
classiques-du-cinema_le-laureat;wiki-fr
classiques-du-cinema_le-magicien-d-oz-film-1939;memo:films
classiques-du-cinema_le-parrain-2e-partie;tmdb
classiques-du-cinema_le-parrain-film;memo:films
classiques-du-cinema_le-pont-de-la-riviere-kwai-film;wiki-fr
classiques-du-cinema_le-salaire-de-la-peur;wiki-sans-filtre
classiques-du-cinema_le-septieme-sceau;memo:films
classiques-du-cinema_le-troisieme-homme-film;memo:films
classiques-du-cinema_le-voleur-de-bicyclette;memo:films
classiques-du-cinema_le-voyage-dans-la-lune;memo:films
classiques-du-cinema_les-dents-de-la-mer;memo:films
classiques-du-cinema_les-enfants-du-paradis;memo:films
classiques-du-cinema_les-lumieres-de-la-ville;wiki-fr
classiques-du-cinema_les-oiseaux-film;wiki-fr
classiques-du-cinema_les-quatre-cents-coups;tmdb
classiques-du-cinema_les-sept-samourais;memo:films
classiques-du-cinema_les-temps-modernes-film;memo:films
classiques-du-cinema_les-tontons-flingueurs;wiki-sans-filtre
classiques-du-cinema_m-le-maudit;memo:films
classiques-du-cinema_macadam-cowboy;wiki-sans-filtre
classiques-du-cinema_metropolis-film-1927;memo:films
classiques-du-cinema_naissance-d-une-nation;memo:films
classiques-du-cinema_nosferatu-film-2024;memo:films
classiques-du-cinema_orange-mecanique;tmdb
classiques-du-cinema_psychose-film;tmdb
classiques-du-cinema_rashomon-film-1950;memo:films
classiques-du-cinema_rencontres-du-troisieme-type;tmdb
classiques-du-cinema_rocky-film;memo:films
classiques-du-cinema_solaris-film-1972;tmdb
classiques-du-cinema_star-wars-episode-iv-un-nouvel-espoir;memo:films
classiques-du-cinema_sueurs-froides;memo:films
classiques-du-cinema_taxi-driver;memo:films
classiques-du-cinema_vivre-film-1952;tmdb
classiques-du-cinema_vol-au-dessus-d-un-nid-de-coucou;memo:films
classiques-du-cinema_voyage-a-tokyo;memo:films
constellations_aigle-constellation;iau
constellations_andromede-constellation;iau
constellations_autel-constellation;wiki-sans-filtre
constellations_balance-constellation;iau
constellations_baleine-constellation;iau
constellations_belier-constellation;iau
constellations_boussole-constellation;iau
constellations_bouvier-constellation;iau
constellations_burin-constellation;iau
constellations_cameleon-constellation;iau
constellations_cancer-constellation;iau
constellations_capricorne-constellation;iau
constellations_carene-constellation;iau
constellations_cassiopee-constellation;iau
constellations_centaure-constellation;iau
constellations_cephee-constellation;iau
constellations_chevelure-de-berenice;iau
constellations_chiens-de-chasse;iau
constellations_cocher-constellation;iau
constellations_colombe-constellation;iau
constellations_compas-constellation;iau
constellations_corbeau-constellation;iau
constellations_coupe-constellation;iau
constellations_couronne-australe;iau
constellations_couronne-boreale;iau
constellations_croix-du-sud;iau
constellations_cygne-constellation;iau
constellations_dauphin-constellation;iau
constellations_dorade-constellation;iau
constellations_dragon-constellation;iau
constellations_ecu-de-sobieski;iau
constellations_eridan-constellation;iau
constellations_fleche-constellation;iau
constellations_fourneau-constellation;iau
constellations_gemeaux;iau
constellations_girafe-constellation;iau
constellations_grand-chien;iau
constellations_grande-ourse;iau
constellations_grue-constellation;iau
constellations_hercule-constellation;iau
constellations_horloge-constellation;iau
constellations_hydre-constellation;iau
constellations_hydre-male;iau
constellations_indien-constellation;iau
constellations_lezard-constellation;iau
constellations_licorne-constellation;iau
constellations_lievre-constellation;iau
constellations_lion-constellation;iau
constellations_loup-constellation;iau
constellations_lynx-constellation;iau
constellations_lyre-constellation;iau
constellations_machine-pneumatique;iau
constellations_microscope-constellation;iau
constellations_mouche-constellation;iau
constellations_octant-constellation;iau
constellations_oiseau-de-paradis-constellation;iau
constellations_ophiuchus;iau
constellations_orion-constellation;iau
constellations_paon-constellation;iau
constellations_pegase-constellation;iau
constellations_peintre-constellation;iau
constellations_persee-constellation;iau
constellations_petit-cheval;wiki-sans-filtre
constellations_petit-chien-constellation;iau
constellations_petit-lion;iau
constellations_petit-renard;iau
constellations_petite-ourse;iau
constellations_phenix-constellation;iau
constellations_poisson-austral;bing
constellations_poisson-volant-constellation;iau
constellations_poissons-constellation;iau
constellations_poupe-constellation;iau
constellations_regle-constellation;iau
constellations_reticule-constellation;iau
constellations_sagittaire-constellation;iau
constellations_scorpion-constellation;iau
constellations_sculpteur-constellation;iau
constellations_serpent-constellation;iau
constellations_sextant-constellation;iau
constellations_table-constellation;wiki-sans-filtre
constellations_taureau-constellation;iau
constellations_telescope-constellation;iau
constellations_toucan-constellation;iau
constellations_triangle-austral;iau
constellations_triangle-constellation;bing
constellations_verseau;iau
constellations_vierge-constellation;iau
constellations_voiles-constellation;iau
corps-celestes_1-ceres;wiki-fr
corps-celestes_101955-benou;wiki-fr
corps-celestes_136108-haumea;wiki-sans-filtre
corps-celestes_136199-eris;wiki-sans-filtre
corps-celestes_136472-makemake;wiki-fr
corps-celestes_162173-ryugu;bing
corps-celestes_1i-oumuamua;wiki-fr
corps-celestes_2-pallas;wiki-sans-filtre
corps-celestes_4-vesta;wiki-sans-filtre
corps-celestes_51-pegasi-b;bing
corps-celestes_67p-tchourioumov-guerassimenko;wiki-fr
corps-celestes_90377-sedna;wiki-sans-filtre
corps-celestes_99942-apophis;bing
corps-celestes_aldebaran;wiki-fr
corps-celestes_alpha-centauri;wiki-fr
corps-celestes_altair;wiki-fr
corps-celestes_amas-d-hercule;wiki-fr
corps-celestes_amas-de-la-vierge;bing
corps-celestes_antares;wiki-fr
corps-celestes_arcturus;bing
corps-celestes_ariel-lune;memo:lunes
corps-celestes_betelgeuse;bing
corps-celestes_c-1995-o1-hale-bopp;wiki-fr
corps-celestes_c-2020-f3-neowise;wiki-fr
corps-celestes_callisto-lune;memo:lunes
corps-celestes_ceinture-d-asteroides;bing
corps-celestes_ceinture-de-kuiper;wiki-fr
corps-celestes_centaurus-a;wiki-fr
corps-celestes_charon-lune;memo:lunes
corps-celestes_comete-de-halley;wiki-fr
corps-celestes_cygnus-x-1;wiki-fr
corps-celestes_deimos-lune;memo:lunes
corps-celestes_deneb;wiki-sans-filtre
corps-celestes_dione-lune;memo:lunes
corps-celestes_encelade-lune;memo:lunes
corps-celestes_etoile-polaire;wiki-fr
corps-celestes_europe-lune;memo:lunes
corps-celestes_gaia-bh1;wiki-fr
corps-celestes_galaxie-d-andromede;wiki-fr
corps-celestes_galaxie-du-triangle;wiki-fr
corps-celestes_ganymede-lune;memo:lunes
corps-celestes_grand-nuage-de-magellan;wiki-fr
corps-celestes_hd-189733-b;wiki-fr
corps-celestes_io-lune;memo:lunes
corps-celestes_japet-lune;memo:lunes
corps-celestes_jupiter-planete;wiki-fr
corps-celestes_kepler-452-b;wiki-fr
corps-celestes_lune;wiki-fr
corps-celestes_m104-galaxie;wiki-fr
corps-celestes_m17-nebuleuse;wiki-fr
corps-celestes_m51-galaxie;wiki-fr
corps-celestes_m87;wiki-fr
corps-celestes_mars-planete;wiki-fr
corps-celestes_mercure-planete;wiki-fr
corps-celestes_mimas-lune;memo:lunes
corps-celestes_miranda-lune;memo:lunes
corps-celestes_nebuleuse-d-orion;wiki-fr
corps-celestes_nebuleuse-de-l-aigle;wiki-fr
corps-celestes_nebuleuse-de-l-il-de-chat;wiki-fr
corps-celestes_nebuleuse-de-la-carene;bing
corps-celestes_nebuleuse-de-la-lagune;wiki-fr
corps-celestes_nebuleuse-de-la-lyre;wiki-fr
corps-celestes_nebuleuse-de-la-rosette;wiki-fr
corps-celestes_nebuleuse-de-la-tarentule;wiki-fr
corps-celestes_nebuleuse-de-la-tete-de-cheval;wiki-fr
corps-celestes_nebuleuse-du-cone;wiki-fr
corps-celestes_nebuleuse-du-crabe;wiki-fr
corps-celestes_nebuleuse-trifide;wiki-fr
corps-celestes_neptune-planete;wiki-fr
corps-celestes_ngc-6302;wiki-fr
corps-celestes_ngc-7293;bing
corps-celestes_nuage-de-oort;bing
corps-celestes_oberon-lune;memo:lunes
corps-celestes_petit-nuage-de-magellan;wiki-fr
corps-celestes_phobos-lune;memo:lunes
corps-celestes_pleiades-astronomie;wiki-fr
corps-celestes_pluton-planete-naine;wiki-fr
corps-celestes_proxima-centauri;wiki-fr
corps-celestes_proxima-centauri-b;wiki-fr
corps-celestes_rhea-lune;memo:lunes
corps-celestes_rigel;wiki-fr
corps-celestes_sagittarius-a;wiki-fr
corps-celestes_saturne-planete;wiki-fr
corps-celestes_shoemaker-levy-9;wiki-fr
corps-celestes_sirius;wiki-sans-filtre
corps-celestes_soleil;wiki-fr
corps-celestes_terre;wiki-fr
corps-celestes_tethys-lune;memo:lunes
corps-celestes_titan-lune;memo:lunes
corps-celestes_titania-lune;memo:lunes
corps-celestes_ton-618;wiki-fr
corps-celestes_trappist-1;wiki-fr
corps-celestes_triton-lune;memo:lunes
corps-celestes_umbriel-lune;memo:lunes
corps-celestes_uranus-planete;wiki-fr
corps-celestes_vega;wiki-fr
corps-celestes_venus-planete;wiki-fr
corps-celestes_voie-lactee;wiki-fr
coupes-du-monde-fifa_coupe-du-monde-de-football-1930;memo:coupes_monde
coupes-du-monde-fifa_coupe-du-monde-de-football-1934;memo:coupes_monde
coupes-du-monde-fifa_coupe-du-monde-de-football-1938;memo:coupes_monde
coupes-du-monde-fifa_coupe-du-monde-de-football-1950;memo:coupes_monde
coupes-du-monde-fifa_coupe-du-monde-de-football-1954;memo:coupes_monde
coupes-du-monde-fifa_coupe-du-monde-de-football-1958;memo:coupes_monde
coupes-du-monde-fifa_coupe-du-monde-de-football-1962;memo:coupes_monde
coupes-du-monde-fifa_coupe-du-monde-de-football-1966;memo:coupes_monde
coupes-du-monde-fifa_coupe-du-monde-de-football-1970;memo:coupes_monde
coupes-du-monde-fifa_coupe-du-monde-de-football-1974;memo:coupes_monde
coupes-du-monde-fifa_coupe-du-monde-de-football-1978;memo:coupes_monde
coupes-du-monde-fifa_coupe-du-monde-de-football-1982;memo:coupes_monde
coupes-du-monde-fifa_coupe-du-monde-de-football-1986;memo:coupes_monde
coupes-du-monde-fifa_coupe-du-monde-de-football-1990;memo:coupes_monde
coupes-du-monde-fifa_coupe-du-monde-de-football-1994;memo:coupes_monde
coupes-du-monde-fifa_coupe-du-monde-de-football-1998;memo:coupes_monde
coupes-du-monde-fifa_coupe-du-monde-de-football-2002;memo:coupes_monde
coupes-du-monde-fifa_coupe-du-monde-de-football-2006;memo:coupes_monde
coupes-du-monde-fifa_coupe-du-monde-de-football-2010;memo:coupes_monde
coupes-du-monde-fifa_coupe-du-monde-de-football-2014;memo:coupes_monde
coupes-du-monde-fifa_coupe-du-monde-de-football-2018;memo:coupes_monde
coupes-du-monde-fifa_coupe-du-monde-de-football-2022;memo:coupes_monde
coupes-du-monde-fifa_coupe-du-monde-de-football-2026;memo:coupes_monde
creatures-et-legendes_basilic-mythologie;wiki-sans-filtre
creatures-et-legendes_behemoth;wiki-fr
creatures-et-legendes_bete-du-gevaudan;wiki-fr
creatures-et-legendes_bigfoot;wiki-fr
creatures-et-legendes_bunyip;wiki-fr
creatures-et-legendes_chimere-mythologie;wiki-fr
creatures-et-legendes_chupacabra;wiki-sans-filtre
creatures-et-legendes_cocatrix;wiki-fr
creatures-et-legendes_diable-de-jersey;wiki-fr
creatures-et-legendes_djinn;wiki-fr
creatures-et-legendes_dragon-europeen;wiki-fr
creatures-et-legendes_dragon-oriental;wiki-fr
creatures-et-legendes_elfe;wiki-fr
creatures-et-legendes_fee;wiki-fr
creatures-et-legendes_gnome;wiki-fr
creatures-et-legendes_gobelin-folklore;wiki-fr
creatures-et-legendes_golem;wiki-fr
creatures-et-legendes_goule;wiki-fr
creatures-et-legendes_griffon-mythologie;wiki-fr
creatures-et-legendes_hippogriffe;wiki-fr
creatures-et-legendes_homme-papillon;wiki-fr
creatures-et-legendes_hydre-de-lerne;wiki-fr
creatures-et-legendes_korrigan;wiki-fr
creatures-et-legendes_kraken;wiki-sans-filtre
creatures-et-legendes_leviathan;wiki-fr
creatures-et-legendes_licorne;wiki-fr
creatures-et-legendes_lycanthrope;wiki-fr
creatures-et-legendes_manticore;wiki-fr
creatures-et-legendes_minotaure;wiki-fr
creatures-et-legendes_mokele-mbembe;wiki-fr
creatures-et-legendes_momie;wiki-fr
creatures-et-legendes_monstre-du-loch-ness;wiki-fr
creatures-et-legendes_ogre;wiki-fr
creatures-et-legendes_pegase;wiki-fr
creatures-et-legendes_phenix;wiki-fr
creatures-et-legendes_rokh;wiki-sans-filtre
creatures-et-legendes_salamandre-animal-legendaire;wiki-fr
creatures-et-legendes_sirene-mythologie-grecque;wiki-fr
creatures-et-legendes_tarasque;wiki-sans-filtre
creatures-et-legendes_vampire;wiki-fr
creatures-et-legendes_yeti;wiki-fr
creatures-et-legendes_zombie;wiki-fr
creatures-prehistoriques_andrewsarchus;wiki-fr
creatures-prehistoriques_anomalocaris;wiki-fr
creatures-prehistoriques_arthropleura;wiki-sans-filtre
creatures-prehistoriques_deinosuchus;wiki-fr
creatures-prehistoriques_dimetrodon;wiki-fr
creatures-prehistoriques_dimorphodon;wiki-fr
creatures-prehistoriques_dinornithiformes;wiki-fr
creatures-prehistoriques_dunkleosteus;wiki-fr
creatures-prehistoriques_elasmosaurus;wiki-fr
creatures-prehistoriques_gastornis;wiki-fr
creatures-prehistoriques_glyptodon;wiki-fr
creatures-prehistoriques_gorgonops;wiki-fr
creatures-prehistoriques_helicoprion;wiki-fr
creatures-prehistoriques_ichthyosaurus;wiki-sans-filtre
creatures-prehistoriques_kronosaurus;wiki-fr
creatures-prehistoriques_lion-des-cavernes-eurasiatique;wiki-fr
creatures-prehistoriques_liopleurodon;wiki-sans-filtre
creatures-prehistoriques_lystrosaurus;wiki-fr
creatures-prehistoriques_mammouth-laineux;wiki-fr
creatures-prehistoriques_mastodonte;wiki-fr
creatures-prehistoriques_megaloceros;wiki-fr
creatures-prehistoriques_megalodon;wiki-fr
creatures-prehistoriques_meganeura;wiki-fr
creatures-prehistoriques_megatherium;wiki-fr
creatures-prehistoriques_mosasaurus;wiki-fr
creatures-prehistoriques_paraceratherium;wiki-fr
creatures-prehistoriques_phorusrhacos;wiki-fr
creatures-prehistoriques_plesiosaurus;wiki-fr
creatures-prehistoriques_pteranodon;wiki-fr
creatures-prehistoriques_pterodactyle;wiki-fr
creatures-prehistoriques_pyornis;wiki-fr
creatures-prehistoriques_quetzalcoatlus;wiki-fr
creatures-prehistoriques_rhamphorhynchus;wiki-fr
creatures-prehistoriques_rhinoceros-laineux;wiki-fr
creatures-prehistoriques_sarcosuchus;wiki-fr
creatures-prehistoriques_shonisaurus;wiki-fr
creatures-prehistoriques_smilodon;wiki-fr
creatures-prehistoriques_titanoboa;wiki-fr
creatures-prehistoriques_trilobita;wiki-fr
creatures-prehistoriques_ursus-spelaeus;wiki-fr
dieux-et-figures-mythologiques-grecques_achille;memo:mythologie
dieux-et-figures-mythologiques-grecques_agamemnon;wiki-fr
dieux-et-figures-mythologiques-grecques_antigone-montpellier;wiki-fr
dieux-et-figures-mythologiques-grecques_aphrodite;memo:mythologie
dieux-et-figures-mythologiques-grecques_apollon;memo:mythologie
dieux-et-figures-mythologiques-grecques_arachne;memo:mythologie
dieux-et-figures-mythologiques-grecques_ares;memo:mythologie
dieux-et-figures-mythologiques-grecques_ariane-mythologie;wiki-fr
dieux-et-figures-mythologiques-grecques_artemis;memo:mythologie
dieux-et-figures-mythologiques-grecques_asclepios;wiki-fr
dieux-et-figures-mythologiques-grecques_athena;memo:mythologie
dieux-et-figures-mythologiques-grecques_atlas-mythologie;memo:mythologie
dieux-et-figures-mythologiques-grecques_bellerophon;wiki-fr
dieux-et-figures-mythologiques-grecques_cassandre;wiki-fr
dieux-et-figures-mythologiques-grecques_cerbere;memo:mythologie
dieux-et-figures-mythologiques-grecques_chaos-cosmogonie;memo:mythologie
dieux-et-figures-mythologiques-grecques_charon-mythologie;memo:mythologie
dieux-et-figures-mythologiques-grecques_charybde;wiki-fr
dieux-et-figures-mythologiques-grecques_chimere-mythologie;wiki-fr
dieux-et-figures-mythologiques-grecques_chiron-mythologie;wiki-fr
dieux-et-figures-mythologiques-grecques_chronos;memo:mythologie
dieux-et-figures-mythologiques-grecques_circe;wiki-fr
dieux-et-figures-mythologiques-grecques_cronos;wiki-fr
dieux-et-figures-mythologiques-grecques_dedale;memo:mythologie
dieux-et-figures-mythologiques-grecques_demeter;memo:mythologie
dieux-et-figures-mythologiques-grecques_dionysos;memo:mythologie
dieux-et-figures-mythologiques-grecques_dipe;memo:mythologie
dieux-et-figures-mythologiques-grecques_echidna;wiki-fr
dieux-et-figures-mythologiques-grecques_erebe;imposée
dieux-et-figures-mythologiques-grecques_erinyes;memo:mythologie
dieux-et-figures-mythologiques-grecques_eris;memo:mythologie
dieux-et-figures-mythologiques-grecques_eros;memo:mythologie
dieux-et-figures-mythologiques-grecques_eurydice;memo:mythologie
dieux-et-figures-mythologiques-grecques_gaia;wiki-fr
dieux-et-figures-mythologiques-grecques_hades;memo:mythologie
dieux-et-figures-mythologiques-grecques_harpies;wiki-fr
dieux-et-figures-mythologiques-grecques_hecate;memo:mythologie
dieux-et-figures-mythologiques-grecques_hector;wiki-fr
dieux-et-figures-mythologiques-grecques_helene-mythologie;wiki-sans-filtre
dieux-et-figures-mythologiques-grecques_helios;memo:mythologie
dieux-et-figures-mythologiques-grecques_hephaistos;memo:mythologie
dieux-et-figures-mythologiques-grecques_hera;memo:mythologie
dieux-et-figures-mythologiques-grecques_heracles;memo:mythologie
dieux-et-figures-mythologiques-grecques_hermes;memo:mythologie
dieux-et-figures-mythologiques-grecques_hestia;memo:mythologie
dieux-et-figures-mythologiques-grecques_hydre-de-lerne;wiki-fr
dieux-et-figures-mythologiques-grecques_hypnos;memo:mythologie
dieux-et-figures-mythologiques-grecques_icare;memo:mythologie
dieux-et-figures-mythologiques-grecques_iris-mythologie;wiki-fr
dieux-et-figures-mythologiques-grecques_jason;wiki-fr
dieux-et-figures-mythologiques-grecques_meduse-mythologie;memo:mythologie
dieux-et-figures-mythologiques-grecques_minotaure;wiki-sans-filtre
dieux-et-figures-mythologiques-grecques_moros-mythologie;memo:mythologie
dieux-et-figures-mythologiques-grecques_muses;wiki-sans-filtre
dieux-et-figures-mythologiques-grecques_narcisse-mythologie;memo:mythologie
dieux-et-figures-mythologiques-grecques_nemesis;wiki-fr
dieux-et-figures-mythologiques-grecques_nyx;memo:mythologie
dieux-et-figures-mythologiques-grecques_orphee;memo:mythologie
dieux-et-figures-mythologiques-grecques_ouranos;wiki-fr
dieux-et-figures-mythologiques-grecques_pan;wiki-fr
dieux-et-figures-mythologiques-grecques_pandore;memo:mythologie
dieux-et-figures-mythologiques-grecques_paris;wiki-fr
dieux-et-figures-mythologiques-grecques_patrocle;wiki-fr
dieux-et-figures-mythologiques-grecques_pegase;wiki-fr
dieux-et-figures-mythologiques-grecques_penelope;wiki-fr
dieux-et-figures-mythologiques-grecques_persee;memo:mythologie
dieux-et-figures-mythologiques-grecques_persephone;memo:mythologie
dieux-et-figures-mythologiques-grecques_polypheme;wiki-fr
dieux-et-figures-mythologiques-grecques_poseidon;memo:mythologie
dieux-et-figures-mythologiques-grecques_promethee;memo:mythologie
dieux-et-figures-mythologiques-grecques_rhea-mythologie;wiki-fr
dieux-et-figures-mythologiques-grecques_scylla-monstre;wiki-fr
dieux-et-figures-mythologiques-grecques_selene;memo:mythologie
dieux-et-figures-mythologiques-grecques_sirene-mythologie-grecque;wiki-fr
dieux-et-figures-mythologiques-grecques_sisyphe;memo:mythologie
dieux-et-figures-mythologiques-grecques_sphinx;wiki-fr
dieux-et-figures-mythologiques-grecques_styx;wiki-fr
dieux-et-figures-mythologiques-grecques_thanatos;memo:mythologie
dieux-et-figures-mythologiques-grecques_thesee;memo:mythologie
dieux-et-figures-mythologiques-grecques_typhon-mythologie;wiki-fr
dieux-et-figures-mythologiques-grecques_ulysse;memo:mythologie
dieux-et-figures-mythologiques-grecques_zagreus;memo:mythologie
dieux-et-figures-mythologiques-grecques_zeus;memo:mythologie
dinosaures-celebres_albertosaurus;wiki-fr
dinosaures-celebres_allosaurus;wiki-fr
dinosaures-celebres_amargasaurus;wiki-fr
dinosaures-celebres_ankylosaurus;wiki-fr
dinosaures-celebres_apatosaurus;wiki-fr
dinosaures-celebres_archaeopteryx;wiki-fr
dinosaures-celebres_argentinosaurus;wiki-fr
dinosaures-celebres_baryonyx;wiki-fr
dinosaures-celebres_brachiosaurus;wiki-fr
dinosaures-celebres_brontosaurus;wiki-fr
dinosaures-celebres_camarasaurus;wiki-fr
dinosaures-celebres_carcharodontosaurus;wiki-fr
dinosaures-celebres_carnotaurus;wiki-fr
dinosaures-celebres_ceratosaurus;wiki-fr
dinosaures-celebres_chasmosaurus;wiki-fr
dinosaures-celebres_coelophysis;wiki-fr
dinosaures-celebres_compsognathus;wiki-fr
dinosaures-celebres_corythosaurus;wiki-fr
dinosaures-celebres_cryolophosaurus;wiki-fr
dinosaures-celebres_deinocheirus;wiki-fr
dinosaures-celebres_deinonychus;wiki-fr
dinosaures-celebres_dilophosaurus;wiki-fr
dinosaures-celebres_diplodocus;wiki-fr
dinosaures-celebres_edmontosaurus;wiki-sans-filtre
dinosaures-celebres_eoraptor;wiki-fr
dinosaures-celebres_euoplocephalus;wiki-fr
dinosaures-celebres_gallimimus;wiki-fr
dinosaures-celebres_giganotosaurus;wiki-fr
dinosaures-celebres_hadrosaurus;wiki-fr
dinosaures-celebres_herrerasaurus;wiki-fr
dinosaures-celebres_iguanodon;wiki-fr
dinosaures-celebres_kentrosaurus;wiki-fr
dinosaures-celebres_maiasaura;wiki-fr
dinosaures-celebres_majungasaurus;wiki-fr
dinosaures-celebres_mamenchisaurus;wiki-fr
dinosaures-celebres_megalosaurus;wiki-fr
dinosaures-celebres_microraptor;wiki-fr
dinosaures-celebres_nanotyrannus;wiki-fr
dinosaures-celebres_nodosaurus;wiki-fr
dinosaures-celebres_ornithomimus;wiki-fr
dinosaures-celebres_ouranosaurus;wiki-fr
dinosaures-celebres_oviraptor;wiki-fr
dinosaures-celebres_pachycephalosaurus;wiki-fr
dinosaures-celebres_parasaurolophus;wiki-fr
dinosaures-celebres_patagotitan;wiki-sans-filtre
dinosaures-celebres_pentaceratops;wiki-fr
dinosaures-celebres_plateosaurus;wiki-fr
dinosaures-celebres_protoceratops;wiki-fr
dinosaures-celebres_psittacosaurus;wiki-fr
dinosaures-celebres_segnosaurus;wiki-fr
dinosaures-celebres_sinosauropteryx;wiki-fr
dinosaures-celebres_spinosaurus;wiki-fr
dinosaures-celebres_stegosaurus;wiki-fr
dinosaures-celebres_struthiomimus;wiki-fr
dinosaures-celebres_styracosaurus;wiki-fr
dinosaures-celebres_suchomimus;wiki-fr
dinosaures-celebres_supersaurus;wiki-fr
dinosaures-celebres_tarbosaurus;wiki-fr
dinosaures-celebres_therizinosaurus;wiki-fr
dinosaures-celebres_torosaurus;wiki-fr
dinosaures-celebres_triceratops;wiki-fr
dinosaures-celebres_troodon;wiki-fr
dinosaures-celebres_tyrannosaurus;wiki-fr
dinosaures-celebres_utahraptor;wiki-fr
dinosaures-celebres_velociraptor;wiki-fr
dinosaures-celebres_yutyrannus;wiki-fr
dirigeants-contemporains_abraham-lincoln;wiki-fr
dirigeants-contemporains_adolf-hitler;wiki-fr
dirigeants-contemporains_benito-mussolini;wiki-fr
dirigeants-contemporains_chaka-roi-zoulou;wiki-fr
dirigeants-contemporains_charles-de-gaulle;memo:chefs_etat
dirigeants-contemporains_cixi;wiki-fr
dirigeants-contemporains_david-ben-gourion;wiki-fr
dirigeants-contemporains_deng-xiaoping;wiki-fr
dirigeants-contemporains_dwight-d-eisenhower;wiki-fr
dirigeants-contemporains_fidel-castro;wiki-fr
dirigeants-contemporains_francisco-franco;wiki-fr
dirigeants-contemporains_francois-joseph-ier;wiki-fr
dirigeants-contemporains_franklin-delano-roosevelt;wiki-fr
dirigeants-contemporains_gamal-abdel-nasser;wiki-fr
dirigeants-contemporains_george-washington;wiki-fr
dirigeants-contemporains_georges-clemenceau;wiki-fr
dirigeants-contemporains_giuseppe-garibaldi;wiki-fr
dirigeants-contemporains_golda-meir;wiki-fr
dirigeants-contemporains_guillaume-ii-roi-des-pays-bas;wiki-fr
dirigeants-contemporains_haile-selassie-ier;wiki-fr
dirigeants-contemporains_harry-s-truman;wiki-fr
dirigeants-contemporains_hirohito;wiki-fr
dirigeants-contemporains_ho-chi-minh;wiki-fr
dirigeants-contemporains_indira-gandhi;wiki-fr
dirigeants-contemporains_jawaharlal-nehru;wiki-fr
dirigeants-contemporains_john-fitzgerald-kennedy;wiki-fr
dirigeants-contemporains_joseph-staline;wiki-fr
dirigeants-contemporains_juan-peron;wiki-fr
dirigeants-contemporains_kwame-nkrumah;wiki-fr
dirigeants-contemporains_leopold-ii-empereur-du-saint-empire;wiki-fr
dirigeants-contemporains_mao-zedong;wiki-fr
dirigeants-contemporains_margaret-thatcher;wiki-fr
dirigeants-contemporains_maximilien-de-robespierre;wiki-fr
dirigeants-contemporains_meiji-empereur;wiki-fr
dirigeants-contemporains_menelik-ii;wiki-fr
dirigeants-contemporains_mikhail-gorbatchev;wiki-fr
dirigeants-contemporains_mohandas-karamchand-gandhi;wiki-fr
dirigeants-contemporains_mustafa-kemal-ataturk;wiki-fr
dirigeants-contemporains_napoleon-iii;memo:chefs_etat
dirigeants-contemporains_nelson-mandela;wiki-fr
dirigeants-contemporains_nicolas-ii;wiki-fr
dirigeants-contemporains_otto-von-bismarck;wiki-fr
dirigeants-contemporains_patrice-lumumba;wiki-fr
dirigeants-contemporains_pierre-ii-empereur-du-bresil;wiki-fr
dirigeants-contemporains_pol-pot;bing
dirigeants-contemporains_ronald-reagan;wiki-fr
dirigeants-contemporains_simon-bolivar;wiki-fr
dirigeants-contemporains_sun-yat-sen;wiki-fr
dirigeants-contemporains_tchang-kai-chek;wiki-fr
dirigeants-contemporains_theodore-roosevelt;wiki-fr
dirigeants-contemporains_thomas-sankara;wiki-fr
dirigeants-contemporains_toussaint-louverture;wiki-sans-filtre
dirigeants-contemporains_victoria-reine;wiki-sans-filtre
dirigeants-contemporains_vladimir-ilitch-lenine;wiki-fr
dirigeants-contemporains_winston-churchill;wiki-fr
dirigeants-contemporains_woodrow-wilson;wiki-fr
dynasties-regnantes_ayyoubides;wiki-en
dynasties-regnantes_califat-abbasside;memo:civilisations
dynasties-regnantes_califat-omeyyade;bing
dynasties-regnantes_capetiens;bing
dynasties-regnantes_carolingiens;bing
dynasties-regnantes_dynastie-han;memo:civilisations
dynasties-regnantes_dynastie-lagide;wiki-en
dynasties-regnantes_dynastie-ming;wiki-sans-filtre
dynasties-regnantes_dynastie-qin;wiki-fr
dynasties-regnantes_dynastie-qing;bing
dynasties-regnantes_dynastie-shang;wiki-sans-filtre
dynasties-regnantes_dynastie-song;wiki-fr
dynasties-regnantes_dynastie-sui;wiki-fr
dynasties-regnantes_dynastie-tang;wiki-fr
dynasties-regnantes_dynastie-yuan;wiki-fr
dynasties-regnantes_dynastie-zhou;wiki-sans-filtre
dynasties-regnantes_fatimides;wiki-sans-filtre
dynasties-regnantes_maison-d-orange-nassau;bing
dynasties-regnantes_maison-de-bourbon;bing
dynasties-regnantes_maison-de-habsbourg;bing
dynasties-regnantes_maison-de-hohenstaufen;bing
dynasties-regnantes_maison-de-hohenzollern;bing
dynasties-regnantes_maison-de-medicis;wiki-fr
dynasties-regnantes_maison-de-savoie;bing
dynasties-regnantes_maison-de-valois;bing
dynasties-regnantes_maison-jagellon;bing
dynasties-regnantes_maison-piast;bing
dynasties-regnantes_maison-plantagenet;bing
dynasties-regnantes_maison-romanov;bing
dynasties-regnantes_maison-stuart;bing
dynasties-regnantes_maison-tudor;bing
dynasties-regnantes_maison-windsor;bing
dynasties-regnantes_mamelouk;wiki-fr
dynasties-regnantes_merovingiens;wiki-fr
dynasties-regnantes_periode-joseon;bing
dynasties-regnantes_shogunat-ashikaga;wiki-sans-filtre
dynasties-regnantes_shogunat-de-kamakura;wiki-sans-filtre
dynasties-regnantes_shogunat-tokugawa;wiki-sans-filtre
elements-chimiques_actinium;memo:svg-element
elements-chimiques_aluminium;memo:svg-element
elements-chimiques_americium;memo:svg-element
elements-chimiques_antimoine;memo:svg-element
elements-chimiques_argent;memo:svg-element
elements-chimiques_argon;memo:svg-element
elements-chimiques_arsenic;memo:svg-element
elements-chimiques_astate;memo:svg-element
elements-chimiques_azote;memo:svg-element
elements-chimiques_baryum;memo:svg-element
elements-chimiques_berkelium;memo:svg-element
elements-chimiques_beryllium;memo:svg-element
elements-chimiques_bismuth;memo:svg-element
elements-chimiques_bohrium;memo:svg-element
elements-chimiques_bore;memo:svg-element
elements-chimiques_brome;memo:svg-element
elements-chimiques_cadmium;memo:svg-element
elements-chimiques_calcium;memo:svg-element
elements-chimiques_californium;memo:svg-element
elements-chimiques_carbone;memo:svg-element
elements-chimiques_cerium;memo:svg-element
elements-chimiques_cesium;memo:svg-element
elements-chimiques_chlore;memo:svg-element
elements-chimiques_chrome;memo:svg-element
elements-chimiques_cobalt;memo:svg-element
elements-chimiques_copernicium;memo:svg-element
elements-chimiques_cuivre;memo:svg-element
elements-chimiques_curium;memo:svg-element
elements-chimiques_darmstadtium;memo:svg-element
elements-chimiques_dubnium;memo:svg-element
elements-chimiques_dysprosium;memo:svg-element
elements-chimiques_einsteinium;memo:svg-element
elements-chimiques_erbium;memo:svg-element
elements-chimiques_etain;memo:svg-element
elements-chimiques_europium;memo:svg-element
elements-chimiques_fer;memo:svg-element
elements-chimiques_fermium;memo:svg-element
elements-chimiques_flerovium;memo:svg-element
elements-chimiques_fluor;memo:svg-element
elements-chimiques_francium;memo:svg-element
elements-chimiques_gadolinium;memo:svg-element
elements-chimiques_gallium;memo:svg-element
elements-chimiques_germanium;memo:svg-element
elements-chimiques_hafnium;memo:svg-element
elements-chimiques_hassium;memo:svg-element
elements-chimiques_helium;memo:svg-element
elements-chimiques_holmium;memo:svg-element
elements-chimiques_hydrogene;memo:svg-element
elements-chimiques_indium;memo:svg-element
elements-chimiques_iode;memo:svg-element
elements-chimiques_iridium;memo:svg-element
elements-chimiques_krypton;memo:svg-element
elements-chimiques_lanthane;memo:svg-element
elements-chimiques_lawrencium;memo:svg-element
elements-chimiques_lithium;memo:svg-element
elements-chimiques_livermorium;memo:svg-element
elements-chimiques_lutecium;memo:svg-element
elements-chimiques_magnesium;memo:svg-element
elements-chimiques_manganese;memo:svg-element
elements-chimiques_meitnerium;memo:svg-element
elements-chimiques_mendelevium;memo:svg-element
elements-chimiques_mercure-chimie;memo:svg-element
elements-chimiques_molybdene;memo:svg-element
elements-chimiques_moscovium;memo:svg-element
elements-chimiques_neodyme;memo:svg-element
elements-chimiques_neon;memo:svg-element
elements-chimiques_neptunium;memo:svg-element
elements-chimiques_nickel;memo:svg-element
elements-chimiques_nihonium;memo:svg-element
elements-chimiques_niobium;memo:svg-element
elements-chimiques_nobelium;memo:svg-element
elements-chimiques_oganesson;memo:svg-element
elements-chimiques_or;memo:svg-element
elements-chimiques_osmium;memo:svg-element
elements-chimiques_oxygene;memo:svg-element
elements-chimiques_palladium;memo:svg-element
elements-chimiques_phosphore;memo:svg-element
elements-chimiques_platine;memo:svg-element
elements-chimiques_plomb;memo:svg-element
elements-chimiques_plutonium;memo:svg-element
elements-chimiques_polonium;memo:svg-element
elements-chimiques_potassium;memo:svg-element
elements-chimiques_praseodyme;memo:svg-element
elements-chimiques_promethium;memo:svg-element
elements-chimiques_protactinium;memo:svg-element
elements-chimiques_radium;memo:svg-element
elements-chimiques_radon;memo:svg-element
elements-chimiques_rhenium;memo:svg-element
elements-chimiques_rhodium;memo:svg-element
elements-chimiques_roentgenium;memo:svg-element
elements-chimiques_rubidium;memo:svg-element
elements-chimiques_ruthenium;memo:svg-element
elements-chimiques_rutherfordium;memo:svg-element
elements-chimiques_samarium;memo:svg-element
elements-chimiques_scandium;memo:svg-element
elements-chimiques_seaborgium;memo:svg-element
elements-chimiques_selenium;memo:svg-element
elements-chimiques_silicium;memo:svg-element
elements-chimiques_sodium;memo:svg-element
elements-chimiques_soufre;memo:svg-element
elements-chimiques_strontium;memo:svg-element
elements-chimiques_tantale-chimie;memo:svg-element
elements-chimiques_technetium;memo:svg-element
elements-chimiques_tellure;memo:svg-element
elements-chimiques_tennesse;memo:svg-element
elements-chimiques_terbium;memo:svg-element
elements-chimiques_thallium;memo:svg-element
elements-chimiques_thorium;memo:svg-element
elements-chimiques_thulium;memo:svg-element
elements-chimiques_titane;memo:svg-element
elements-chimiques_tungstene;memo:svg-element
elements-chimiques_uranium;memo:svg-element
elements-chimiques_vanadium;memo:svg-element
elements-chimiques_xenon;memo:svg-element
elements-chimiques_ytterbium;memo:svg-element
elements-chimiques_yttrium;memo:svg-element
elements-chimiques_zinc;memo:svg-element
elements-chimiques_zirconium;memo:svg-element
empires-et-civilisations_achemenides;memo:civilisations
empires-et-civilisations_almohades;wiki-sans-filtre
empires-et-civilisations_almoravides;wiki-fr
empires-et-civilisations_ancien-empire;wiki-fr
empires-et-civilisations_assyrie;wiki-fr
empires-et-civilisations_autriche-hongrie;bing
empires-et-civilisations_bilan-du-regne-d-alexandre-le-grand;bing
empires-et-civilisations_califat-de-cordoue;wiki-fr
empires-et-civilisations_carthage;memo:civilisations
empires-et-civilisations_civilisation-de-la-vallee-de-l-indus;memo:civilisations
empires-et-civilisations_civilisation-maya;bing-retry
empires-et-civilisations_civilisation-minoenne;wiki-fr
empires-et-civilisations_civilisation-mycenienne;wiki-fr
empires-et-civilisations_dynastie-chola;wiki-en
empires-et-civilisations_dynastie-des-sefevides;bing
empires-et-civilisations_empire-allemand;bing
empires-et-civilisations_empire-ashanti;bing
empires-et-civilisations_empire-azteque;bing-retry
empires-et-civilisations_empire-britannique;wiki-fr
empires-et-civilisations_empire-byzantin;memo:civilisations
empires-et-civilisations_empire-carolingien;bing
empires-et-civilisations_empire-colonial-francais;wiki-fr
empires-et-civilisations_empire-colonial-neerlandais;wiki-fr
empires-et-civilisations_empire-colonial-portugais;wiki-fr
empires-et-civilisations_empire-d-akkad;bing
empires-et-civilisations_empire-du-ghana;wiki-sans-filtre
empires-et-civilisations_empire-du-japon;bing
empires-et-civilisations_empire-du-mali;memo:civilisations
empires-et-civilisations_empire-espagnol;bing
empires-et-civilisations_empire-ethiopien;bing
empires-et-civilisations_empire-gupta;bing-retry
empires-et-civilisations_empire-inca;bing-retry
empires-et-civilisations_empire-khmer;bing
empires-et-civilisations_empire-maurya;memo:civilisations
empires-et-civilisations_empire-moghol;memo:civilisations
empires-et-civilisations_empire-mongol;bing-retry
empires-et-civilisations_empire-neo-babylonien;bing
empires-et-civilisations_empire-ottoman;memo:civilisations
empires-et-civilisations_empire-parthe;wiki-sans-filtre
empires-et-civilisations_empire-romain;wiki-fr
empires-et-civilisations_empire-russe;bing
empires-et-civilisations_empire-songhai;bing
empires-et-civilisations_empire-timouride;wiki-fr
empires-et-civilisations_hittites;wiki-en
empires-et-civilisations_medes;wiki-en
empires-et-civilisations_moyen-empire;bing
empires-et-civilisations_nouvel-empire;bing
empires-et-civilisations_republique-romaine;wiki-fr
empires-et-civilisations_royaume-d-aksoum;memo:civilisations
empires-et-civilisations_royaume-de-koush;wiki-sans-filtre
empires-et-civilisations_royaume-du-benin;wiki-sans-filtre
empires-et-civilisations_royaume-du-kanem-bornou;bing
empires-et-civilisations_royaume-zoulou;bing
empires-et-civilisations_rus-de-kiev;wiki-fr
empires-et-civilisations_saint-empire-romain-germanique;wiki-fr
empires-et-civilisations_sassanides;bing
empires-et-civilisations_seleucides;wiki-en
empires-et-civilisations_sultanat-de-delhi;wiki-sans-filtre
empires-et-civilisations_sumer;wiki-sans-filtre
empires-et-civilisations_union-des-republiques-socialistes-sovietiques;wiki-sans-filtre
evenements-mythiques_armageddon;wiki-sans-filtre
evenements-mythiques_barattage-de-la-mer-de-lait;wiki-sans-filtre
evenements-mythiques_bataille-de-kurukshetra;wiki-sans-filtre
evenements-mythiques_deluge;wiki-sans-filtre
evenements-mythiques_gigantomachie;wiki-sans-filtre
evenements-mythiques_guerre-de-troie;wiki-sans-filtre
evenements-mythiques_jugement-de-paris;wiki-sans-filtre
evenements-mythiques_jugement-dernier;wiki-sans-filtre
evenements-mythiques_ragnarok;wiki-fr
evenements-mythiques_titanomachie;wiki-sans-filtre
evenements-mythiques_travaux-d-heracles;wiki-sans-filtre
football-ere-moderne_alan-shearer;wiki-sans-filtre
football-ere-moderne_alessandro-del-piero;wiki-fr
football-ere-moderne_andrea-pirlo;wiki-fr
football-ere-moderne_andres-iniesta;wiki-fr
football-ere-moderne_andriy-chevtchenko;wiki-fr
football-ere-moderne_angel-di-maria;wiki-fr
football-ere-moderne_antoine-griezmann;wiki-fr
football-ere-moderne_arjen-robben;wiki-fr
football-ere-moderne_bastian-schweinsteiger;wiki-fr
football-ere-moderne_cafu;wiki-fr
football-ere-moderne_carlos-valderrama;wiki-fr
football-ere-moderne_clarence-seedorf;wiki-fr
football-ere-moderne_cristiano-ronaldo;wiki-fr
football-ere-moderne_david-beckham;wiki-fr
football-ere-moderne_david-villa;wiki-fr
football-ere-moderne_dennis-bergkamp;wiki-fr
football-ere-moderne_didier-deschamps;wiki-fr
football-ere-moderne_didier-drogba;wiki-fr
football-ere-moderne_diego-forlan;wiki-fr
football-ere-moderne_eden-hazard;wiki-fr
football-ere-moderne_edinson-cavani;wiki-fr
football-ere-moderne_eric-cantona;wiki-fr
football-ere-moderne_erling-haaland;wiki-fr
football-ere-moderne_fabien-barthez;wiki-fr
football-ere-moderne_fabio-cannavaro;wiki-fr
football-ere-moderne_francesco-totti;wiki-fr
football-ere-moderne_franck-ribery;wiki-fr
football-ere-moderne_frank-lampard;wiki-fr
football-ere-moderne_gabriel-batistuta;wiki-fr
football-ere-moderne_george-weah;wiki-sans-filtre
football-ere-moderne_gheorghe-hagi;wiki-fr
football-ere-moderne_gianluigi-buffon;wiki-fr
football-ere-moderne_harry-kane;wiki-fr
football-ere-moderne_hristo-stoitchkov;wiki-fr
football-ere-moderne_hugo-sanchez;wiki-fr
football-ere-moderne_iker-casillas;wiki-fr
football-ere-moderne_jean-pierre-papin;wiki-fr
football-ere-moderne_juan-roman-riquelme;wiki-fr
football-ere-moderne_jude-bellingham;wiki-fr
football-ere-moderne_kaka;wiki-fr
football-ere-moderne_karim-benzema;wiki-fr
football-ere-moderne_kevin-de-bruyne;wiki-fr
football-ere-moderne_kylian-mbappe;wiki-fr
football-ere-moderne_lilian-thuram;wiki-fr
football-ere-moderne_lionel-messi;wiki-fr
football-ere-moderne_luis-figo;wiki-fr
football-ere-moderne_luis-suarez-football-1987;wiki-fr
football-ere-moderne_luka-modric;wiki-fr
football-ere-moderne_manuel-neuer;wiki-fr
football-ere-moderne_marcel-desailly;wiki-fr
football-ere-moderne_mesut-ozil;wiki-fr
football-ere-moderne_michael-olise;atelier
football-ere-moderne_michael-owen-football;wiki-fr
football-ere-moderne_miroslav-klose;wiki-fr
football-ere-moderne_mohamed-salah;wiki-fr
football-ere-moderne_n-golo-kante;wiki-fr
football-ere-moderne_neymar;wiki-fr
football-ere-moderne_oliver-kahn;wiki-fr
football-ere-moderne_olivier-giroud;wiki-fr
football-ere-moderne_paolo-maldini;wiki-fr
football-ere-moderne_patrick-vieira;wiki-fr
football-ere-moderne_paul-pogba;wiki-fr
football-ere-moderne_paul-scholes;wiki-fr
football-ere-moderne_pavel-nedved;wiki-fr
football-ere-moderne_pedri;wiki-fr
football-ere-moderne_peter-schmeichel;wiki-sans-filtre
football-ere-moderne_philipp-lahm;wiki-en
football-ere-moderne_raphael-varane;wiki-fr
football-ere-moderne_raul-football;wiki-fr
football-ere-moderne_rene-higuita;bing
football-ere-moderne_rivaldo;wiki-sans-filtre
football-ere-moderne_riyad-mahrez;wiki-fr
football-ere-moderne_robert-lewandowski;wiki-fr
football-ere-moderne_robert-pires;wiki-fr
football-ere-moderne_roberto-baggio;wiki-fr
football-ere-moderne_roberto-carlos-football;wiki-fr
football-ere-moderne_rodri-football-1996;wiki-fr
football-ere-moderne_romario;wiki-fr
football-ere-moderne_ronaldinho;wiki-fr
football-ere-moderne_ronaldo;wiki-fr
football-ere-moderne_ryan-giggs;wiki-sans-filtre
football-ere-moderne_sadio-mane;wiki-fr
football-ere-moderne_samuel-eto-o;wiki-fr
football-ere-moderne_sergio-aguero;wiki-fr
football-ere-moderne_sergio-busquets;wiki-fr
football-ere-moderne_sergio-ramos;wiki-fr
football-ere-moderne_son-heung-min;wiki-fr
football-ere-moderne_steven-gerrard;wiki-fr
football-ere-moderne_thierry-henry;wiki-sans-filtre
football-ere-moderne_thomas-muller-football;wiki-fr
football-ere-moderne_toni-kroos;wiki-fr
football-ere-moderne_vinicius-junior;wiki-fr
football-ere-moderne_virgil-van-dijk;wiki-fr
football-ere-moderne_wayne-rooney;wiki-fr
football-ere-moderne_wesley-sneijder;wiki-fr
football-ere-moderne_xabi-alonso;wiki-fr
football-ere-moderne_xavi;wiki-fr
football-ere-moderne_yaya-toure;wiki-fr
football-ere-moderne_zinedine-zidane;wiki-fr
football-ere-moderne_zlatan-ibrahimovic;wiki-fr
grandes-batailles-historiques_attaque-de-pearl-harbor;wiki-sans-filtre
grandes-batailles-historiques_bataille-d-actium;bing
grandes-batailles-historiques_bataille-d-andrinople-378;bing
grandes-batailles-historiques_bataille-d-angleterre;wiki-fr
grandes-batailles-historiques_bataille-d-austerlitz;wiki-fr
grandes-batailles-historiques_bataille-d-azincourt;wiki-fr
grandes-batailles-historiques_bataille-d-hastings;wiki-fr
grandes-batailles-historiques_bataille-d-iena;wiki-fr
grandes-batailles-historiques_bataille-d-issos;wiki-fr
grandes-batailles-historiques_bataille-d-iwo-jima;wiki-sans-filtre
grandes-batailles-historiques_bataille-d-ypres-1915;wiki-fr
grandes-batailles-historiques_bataille-de-bannockburn;wiki-sans-filtre
grandes-batailles-historiques_bataille-de-berlin;wiki-sans-filtre
grandes-batailles-historiques_bataille-de-bouvines;wiki-fr
grandes-batailles-historiques_bataille-de-breitenfeld-1631;wiki-fr
grandes-batailles-historiques_bataille-de-cannes;bing
grandes-batailles-historiques_bataille-de-castillon;wiki-fr
grandes-batailles-historiques_bataille-de-courtrai-1302;wiki-fr
grandes-batailles-historiques_bataille-de-crecy;wiki-fr
grandes-batailles-historiques_bataille-de-dien-bien-phu;wiki-sans-filtre
grandes-batailles-historiques_bataille-de-gaugameles;wiki-fr
grandes-batailles-historiques_bataille-de-gettysburg;wiki-fr
grandes-batailles-historiques_bataille-de-grunwald;wiki-fr
grandes-batailles-historiques_bataille-de-guadalcanal;wiki-fr
grandes-batailles-historiques_bataille-de-hattin;wiki-fr
grandes-batailles-historiques_bataille-de-hochstadt-1704;wiki-fr
grandes-batailles-historiques_bataille-de-khe-sanh;wiki-fr
grandes-batailles-historiques_bataille-de-kosovo-polje;wiki-fr
grandes-batailles-historiques_bataille-de-koursk;wiki-fr
grandes-batailles-historiques_bataille-de-la-marne-1914;imposée
grandes-batailles-historiques_bataille-de-la-moskova;wiki-fr
grandes-batailles-historiques_bataille-de-la-somme;wiki-fr
grandes-batailles-historiques_bataille-de-leipzig-1642;wiki-fr
grandes-batailles-historiques_bataille-de-lepante;wiki-fr
grandes-batailles-historiques_bataille-de-little-bighorn;wiki-fr
grandes-batailles-historiques_bataille-de-manzikert;wiki-fr
grandes-batailles-historiques_bataille-de-marathon;wiki-fr
grandes-batailles-historiques_bataille-de-marignan;wiki-fr
grandes-batailles-historiques_bataille-de-megiddo-1918;wiki-fr
grandes-batailles-historiques_bataille-de-midway;wiki-fr
grandes-batailles-historiques_bataille-de-mogadiscio;wiki-sans-filtre
grandes-batailles-historiques_bataille-de-mohacs-1526;wiki-fr
grandes-batailles-historiques_bataille-de-monte-cassino;wiki-fr
grandes-batailles-historiques_bataille-de-nicopolis;wiki-fr
grandes-batailles-historiques_bataille-de-pavie-1525;wiki-fr
grandes-batailles-historiques_bataille-de-pharsale;wiki-fr
grandes-batailles-historiques_bataille-de-philippes;wiki-fr
grandes-batailles-historiques_bataille-de-platees;wiki-fr
grandes-batailles-historiques_bataille-de-poitiers-732;wiki-fr
grandes-batailles-historiques_bataille-de-poltava;wiki-fr
grandes-batailles-historiques_bataille-de-qadesh;wiki-sans-filtre
grandes-batailles-historiques_bataille-de-rocroi;wiki-fr
grandes-batailles-historiques_bataille-de-roncevaux-778;wiki-fr
grandes-batailles-historiques_bataille-de-salamine;wiki-en
grandes-batailles-historiques_bataille-de-sedan;wiki-fr
grandes-batailles-historiques_bataille-de-stalingrad;wiki-fr
grandes-batailles-historiques_bataille-de-tannenberg-1914;wiki-fr
grandes-batailles-historiques_bataille-de-teutobourg;wiki-fr
grandes-batailles-historiques_bataille-de-trafalgar;wiki-fr
grandes-batailles-historiques_bataille-de-tsushima;wiki-fr
grandes-batailles-historiques_bataille-de-valmy;wiki-fr
grandes-batailles-historiques_bataille-de-verdun;wiki-fr
grandes-batailles-historiques_bataille-de-wagram;wiki-fr
grandes-batailles-historiques_bataille-de-waterloo;wiki-fr
grandes-batailles-historiques_bataille-de-yorktown;wiki-fr
grandes-batailles-historiques_bataille-de-zama;wiki-fr
grandes-batailles-historiques_bataille-des-ardennes;wiki-fr
grandes-batailles-historiques_bataille-des-champs-catalauniques-451;wiki-fr
grandes-batailles-historiques_bataille-des-dardanelles;wiki-fr
grandes-batailles-historiques_bataille-des-plaines-d-abraham;wiki-fr
grandes-batailles-historiques_bataille-des-pyramides;wiki-fr
grandes-batailles-historiques_bataille-des-thermopyles;bing
grandes-batailles-historiques_bataille-du-chemin-des-dames;wiki-fr
grandes-batailles-historiques_bataille-du-lac-trasimene;bing
grandes-batailles-historiques_bataille-du-pont-milvius;wiki-fr
grandes-batailles-historiques_chute-de-constantinople;wiki-fr
grandes-batailles-historiques_debarquement-de-la-baie-des-cochons;wiki-fr
grandes-batailles-historiques_debarquement-de-normandie;wiki-fr
grandes-batailles-historiques_deuxieme-bataille-de-falloujah;wiki-fr
grandes-batailles-historiques_invincible-armada;wiki-fr
grandes-batailles-historiques_seconde-bataille-d-el-alamein;wiki-fr
grandes-batailles-historiques_siege-d-alesia;wiki-fr
grandes-batailles-historiques_siege-d-orleans-1428-1429;wiki-fr
grandes-batailles-historiques_siege-de-fort-alamo;wiki-fr
grandes-batailles-historiques_siege-de-leningrad;wiki-fr
grandes-batailles-historiques_siege-de-sebastopol-1854-1855;wiki-fr
grandes-batailles-historiques_siege-de-vienne-1683;wiki-fr
grandes-guerres_croisade;memo:guerres
grandes-guerres_deuxieme-guerre-du-congo;wiki-fr
grandes-guerres_genocide-des-tutsi-du-rwanda;wiki-fr
grandes-guerres_guerre-civile-chinoise;wiki-fr
grandes-guerres_guerre-civile-russe;memo:guerres
grandes-guerres_guerre-civile-syrienne;wiki-sans-filtre
grandes-guerres_guerre-civile-yemenite;bing
grandes-guerres_guerre-d-afghanistan-1979-1989;wiki-fr
grandes-guerres_guerre-d-afghanistan-2001-2021;wiki-fr
grandes-guerres_guerre-d-algerie;memo:guerres
grandes-guerres_guerre-d-espagne;memo:guerres
grandes-guerres_guerre-d-independance-des-etats-unis;memo:guerres
grandes-guerres_guerre-d-independance-grecque;wiki-fr
grandes-guerres_guerre-d-indochine;memo:guerres
grandes-guerres_guerre-d-irak;memo:guerres
grandes-guerres_guerre-de-cent-ans;memo:guerres
grandes-guerres_guerre-de-coree;memo:guerres
grandes-guerres_guerre-de-crimee;memo:guerres
grandes-guerres_guerre-de-secession;wiki-fr
grandes-guerres_guerre-de-sept-ans;memo:guerres
grandes-guerres_guerre-de-succession-d-autriche;wiki-fr
grandes-guerres_guerre-de-succession-d-espagne;wiki-fr
grandes-guerres_guerre-de-trente-ans;memo:guerres
grandes-guerres_guerre-de-vendee;wiki-fr
grandes-guerres_guerre-des-boers;wiki-fr
grandes-guerres_guerre-des-deux-roses;wiki-fr
grandes-guerres_guerre-des-gaules;bing
grandes-guerres_guerre-des-malouines;bing-retry
grandes-guerres_guerre-des-six-jours;memo:guerres
grandes-guerres_guerre-du-biafra;wiki-en
grandes-guerres_guerre-du-golfe;memo:guerres
grandes-guerres_guerre-du-kippour;memo:guerres
grandes-guerres_guerre-du-liban;wiki-fr
grandes-guerres_guerre-du-peloponnese;bing-retry
grandes-guerres_guerre-du-vietnam;memo:guerres
grandes-guerres_guerre-franco-allemande-de-1870;memo:guerres
grandes-guerres_guerre-froide;bing
grandes-guerres_guerre-hispano-americaine;wiki-fr
grandes-guerres_guerre-iran-irak;memo:guerres
grandes-guerres_guerre-israelo-arabe-de-1948-1949;wiki-fr
grandes-guerres_guerre-russo-japonaise;memo:guerres
grandes-guerres_guerre-russo-ukrainienne;wiki-sans-filtre
grandes-guerres_guerres-balkaniques;memo:guerres
grandes-guerres_guerres-civiles-romaines;bing-retry2
grandes-guerres_guerres-d-italie;wiki-fr
grandes-guerres_guerres-de-l-opium;wiki-fr
grandes-guerres_guerres-de-la-revolution-francaise;wiki-fr
grandes-guerres_guerres-de-religion-france;wiki-fr
grandes-guerres_guerres-de-yougoslavie;wiki-fr
grandes-guerres_guerres-mediques;bing-retry
grandes-guerres_guerres-napoleoniennes;memo:guerres
grandes-guerres_guerres-puniques;memo:guerres
grandes-guerres_premiere-guerre-mondiale;memo:guerres
grandes-guerres_reconquista;bing
grandes-guerres_revolte-des-boxers;wiki-fr
grandes-guerres_revolte-des-taiping;wiki-fr
grandes-guerres_risorgimento;bing
grandes-guerres_seconde-guerre-mondiale;memo:guerres
grandes-guerres_seconde-guerre-sino-japonaise;wiki-fr
grands-explorateurs_abel-tasman;memo:grandes_explorations
grands-explorateurs_alexander-von-humboldt;memo:grandes_explorations
grands-explorateurs_alexandra-david-neel;wiki-fr
grands-explorateurs_alvar-nunez-cabeza-de-vaca;wiki-sans-filtre
grands-explorateurs_amerigo-vespucci;memo:grandes_explorations
grands-explorateurs_bartolomeu-dias;memo:grandes_explorations
grands-explorateurs_christophe-colomb;memo:grandes_explorations
grands-explorateurs_david-livingstone;memo:grandes_explorations
grands-explorateurs_diogo-cao;bing
grands-explorateurs_ella-maillart;wiki-fr
grands-explorateurs_erik-le-rouge;wiki-fr
grands-explorateurs_fernand-de-magellan;wiki-fr
grands-explorateurs_francis-drake;memo:grandes_explorations
grands-explorateurs_francisco-de-orellana;wiki-fr
grands-explorateurs_francisco-pizarro;memo:grandes_explorations
grands-explorateurs_freya-stark;wiki-fr
grands-explorateurs_gertrude-bell;wiki-fr
grands-explorateurs_giovanni-da-verrazzano;wiki-fr
grands-explorateurs_hannon-le-navigateur;bing
grands-explorateurs_heinrich-barth;wiki-fr
grands-explorateurs_henry-hudson;wiki-fr
grands-explorateurs_henry-morton-stanley;wiki-fr
grands-explorateurs_hernan-cortes;memo:grandes_explorations
grands-explorateurs_hiram-bingham-iii;wiki-fr
grands-explorateurs_howard-carter;wiki-sans-filtre
grands-explorateurs_ibn-battuta;memo:grandes_explorations
grands-explorateurs_ibn-fadlan;wiki-fr
grands-explorateurs_ida-pfeiffer;wiki-fr
grands-explorateurs_isabelle-eberhardt;wiki-fr
grands-explorateurs_jacques-cartier;memo:grandes_explorations
grands-explorateurs_james-bruce-explorateur;wiki-fr
grands-explorateurs_james-cook;memo:grandes_explorations
grands-explorateurs_jean-cabot;wiki-fr
grands-explorateurs_jean-francois-de-la-perouse;wiki-fr
grands-explorateurs_jeanne-barret;wiki-fr
grands-explorateurs_john-hanning-speke;wiki-fr
grands-explorateurs_juan-ponce-de-leon;wiki-fr
grands-explorateurs_juan-sebastian-elcano;bing
grands-explorateurs_jules-dumont-d-urville;wiki-fr
grands-explorateurs_leif-erikson;wiki-fr
grands-explorateurs_louis-antoine-de-bougainville;wiki-fr
grands-explorateurs_marco-polo;wiki-sans-filtre
grands-explorateurs_meriwether-lewis;wiki-fr
grands-explorateurs_mungo-park;memo:grandes_explorations
grands-explorateurs_nellie-bly;wiki-fr
grands-explorateurs_pedro-alvares-cabral;wiki-fr
grands-explorateurs_percy-fawcett;wiki-fr
grands-explorateurs_pierre-savorgnan-de-brazza;wiki-fr
grands-explorateurs_pytheas;wiki-fr
grands-explorateurs_rene-caillie;memo:grandes_explorations
grands-explorateurs_richard-francis-burton;wiki-fr
grands-explorateurs_sacagawea;wiki-fr
grands-explorateurs_samuel-de-champlain;memo:grandes_explorations
grands-explorateurs_vasco-de-gama;memo:grandes_explorations
grands-explorateurs_vasco-nunez-de-balboa;wiki-fr
grands-explorateurs_vitus-bering;wiki-fr
grands-explorateurs_willem-barentsz;wiki-fr
grands-explorateurs_willem-janszoon;wiki-sans-filtre
grands-explorateurs_william-clark;wiki-fr
grands-explorateurs_xuanzang;wiki-fr
grands-explorateurs_zheng-he;memo:grandes_explorations
grands-peintres_albrecht-durer;memo:peintres
grands-peintres_alfons-mucha;wiki-fr
grands-peintres_alfred-sisley;wiki-sans-filtre
grands-peintres_amedeo-modigliani;memo:peintres
grands-peintres_andrea-mantegna;wiki-sans-filtre
grands-peintres_andy-warhol;memo:peintres
grands-peintres_anselm-kiefer;wiki-sans-filtre
grands-peintres_antoine-van-dyck;wiki-fr
grands-peintres_antoine-watteau;wiki-fr
grands-peintres_artemisia-gentileschi;wiki-sans-filtre
grands-peintres_auguste-renoir;memo:peintres
grands-peintres_banksy;memo:peintres
grands-peintres_berthe-morisot;wiki-fr
grands-peintres_camille-corot;wiki-sans-filtre
grands-peintres_camille-pissarro;wiki-fr
grands-peintres_caspar-david-friedrich;memo:peintres
grands-peintres_claude-monet;memo:peintres
grands-peintres_david-hockney;wiki-fr
grands-peintres_diego-rivera;memo:peintres
grands-peintres_diego-velasquez;wiki-fr
grands-peintres_edgar-degas;memo:peintres
grands-peintres_edouard-manet;memo:peintres
grands-peintres_edvard-munch;memo:peintres
grands-peintres_edward-hopper;memo:peintres
grands-peintres_egon-schiele;wiki-fr
grands-peintres_eugene-delacroix;memo:peintres
grands-peintres_fernand-leger;wiki-sans-filtre
grands-peintres_fra-angelico;wiki-fr
grands-peintres_francis-bacon-peintre;memo:peintres
grands-peintres_francisco-de-goya;memo:peintres
grands-peintres_francisco-de-zurbaran;wiki-fr
grands-peintres_frans-hals;wiki-fr
grands-peintres_frida-kahlo;memo:peintres
grands-peintres_georges-braque;wiki-fr
grands-peintres_georges-de-la-tour;wiki-fr
grands-peintres_georges-seurat;memo:peintres
grands-peintres_georgia-o-keeffe;wiki-fr
grands-peintres_gerhard-richter;wiki-fr
grands-peintres_giorgio-de-chirico;memo:peintres
grands-peintres_giorgione;wiki-fr
grands-peintres_giotto-di-bondone;wiki-fr
grands-peintres_grant-wood;wiki-fr
grands-peintres_gustav-klimt;memo:peintres
grands-peintres_gustave-caillebotte;wiki-fr
grands-peintres_gustave-courbet;memo:peintres
grands-peintres_gustave-moreau;wiki-fr
grands-peintres_hans-holbein-le-jeune;wiki-fr
grands-peintres_henri-de-toulouse-lautrec;wiki-fr
grands-peintres_henri-matisse;memo:peintres
grands-peintres_henri-rousseau;bing
grands-peintres_hilma-af-klint;wiki-fr
grands-peintres_hiroshige;wiki-fr
grands-peintres_hokusai;wiki-fr
grands-peintres_ilia-repine;wiki-fr
grands-peintres_ivan-aivazovski;wiki-fr
grands-peintres_jackson-pollock;memo:peintres
grands-peintres_jacques-louis-david;memo:peintres
grands-peintres_james-abbott-mcneill-whistler;wiki-fr
grands-peintres_jan-van-eyck;memo:peintres
grands-peintres_jean-auguste-dominique-ingres;wiki-fr
grands-peintres_jean-dubuffet;wiki-fr
grands-peintres_jean-francois-millet;wiki-fr
grands-peintres_jean-honore-fragonard;wiki-fr
grands-peintres_jean-michel-basquiat;memo:peintres
grands-peintres_jean-simeon-chardin;wiki-fr
grands-peintres_jerome-bosch;wiki-fr
grands-peintres_joan-miro;memo:peintres
grands-peintres_joaquin-sorolla;wiki-fr
grands-peintres_johannes-vermeer;wiki-fr
grands-peintres_john-constable;wiki-fr
grands-peintres_john-singer-sargent;wiki-fr
grands-peintres_kasimir-malevitch;wiki-fr
grands-peintres_keith-haring;wiki-fr
grands-peintres_le-caravage;memo:peintres
grands-peintres_le-greco;wiki-fr
grands-peintres_le-tintoret;wiki-fr
grands-peintres_leonard-de-vinci;memo:peintres
grands-peintres_lucian-freud;wiki-fr
grands-peintres_marc-chagall;wiki-fr
grands-peintres_mark-rothko;memo:peintres
grands-peintres_mary-cassatt;wiki-fr
grands-peintres_masaccio;wiki-fr
grands-peintres_max-ernst;wiki-fr
grands-peintres_michel-ange;memo:peintres
grands-peintres_nicolas-de-stael;wiki-sans-filtre
grands-peintres_nicolas-poussin;memo:peintres
grands-peintres_odilon-redon;wiki-fr
grands-peintres_otto-dix;wiki-fr
grands-peintres_pablo-picasso;memo:peintres
grands-peintres_paul-cezanne;memo:peintres
grands-peintres_paul-gauguin;memo:peintres
grands-peintres_paul-klee;memo:peintres
grands-peintres_paul-signac;wiki-fr
grands-peintres_paul-veronese;wiki-fr
grands-peintres_piero-della-francesca;wiki-fr
grands-peintres_pierre-paul-rubens;memo:peintres
grands-peintres_pierre-soulages;wiki-fr
grands-peintres_piet-mondrian;wiki-fr
grands-peintres_pieter-brueghel-l-ancien;wiki-fr
grands-peintres_raphael-peintre;memo:peintres
grands-peintres_rembrandt;memo:peintres
grands-peintres_rene-magritte;memo:peintres
grands-peintres_robert-delaunay;wiki-fr
grands-peintres_roy-lichtenstein;wiki-fr
grands-peintres_salvador-dali;memo:peintres
grands-peintres_sandro-botticelli;memo:peintres
grands-peintres_sonia-delaunay;wiki-fr
grands-peintres_takashi-murakami;wiki-sans-filtre
grands-peintres_theodore-gericault;wiki-fr
grands-peintres_titien;memo:peintres
grands-peintres_vassily-kandinsky;memo:peintres
grands-peintres_vincent-van-gogh;memo:peintres
grands-peintres_willem-de-kooning;wiki-fr
grands-peintres_william-blake;wiki-fr
grands-peintres_william-turner;wiki-fr
grands-peintres_winslow-homer;wiki-fr
grands-peintres_yayoi-kusama;wiki-fr
grands-peintres_yves-klein;wiki-fr
grands-peintres_zao-wou-ki;wiki-fr
insectes_acheta-domesticus;wiki-fr
insectes_aedes-albopictus;wiki-fr
insectes_agaonidae;imposée
insectes_anax-empereur;wiki-fr
insectes_aphidoidea;wiki-fr
insectes_apis-mellifera;wiki-fr
insectes_attacus-atlas;wiki-fr
insectes_blatte-americaine;wiki-fr
insectes_bombyx-du-murier;wiki-fr
insectes_bourdon-terrestre;wiki-fr
insectes_bousier;wiki-fr
insectes_bousier-sacre;wiki-fr
insectes_camponotus;wiki-fr
insectes_carabe-dore;wiki-fr
insectes_cetoine-doree;wiki-fr
insectes_charancon-du-ble;wiki-fr
insectes_chrysope-verte;wiki-fr
insectes_cicadidae;wiki-fr
insectes_coccinella-septempunctata;wiki-fr
insectes_coccoidea;bing
insectes_coleoptere-bombardier;wiki-fr
insectes_criquet-migrateur;wiki-fr
insectes_ctenocephalides-felis;wiki-sans-filtre
insectes_culex-pipiens;wiki-fr
insectes_dermaptera;wiki-fr
insectes_doryphore;wiki-fr
insectes_drosophile;wiki-fr
insectes_dynaste-hercule;wiki-fr
insectes_dynastinae;wiki-fr
insectes_ephemeroptera;wiki-fr
insectes_formica-rufa;wiki-fr
insectes_fourmi-coupe-feuille;imposée
insectes_fourmi-legionnaire;wiki-fr
insectes_goliathus-regius;wiki-sans-filtre
insectes_halyomorpha-halys;wiki-fr
insectes_hymenopus-coronatus;wiki-fr
insectes_lasius-niger;wiki-fr
insectes_lucanus-cervus;wiki-fr
insectes_luciola;wiki-fr
insectes_machaon-papillon;wiki-fr
insectes_mante-religieuse;wiki-fr
insectes_melolonthinae;wiki-fr
insectes_monarque-papillon;wiki-fr
insectes_moro-sphinx;wiki-fr
insectes_morpho-helenor;wiki-fr
insectes_mouche-domestique;wiki-fr
insectes_mouche-tse-tse;wiki-fr
insectes_myrmeleontidae;wiki-fr
insectes_palomena-prasina;wiki-fr
insectes_paon-du-jour;wiki-fr
insectes_phasme;wiki-fr
insectes_phylliidae;wiki-fr
insectes_pieride-du-chou;wiki-fr
insectes_pou-de-tete;wiki-fr
insectes_punaise-de-lit;wiki-fr
insectes_sphinx-tete-de-mort;wiki-fr
insectes_tabanidae;wiki-fr
insectes_termite;wiki-fr
insectes_tettigonia-viridissima;wiki-fr
insectes_vespa-crabro;wiki-sans-filtre
insectes_vespa-mandarinia;wiki-fr
insectes_vespa-velutina;wiki-fr
insectes_vespula-vulgaris;wiki-fr
insectes_zygoptera;wiki-fr
inventeurs-et-ingenieurs_alexander-graham-bell;wiki-fr
inventeurs-et-ingenieurs_alfred-nobel;wiki-fr
inventeurs-et-ingenieurs_auguste-et-louis-lumiere;wiki-fr
inventeurs-et-ingenieurs_carl-benz;wiki-fr
inventeurs-et-ingenieurs_charles-babbage;wiki-fr
inventeurs-et-ingenieurs_denis-papin;wiki-fr
inventeurs-et-ingenieurs_douglas-engelbart;wiki-fr
inventeurs-et-ingenieurs_elisha-otis;wiki-fr
inventeurs-et-ingenieurs_ferdinand-de-lesseps;wiki-fr
inventeurs-et-ingenieurs_ferdinand-von-zeppelin;wiki-fr
inventeurs-et-ingenieurs_frank-whittle;wiki-fr
inventeurs-et-ingenieurs_freres-montgolfier;wiki-fr
inventeurs-et-ingenieurs_george-stephenson;wiki-fr
inventeurs-et-ingenieurs_george-washington-carver;wiki-fr
inventeurs-et-ingenieurs_gordon-earle-moore;wiki-fr
inventeurs-et-ingenieurs_guglielmo-marconi;wiki-fr
inventeurs-et-ingenieurs_gustave-eiffel;wiki-fr
inventeurs-et-ingenieurs_hedy-lamarr;wiki-fr
inventeurs-et-ingenieurs_henry-ford;wiki-fr
inventeurs-et-ingenieurs_isaac-merritt-singer;wiki-fr
inventeurs-et-ingenieurs_isambard-kingdom-brunel;wiki-fr
inventeurs-et-ingenieurs_jack-kilby;wiki-fr
inventeurs-et-ingenieurs_james-watt;wiki-fr
inventeurs-et-ingenieurs_johannes-gutenberg;wiki-fr
inventeurs-et-ingenieurs_john-logie-baird;wiki-fr
inventeurs-et-ingenieurs_leonard-de-vinci;memo:grands_scientifiques
inventeurs-et-ingenieurs_linus-torvalds;wiki-fr
inventeurs-et-ingenieurs_louis-braille;wiki-fr
inventeurs-et-ingenieurs_louis-daguerre;wiki-fr
inventeurs-et-ingenieurs_margaret-hamilton-scientifique;wiki-fr
inventeurs-et-ingenieurs_nicephore-niepce;wiki-fr
inventeurs-et-ingenieurs_nikola-tesla;memo:grands_scientifiques
inventeurs-et-ingenieurs_nikolaus-otto;bing
inventeurs-et-ingenieurs_percy-spencer;bing
inventeurs-et-ingenieurs_richard-trevithick;wiki-fr
inventeurs-et-ingenieurs_robert-fulton;wiki-sans-filtre
inventeurs-et-ingenieurs_robert-noyce;wiki-fr
inventeurs-et-ingenieurs_rudolf-diesel;wiki-fr
inventeurs-et-ingenieurs_samuel-morse;wiki-fr
inventeurs-et-ingenieurs_serguei-korolev;wiki-fr
inventeurs-et-ingenieurs_shuji-nakamura;wiki-fr
inventeurs-et-ingenieurs_steve-wozniak;wiki-fr
inventeurs-et-ingenieurs_thomas-edison;wiki-fr
inventeurs-et-ingenieurs_thomas-newcomen;wiki-en
inventeurs-et-ingenieurs_tim-berners-lee;memo:grands_scientifiques
inventeurs-et-ingenieurs_vladimir-zvorykin;wiki-fr
inventeurs-et-ingenieurs_wernher-von-braun;wiki-fr
inventeurs-et-ingenieurs_willis-carrier;wiki-fr
inventions-importantes_accumulateur-lithium-ion;wiki-fr
inventions-importantes_acier;wiki-fr
inventions-importantes_age-du-bronze;bing
inventions-importantes_agriculture;wiki-fr
inventions-importantes_allumette;wiki-fr
inventions-importantes_anesthesie;memo:inventions_majeures
inventions-importantes_antibiotique;wiki-fr
inventions-importantes_aqueduc;wiki-fr
inventions-importantes_arc-architecture;wiki-fr
inventions-importantes_ascenseur;wiki-fr
inventions-importantes_aspirateur;wiki-fr
inventions-importantes_automobile;wiki-fr
inventions-importantes_avion;wiki-fr
inventions-importantes_bakelite;wiki-fr
inventions-importantes_barometre;wiki-fr
inventions-importantes_bateau-a-vapeur;wiki-fr
inventions-importantes_beton-arme;bing
inventions-importantes_blockchain;wiki-sans-filtre
inventions-importantes_bombe-a;wiki-fr
inventions-importantes_boussole;memo:inventions_majeures
inventions-importantes_calculatrice;wiki-fr
inventions-importantes_canal-de-suez;wiki-fr
inventions-importantes_capteur-solaire-photovoltaique;wiki-fr
inventions-importantes_carte-a-puce;wiki-fr
inventions-importantes_charrue;wiki-fr
inventions-importantes_chasse-d-eau;wiki-fr
inventions-importantes_chemin-de-fer;wiki-fr
inventions-importantes_cinema;memo:inventions_majeures
inventions-importantes_circuit-integre;wiki-fr
inventions-importantes_climatisation;wiki-fr
inventions-importantes_code-barres;bing
inventions-importantes_conserve;wiki-fr
inventions-importantes_contraception;wiki-fr
inventions-importantes_courrier-electronique;wiki-fr
inventions-importantes_crispr;bing
inventions-importantes_cryptographie-asymetrique;wiki-fr
inventions-importantes_defibrillateur-automatise-externe;wiki-fr
inventions-importantes_disque-dur;wiki-fr
inventions-importantes_domestication-du-feu;wiki-fr
inventions-importantes_dynamite;bing
inventions-importantes_dynamo;wiki-fr
inventions-importantes_echographie;wiki-sans-filtre
inventions-importantes_ecran-tactile;wiki-fr
inventions-importantes_ecriture;wiki-fr
inventions-importantes_egout;wiki-fr
inventions-importantes_eolienne;wiki-fr
inventions-importantes_etrier-equitation;wiki-fr
inventions-importantes_fermeture-eclair;wiki-fr
inventions-importantes_fibre-optique-noire;wiki-fr
inventions-importantes_four-a-micro-ondes;wiki-fr
inventions-importantes_fusee-astronautique;wiki-fr
inventions-importantes_global-positioning-system;wiki-fr
inventions-importantes_gouvernail-d-etambot;bing
inventions-importantes_gratte-ciel;wiki-fr
inventions-importantes_helicoptere;wiki-fr
inventions-importantes_horloge-mecanique;wiki-fr
inventions-importantes_imagerie-par-resonance-magnetique;wiki-sans-filtre
inventions-importantes_impression-3d;wiki-fr
inventions-importantes_imprimerie;wiki-fr
inventions-importantes_industrie-lithique;wiki-fr
inventions-importantes_intelligence-artificielle;wiki-sans-filtre
inventions-importantes_internet;wiki-sans-filtre
inventions-importantes_lampe-a-incandescence;memo:inventions_majeures
inventions-importantes_laser;wiki-fr
inventions-importantes_lave-linge;wiki-fr
inventions-importantes_lave-vaisselle;wiki-fr
inventions-importantes_locomotive-a-vapeur;memo:inventions_majeures
inventions-importantes_lunette-astronomique;wiki-fr
inventions-importantes_lunettes;memo:inventions_majeures
inventions-importantes_machine-a-coudre;wiki-fr
inventions-importantes_machine-a-ecrire;wiki-fr
inventions-importantes_machine-a-vapeur;memo:inventions_majeures
inventions-importantes_machine-electrique;wiki-fr
inventions-importantes_memoire-flash;wiki-fr
inventions-importantes_microscope;wiki-sans-filtre
inventions-importantes_monnaie;wiki-fr
inventions-importantes_montgolfiere;wiki-fr
inventions-importantes_moteur-a-combustion-interne;memo:inventions_majeures
inventions-importantes_moteur-de-recherche;wiki-fr
inventions-importantes_moulin-a-eau;wiki-fr
inventions-importantes_navette-spatiale;wiki-fr
inventions-importantes_nylon;bing
inventions-importantes_ordinateur-personnel;imposée
inventions-importantes_papier;wiki-fr
inventions-importantes_papier-calque;wiki-fr
inventions-importantes_parachute;wiki-fr
inventions-importantes_paratonnerre;wiki-fr
inventions-importantes_pasteurisation;wiki-fr
inventions-importantes_penicilline;bing
inventions-importantes_phonographe;wiki-fr
inventions-importantes_photographie;memo:inventions_majeures
inventions-importantes_pile-electrique;wiki-sans-filtre
inventions-importantes_pneumatique-vehicule;wiki-fr
inventions-importantes_pont-suspendu;wiki-fr
inventions-importantes_poterie;wiki-fr
inventions-importantes_poudre-noire;memo:inventions_majeures
inventions-importantes_procede-haber;wiki-fr
inventions-importantes_processeur;wiki-fr
inventions-importantes_production-de-l-aluminium-par-electrolyse;bing
inventions-importantes_radar;memo:inventions_majeures
inventions-importantes_radiocommunication;memo:inventions_majeures
inventions-importantes_radiographie;wiki-fr
inventions-importantes_reacteur-nucleaire;wiki-fr
inventions-importantes_refrigerateur;wiki-fr
inventions-importantes_reseau-electrique;wiki-fr
inventions-importantes_roue;memo:inventions_majeures
inventions-importantes_satellite-artificiel;wiki-fr
inventions-importantes_savon;wiki-fr
inventions-importantes_sextant;wiki-sans-filtre
inventions-importantes_smartphone;wiki-fr
inventions-importantes_souris-informatique;wiki-fr
inventions-importantes_sous-marin;wiki-fr
inventions-importantes_stimulateur-cardiaque;wiki-fr
inventions-importantes_stylo-a-bille;wiki-fr
inventions-importantes_telegraphie-electrique;memo:inventions_majeures
inventions-importantes_telephone;memo:inventions_majeures
inventions-importantes_television;wiki-fr
inventions-importantes_thermometre;memo:inventions_majeures
inventions-importantes_tomodensitometrie;wiki-fr
inventions-importantes_transfusion-sanguine;wiki-fr
inventions-importantes_transistor;memo:inventions_majeures
inventions-importantes_turbine;bing
inventions-importantes_turboreacteur;wiki-en
inventions-importantes_vaccin;memo:inventions_majeures
inventions-importantes_vaccin-a-arn;wiki-en
inventions-importantes_velcro;wiki-sans-filtre
inventions-importantes_velo;wiki-fr
inventions-importantes_verre;wiki-fr
inventions-importantes_voile-navire;wiki-fr
inventions-importantes_vulcanisation;wiki-fr
inventions-importantes_wi-fi;wiki-fr
inventions-importantes_world-wide-web;wiki-en
jeu-video-moderne_among-us;wiki-en-cover
jeu-video-moderne_angry-birds;wiki-sans-filtre
jeu-video-moderne_animal-crossing-new-horizons;wiki-en-cover
jeu-video-moderne_apex-legends;bing
jeu-video-moderne_assassin-s-creed-ii;bing
jeu-video-moderne_balatro;wiki-en-cover
jeu-video-moderne_baldur-s-gate-ii-shadows-of-amn;bing
jeu-video-moderne_baldur-s-gate-iii;wiki-en-cover
jeu-video-moderne_bioshock;wiki-en-cover
jeu-video-moderne_bloodborne;wiki-en-cover
jeu-video-moderne_braid;bing
jeu-video-moderne_call-of-duty-4-modern-warfare;wiki-en-cover
jeu-video-moderne_celeste-jeu-video;wiki-en-cover
jeu-video-moderne_cuphead;wiki-en-cover
jeu-video-moderne_cyberpunk-2077;wiki-sans-filtre
jeu-video-moderne_dark-souls;wiki-sans-filtre
jeu-video-moderne_death-stranding;wiki-sans-filtre
jeu-video-moderne_deus-ex;bing
jeu-video-moderne_diablo-ii;wiki-sans-filtre
jeu-video-moderne_disco-elysium;wiki-en-cover
jeu-video-moderne_dishonored;wiki-sans-filtre
jeu-video-moderne_dota-2;wiki-en-cover
jeu-video-moderne_elden-ring;wiki-en-cover
jeu-video-moderne_fallout-3;wiki-sans-filtre
jeu-video-moderne_fallout-new-vegas;wiki-sans-filtre
jeu-video-moderne_final-fantasy-x;bing
jeu-video-moderne_fortnite;wiki-sans-filtre
jeu-video-moderne_genshin-impact;bing
jeu-video-moderne_ghost-of-tsushima;wiki-sans-filtre
jeu-video-moderne_god-of-war;wiki-sans-filtre
jeu-video-moderne_god-of-war-jeu-video-2018;wiki-en-cover
jeu-video-moderne_grand-theft-auto-iii;bing
jeu-video-moderne_grand-theft-auto-san-andreas;wiki-en-cover
jeu-video-moderne_grand-theft-auto-v;bing
jeu-video-moderne_guitar-hero-serie-de-jeux-video;wiki-fr
jeu-video-moderne_hades-ii;wiki-en-cover
jeu-video-moderne_hades-jeu-video;wiki-en-cover
jeu-video-moderne_half-life-2;wiki-en-cover
jeu-video-moderne_halo-combat-evolved;wiki-en-cover
jeu-video-moderne_hollow-knight;wiki-en-cover
jeu-video-moderne_hotline-miami;wiki-sans-filtre
jeu-video-moderne_ico-jeu-video;wiki-en-cover
jeu-video-moderne_it-takes-two-jeu-video;wiki-en-cover
jeu-video-moderne_journey-jeu-video-2012;wiki-en-cover
jeu-video-moderne_katamari-damacy;wiki-en-cover
jeu-video-moderne_kingdom-hearts;wiki-sans-filtre
jeu-video-moderne_league-of-legends;bing
jeu-video-moderne_les-sims;wiki-en-cover
jeu-video-moderne_limbo-jeu-video-2010;bing
jeu-video-moderne_mario-kart-8;wiki-sans-filtre
jeu-video-moderne_mass-effect-2;wiki-sans-filtre
jeu-video-moderne_metal-gear-solid-3-snake-eater;wiki-sans-filtre
jeu-video-moderne_minecraft;wiki-sans-filtre
jeu-video-moderne_monster-hunter-world;wiki-sans-filtre
jeu-video-moderne_nier-automata;wiki-sans-filtre
jeu-video-moderne_no-man-s-sky;wiki-en-cover
jeu-video-moderne_outer-wilds;wiki-en-cover
jeu-video-moderne_overwatch;wiki-en-cover
jeu-video-moderne_papers-please;bing
jeu-video-moderne_persona-5;bing
jeu-video-moderne_pokemon-go;wiki-sans-filtre
jeu-video-moderne_portal-2;wiki-en-cover
jeu-video-moderne_portal-jeu-video;wiki-en-cover
jeu-video-moderne_pubg-battlegrounds;bing
jeu-video-moderne_red-dead-redemption-ii;wiki-en-cover
jeu-video-moderne_resident-evil-4;wiki-en-cover
jeu-video-moderne_roblox;wiki-sans-filtre
jeu-video-moderne_rocket-league;wiki-fr
jeu-video-moderne_sekiro-shadows-die-twice;wiki-sans-filtre
jeu-video-moderne_shadow-of-the-colossus;wiki-en-cover
jeu-video-moderne_silent-hill-2;wiki-sans-filtre
jeu-video-moderne_slay-the-spire;wiki-sans-filtre
jeu-video-moderne_stardew-valley;wiki-en-cover
jeu-video-moderne_super-smash-bros-melee;wiki-fr
jeu-video-moderne_team-fortress-2;wiki-sans-filtre
jeu-video-moderne_terraria;wiki-sans-filtre
jeu-video-moderne_the-elder-scrolls-iii-morrowind;wiki-sans-filtre
jeu-video-moderne_the-elder-scrolls-iv-oblivion;wiki-en-cover
jeu-video-moderne_the-elder-scrolls-v-skyrim;wiki-en-cover
jeu-video-moderne_the-last-of-us;wiki-sans-filtre
jeu-video-moderne_the-legend-of-zelda-breath-of-the-wild;wiki-en-cover
jeu-video-moderne_the-legend-of-zelda-tears-of-the-kingdom;wiki-sans-filtre
jeu-video-moderne_the-witcher-3-wild-hunt;wiki-en-cover
jeu-video-moderne_uncharted-2-among-thieves;wiki-sans-filtre
jeu-video-moderne_undertale;wiki-sans-filtre
jeu-video-moderne_valorant;bing
jeu-video-moderne_vampire-survivors;wiki-fr
jeu-video-moderne_wii-sports;wiki-fr
jeu-video-moderne_world-of-warcraft;wiki-en-cover
legendes-du-football_alfredo-di-stefano;wiki-sans-filtre
legendes-du-football_bobby-charlton;wiki-fr
legendes-du-football_bobby-moore;wiki-fr
legendes-du-football_carlos-alberto-football-1944;wiki-fr
legendes-du-football_daniel-passarella;wiki-fr
legendes-du-football_denis-law;wiki-fr
legendes-du-football_didi;wiki-fr
legendes-du-football_diego-maradona;wiki-fr
legendes-du-football_dino-zoff;wiki-fr
legendes-du-football_eusebio-football;wiki-fr
legendes-du-football_ferenc-puskas;wiki-sans-filtre
legendes-du-football_franco-baresi;wiki-fr
legendes-du-football_frank-rijkaard;wiki-fr
legendes-du-football_franz-beckenbauer;wiki-fr
legendes-du-football_garrincha;wiki-fr
legendes-du-football_george-best;wiki-fr
legendes-du-football_gerd-muller;wiki-sans-filtre
legendes-du-football_giacinto-facchetti;wiki-fr
legendes-du-football_gianni-rivera;wiki-fr
legendes-du-football_giuseppe-meazza;wiki-fr
legendes-du-football_gordon-banks;wiki-sans-filtre
legendes-du-football_jairzinho;wiki-fr
legendes-du-football_jimmy-greaves;wiki-fr
legendes-du-football_johan-cruyff;wiki-fr
legendes-du-football_johan-neeskens;wiki-fr
legendes-du-football_jurgen-klinsmann;wiki-fr
legendes-du-football_just-fontaine;wiki-fr
legendes-du-football_karl-heinz-rummenigge;wiki-fr
legendes-du-football_kenny-dalglish;wiki-fr
legendes-du-football_kevin-keegan;wiki-fr
legendes-du-football_larbi-benbarek;wiki-fr
legendes-du-football_lev-yachine;wiki-fr
legendes-du-football_lothar-matthaus;wiki-fr
legendes-du-football_marco-van-basten;wiki-fr
legendes-du-football_mario-kempes;wiki-fr
legendes-du-football_michel-platini;wiki-sans-filtre
legendes-du-football_nilton-santos;wiki-fr
legendes-du-football_oleg-blokhine;wiki-fr
legendes-du-football_paul-breitner;wiki-fr
legendes-du-football_paulo-roberto-falcao;wiki-fr
legendes-du-football_pele;wiki-fr
legendes-du-football_raymond-kopa;wiki-fr
legendes-du-football_rivelino;wiki-fr
legendes-du-football_roger-milla;wiki-fr
legendes-du-football_ruud-gullit;wiki-fr
legendes-du-football_sepp-maier;wiki-fr
legendes-du-football_socrates;wiki-fr
legendes-du-football_stanley-matthews;wiki-fr
legendes-du-football_uwe-seeler;wiki-fr
legendes-du-football_zico;wiki-fr
lieux-legendaires_agartha;wiki-en
lieux-legendaires_apsu;wiki-fr
lieux-legendaires_atlantide;wiki-fr
lieux-legendaires_avalon;wiki-fr
lieux-legendaires_aztlan;wiki-fr
lieux-legendaires_broceliande;wiki-fr
lieux-legendaires_camelot;wiki-fr
lieux-legendaires_cites-d-or;wiki-sans-filtre
lieux-legendaires_eden;wiki-fr
lieux-legendaires_eldorado;wiki-en
lieux-legendaires_fontaine-de-jouvence;wiki-fr
lieux-legendaires_hyperboreens;wiki-fr
lieux-legendaires_ile-de-brasil;wiki-sans-filtre
lieux-legendaires_ile-de-saint-brendan;wiki-fr
lieux-legendaires_iles-des-bienheureux;wiki-en
lieux-legendaires_jerusalem-celeste;wiki-fr
lieux-legendaires_kitej;wiki-sans-filtre
lieux-legendaires_lemurie;wiki-fr
lieux-legendaires_mu-continent;wiki-sans-filtre
lieux-legendaires_pays-de-cocagne;wiki-fr
lieux-legendaires_pays-de-pount;wiki-sans-filtre
lieux-legendaires_shambhala-mythe;wiki-sans-filtre
lieux-legendaires_shangri-la;wiki-sans-filtre
lieux-legendaires_sodome-et-gomorrhe;wiki-fr
lieux-legendaires_thule-mythologie;wiki-fr
lieux-legendaires_tour-de-babel;wiki-sans-filtre
lieux-legendaires_valhalla;wiki-fr
lieux-legendaires_yggdrasil;wiki-sans-filtre
lieux-legendaires_ys;wiki-fr
mammiferes_ailurus;wiki-fr
mammiferes_alces;wiki-fr
mammiferes_alpaga;wiki-fr
mammiferes_aye-aye;wiki-fr
mammiferes_babouin;wiki-fr
mammiferes_baleine-a-bosse;wiki-fr
mammiferes_baleine-bleue;wiki-fr
mammiferes_beluga-cetace;wiki-fr
mammiferes_bison-d-amerique;wiki-fr
mammiferes_bison-d-europe;wiki-fr
mammiferes_blaireau-europeen;wiki-fr
mammiferes_bonobo;wiki-fr
mammiferes_buffle-d-afrique;wiki-fr
mammiferes_canis-lupus;wiki-fr
mammiferes_caracal;wiki-fr
mammiferes_castor-d-europe;wiki-fr
mammiferes_cerf-elaphe;wiki-fr
mammiferes_chacal;wiki-fr
mammiferes_chameau-de-bactriane;wiki-fr
mammiferes_chat-des-sables;wiki-fr
mammiferes_chat-nom-vernaculaire;wiki-fr
mammiferes_cheval;wiki-fr
mammiferes_cheval-de-przewalski;wiki-fr
mammiferes_chevre;wiki-fr
mammiferes_chevreuil;wiki-fr
mammiferes_chimpanze;wiki-fr
mammiferes_civette;wiki-fr
mammiferes_cochon-nain;wiki-fr
mammiferes_colobe;wiki-fr
mammiferes_coyote;wiki-fr
mammiferes_desmodontinae;wiki-fr
mammiferes_diable-de-tasmanie;wiki-fr
mammiferes_dromadaire;wiki-fr
mammiferes_echidne;wiki-fr
mammiferes_ecureuil-roux;wiki-fr
mammiferes_ecureuil-volant;wiki-fr
mammiferes_elephant-d-afrique;wiki-fr
mammiferes_elephant-d-asie;wiki-fr
mammiferes_elephant-de-mer;wiki-fr
mammiferes_equus-quagga;wiki-fr
mammiferes_fennec;wiki-fr
mammiferes_furet;wiki-sans-filtre
mammiferes_gazelle-de-thomson;wiki-fr
mammiferes_girafe;wiki-sans-filtre
mammiferes_gnou;wiki-fr
mammiferes_gorille-de-l-ouest;wiki-fr
mammiferes_grand-dauphin;wiki-fr
mammiferes_guepard;wiki-fr
mammiferes_herisson;wiki-fr
mammiferes_hermine;wiki-fr
mammiferes_hexaprotodon-liberiensis;wiki-fr
mammiferes_hippopotamidae;wiki-fr
mammiferes_hydrochoerus-hydrochaeris;wiki-fr
mammiferes_hyene-rayee;wiki-fr
mammiferes_hyene-tachetee;wiki-fr
mammiferes_hylobatidae;wiki-fr
mammiferes_jaguar;wiki-fr
mammiferes_kangourou-roux;wiki-fr
mammiferes_koala;wiki-fr
mammiferes_lama-animal;wiki-fr
mammiferes_lemur-catta;wiki-sans-filtre
mammiferes_leopard;wiki-fr
mammiferes_lion;wiki-fr
mammiferes_loup-a-criniere;wiki-fr
mammiferes_loup-rouge;wiki-fr
mammiferes_lutrinae;wiki-fr
mammiferes_lycaon-animal;wiki-fr
mammiferes_lynx-boreal;wiki-fr
mammiferes_macaque;wiki-fr
mammiferes_mandrillus-sphinx;wiki-fr
mammiferes_manidae;wiki-fr
mammiferes_marmota-marmota;wiki-fr
mammiferes_mephitis-mephitis;wiki-fr
mammiferes_morse-animal;wiki-fr
mammiferes_mouton;wiki-fr
mammiferes_mustela-nivalis;wiki-fr
mammiferes_myrmecobius-fasciatus;wiki-fr
mammiferes_narval;wiki-fr
mammiferes_notamacropus-rufogriseus;wiki-fr
mammiferes_ocelot;wiki-fr
mammiferes_okapi;wiki-fr
mammiferes_orang-outan;wiki-fr
mammiferes_ornithorynque;wiki-fr
mammiferes_orque;wiki-fr
mammiferes_oryctolagus-cuniculus;wiki-fr
mammiferes_otariidae;wiki-fr
mammiferes_ours-a-lunettes;wiki-fr
mammiferes_ours-blanc;wiki-fr
mammiferes_ours-brun;wiki-fr
mammiferes_ours-noir-d-amerique;wiki-fr
mammiferes_panda-geant;wiki-fr
mammiferes_panthere-des-neiges;wiki-fr
mammiferes_paresseux-a-trois-doigts;wiki-fr
mammiferes_phoque-commun;wiki-fr
mammiferes_physeteroidea;wiki-fr
mammiferes_porc-epic;wiki-fr
mammiferes_priodontes-maximus;wiki-fr
mammiferes_puma;wiki-fr
mammiferes_quokka;wiki-fr
mammiferes_rangifer-tarandus;wiki-fr
mammiferes_rat-taupe-nu;bing
mammiferes_raton-laveur;wiki-fr
mammiferes_rattus;wiki-fr
mammiferes_renard-roux;wiki-fr
mammiferes_rhinoceros-blanc;wiki-fr
mammiferes_rhinoceros-de-java;wiki-fr
mammiferes_rhinoceros-noir;wiki-fr
mammiferes_roussette-mammifere;wiki-fr
mammiferes_saiga;wiki-fr
mammiferes_sanglier;wiki-fr
mammiferes_serval;wiki-fr
mammiferes_souris-bleue-grise;bing
mammiferes_suricate;wiki-fr
mammiferes_tamanoir;wiki-sans-filtre
mammiferes_tapir;wiki-sans-filtre
mammiferes_tigre;wiki-fr
mammiferes_vache;wiki-fr
mammiferes_wallaby;wiki-sans-filtre
mammiferes_wombat;wiki-fr
mammiferes_zebre-de-grevy;wiki-fr
merveilles-du-monde_chichen-itza;wiki-fr
merveilles-du-monde_colisee;wiki-fr
merveilles-du-monde_colosse-de-rhodes;wiki-fr
merveilles-du-monde_grande-muraille;wiki-fr
merveilles-du-monde_jardins-suspendus-de-babylone;wiki-fr
merveilles-du-monde_machu-picchu;wiki-fr
merveilles-du-monde_mausolee-d-halicarnasse;wiki-fr
merveilles-du-monde_petra;wiki-fr
merveilles-du-monde_phare-d-alexandrie;wiki-fr
merveilles-du-monde_pyramide-de-kheops;wiki-fr
merveilles-du-monde_statue-chryselephantine-de-zeus-a-olympie;wiki-fr
merveilles-du-monde_statue-du-christ-redempteur;wiki-fr
merveilles-du-monde_taj-mahal;wiki-fr
merveilles-du-monde_temple-d-artemis-a-ephese;wiki-fr
monuments-emblematiques_abbaye-de-westminster;wiki-fr
monuments-emblematiques_alcazar-de-seville;wiki-fr
monuments-emblematiques_alhambra-grenade;wiki-fr
monuments-emblematiques_angkor-vat;wiki-fr
monuments-emblematiques_arc-de-triomphe;wiki-fr
monuments-emblematiques_atomium;wiki-fr
monuments-emblematiques_basilique-du-sacre-c-ur-de-montmartre;wiki-fr
monuments-emblematiques_basilique-saint-marc-de-venise;wiki-fr
monuments-emblematiques_basilique-saint-pierre;wiki-fr
monuments-emblematiques_big-ben;wiki-fr
monuments-emblematiques_burj-al-arab;wiki-fr
monuments-emblematiques_burj-khalifa;wiki-fr
monuments-emblematiques_capitole-des-etats-unis;wiki-fr
monuments-emblematiques_cathedrale-de-cologne;wiki-fr
monuments-emblematiques_cathedrale-notre-dame-de-chartres;wiki-fr
monuments-emblematiques_cathedrale-notre-dame-de-paris;wiki-fr
monuments-emblematiques_cathedrale-saint-basile-le-bienheureux-de-moscou;wiki-fr
monuments-emblematiques_cathedrale-santa-maria-del-fiore;wiki-fr
monuments-emblematiques_chateau-d-edimbourg;wiki-fr
monuments-emblematiques_chateau-de-bran;wiki-fr
monuments-emblematiques_chateau-de-chambord;wiki-fr
monuments-emblematiques_chateau-de-chenonceau;wiki-fr
monuments-emblematiques_chateau-de-himeji;wiki-fr
monuments-emblematiques_chateau-de-neuschwanstein;wiki-fr
monuments-emblematiques_chateau-de-prague;wiki-fr
monuments-emblematiques_chateau-de-schonbrunn;wiki-fr
monuments-emblematiques_chateau-de-versailles;wiki-fr
monuments-emblematiques_chrysler-building;wiki-sans-filtre
monuments-emblematiques_cite-interdite;wiki-fr
monuments-emblematiques_dome-du-rocher;wiki-fr
monuments-emblematiques_eglises-rupestres-de-lalibela;wiki-fr
monuments-emblematiques_empire-state-building;wiki-fr
monuments-emblematiques_fontaine-de-trevi;wiki-fr
monuments-emblematiques_grand-bouddha-de-leshan;wiki-fr
monuments-emblematiques_grand-place-de-bruxelles;wiki-fr
monuments-emblematiques_grande-mosquee-de-djenne;wiki-fr
monuments-emblematiques_harbour-bridge;wiki-en
monuments-emblematiques_harmandir-sahib;wiki-fr
monuments-emblematiques_kinkaku-ji;wiki-fr
monuments-emblematiques_krak-des-chevaliers;wiki-fr
monuments-emblematiques_kremlin-de-moscou;wiki-sans-filtre
monuments-emblematiques_le-mont-saint-michel;wiki-fr
monuments-emblematiques_lincoln-memorial;wiki-fr
monuments-emblematiques_maison-blanche;wiki-en
monuments-emblematiques_mont-rushmore;wiki-fr
monuments-emblematiques_montagne-de-la-table;wiki-fr
monuments-emblematiques_mosquee-al-haram;wiki-fr
monuments-emblematiques_mosquee-bleue;wiki-fr
monuments-emblematiques_mosquee-cathedrale-de-cordoue;wiki-fr
monuments-emblematiques_mosquee-hassan-ii;wiki-fr
monuments-emblematiques_mur-de-berlin;wiki-fr
monuments-emblematiques_musee-guggenheim-bilbao;wiki-fr
monuments-emblematiques_opera-de-sydney;wiki-fr
monuments-emblematiques_pagode-shwedagon;wiki-fr
monuments-emblematiques_palais-d-hiver;wiki-fr
monuments-emblematiques_palais-de-buckingham;wiki-fr
monuments-emblematiques_palais-de-topkap;wiki-fr
monuments-emblematiques_palais-des-papes-d-avignon;wiki-fr
monuments-emblematiques_palais-du-parlement-bucarest;wiki-fr
monuments-emblematiques_palais-du-potala;wiki-fr
monuments-emblematiques_panneau-hollywood;wiki-fr
monuments-emblematiques_pont-de-brooklyn;bing
monuments-emblematiques_pont-du-gard;wiki-fr
monuments-emblematiques_pont-du-golden-gate;wiki-fr
monuments-emblematiques_porte-de-brandebourg;wiki-fr
monuments-emblematiques_pyramide-du-louvre;wiki-fr
monuments-emblematiques_sagrada-familia;wiki-fr
monuments-emblematiques_sainte-sophie-constantinople;wiki-fr
monuments-emblematiques_statue-de-la-liberte;wiki-fr
monuments-emblematiques_taipei-101;bing
monuments-emblematiques_temple-de-borobudur;wiki-fr
monuments-emblematiques_temple-du-ciel;wiki-fr
monuments-emblematiques_tour-cn;wiki-fr
monuments-emblematiques_tour-de-belem;wiki-fr
monuments-emblematiques_tour-de-londres;wiki-fr
monuments-emblematiques_tour-de-pise;wiki-fr
monuments-emblematiques_tour-eiffel;wiki-fr
monuments-emblematiques_tours-petronas;bing
monuments-emblematiques_tower-bridge;wiki-fr
monuments-emblematiques_tunnel-sous-la-manche;bing
mythologie-celtique_arawn;wiki-sans-filtre
mythologie-celtique_balor;wiki-sans-filtre
mythologie-celtique_banshee;wiki-fr
mythologie-celtique_belenos;wiki-fr
mythologie-celtique_boann;wiki-sans-filtre
mythologie-celtique_brigit;wiki-fr
mythologie-celtique_cernunnos;wiki-fr
mythologie-celtique_cuchulainn;wiki-sans-filtre
mythologie-celtique_dagda;imposée
mythologie-celtique_danu-hindouisme;wiki-en
mythologie-celtique_epona;wiki-fr
mythologie-celtique_fionn-mac-cumhaill;wiki-fr
mythologie-celtique_kelpie;wiki-fr
mythologie-celtique_leprechaun;wiki-fr
mythologie-celtique_lug-dieu;wiki-fr
mythologie-celtique_manannan-mac-lir;wiki-fr
mythologie-celtique_medb;wiki-fr
mythologie-celtique_morrigan;wiki-fr
mythologie-celtique_nuada;wiki-fr
mythologie-celtique_oengus;wiki-fr
mythologie-celtique_ogmios;wiki-en
mythologie-celtique_rhiannon;wiki-en
mythologie-celtique_selkie;wiki-sans-filtre
mythologie-celtique_taranis-mythologie;wiki-fr
mythologie-celtique_teutates;wiki-fr
mythologie-egyptienne_ammout;wiki-fr
mythologie-egyptienne_amon;wiki-sans-filtre
mythologie-egyptienne_anoukis;bing
mythologie-egyptienne_anubis;wiki-fr
mythologie-egyptienne_apophis;wiki-sans-filtre
mythologie-egyptienne_atoum;wiki-fr
mythologie-egyptienne_bastet;bing
mythologie-egyptienne_benou;bing
mythologie-egyptienne_bes;wiki-fr
mythologie-egyptienne_geb;wiki-fr
mythologie-egyptienne_hapy;bing
mythologie-egyptienne_hathor;imposée
mythologie-egyptienne_horus;bing
mythologie-egyptienne_isis;wiki-fr
mythologie-egyptienne_khnoum;bing
mythologie-egyptienne_khonsou;wiki-fr
mythologie-egyptienne_maat;bing
mythologie-egyptienne_min-dieu;wiki-fr
mythologie-egyptienne_mout;bing
mythologie-egyptienne_nekhbet;bing
mythologie-egyptienne_nephtys;bing
mythologie-egyptienne_nout;wiki-fr
mythologie-egyptienne_osiris;wiki-fr
mythologie-egyptienne_ouadjet;wiki-fr
mythologie-egyptienne_ptah;bing
mythologie-egyptienne_re;bing
mythologie-egyptienne_sekhmet;imposée
mythologie-egyptienne_serket;wiki-fr
mythologie-egyptienne_seth;bing
mythologie-egyptienne_shou;bing
mythologie-egyptienne_sobek;bing
mythologie-egyptienne_sokar;wiki-sans-filtre
mythologie-egyptienne_taouret;bing
mythologie-egyptienne_tefnout;wiki-sans-filtre
mythologie-egyptienne_thot;bing
mythologie-hindoue_agni-dieu;wiki-fr
mythologie-hindoue_airavata;wiki-fr
mythologie-hindoue_arjuna;wiki-fr
mythologie-hindoue_bhima;wiki-fr
mythologie-hindoue_brahma;wiki-fr
mythologie-hindoue_dourga;wiki-fr
mythologie-hindoue_draupadi;wiki-fr
mythologie-hindoue_ganesh;wiki-fr
mythologie-hindoue_ganga-deesse;wiki-fr
mythologie-hindoue_garuda;wiki-fr
mythologie-hindoue_hanuman;wiki-fr
mythologie-hindoue_indra;wiki-fr
mythologie-hindoue_kali;bing
mythologie-hindoue_karna;wiki-fr
mythologie-hindoue_karttikeya;wiki-fr
mythologie-hindoue_krishna;wiki-fr
mythologie-hindoue_kubera;wiki-fr
mythologie-hindoue_kurma;wiki-fr
mythologie-hindoue_lakshmi;wiki-fr
mythologie-hindoue_matsya;wiki-sans-filtre
mythologie-hindoue_naga;wiki-fr
mythologie-hindoue_nandi-mythologie;wiki-fr
mythologie-hindoue_narasimha;wiki-fr
mythologie-hindoue_parvati;wiki-fr
mythologie-hindoue_rama;wiki-fr
mythologie-hindoue_ravana;wiki-fr
mythologie-hindoue_sarasvati-deesse;wiki-sans-filtre
mythologie-hindoue_shiva;wiki-fr
mythologie-hindoue_sita;wiki-fr
mythologie-hindoue_surya;wiki-fr
mythologie-hindoue_vamana;wiki-fr
mythologie-hindoue_varuna;wiki-fr
mythologie-hindoue_vayou;wiki-fr
mythologie-hindoue_vishnou;wiki-fr
mythologie-hindoue_yama;wiki-fr
mythologie-nordique_baldr;wiki-fr
mythologie-nordique_bragi;wiki-fr
mythologie-nordique_fafnir;wiki-fr
mythologie-nordique_fenrir;wiki-fr
mythologie-nordique_forseti-dieu;wiki-fr
mythologie-nordique_freyja;wiki-fr
mythologie-nordique_freyr;wiki-sans-filtre
mythologie-nordique_frigg;wiki-fr
mythologie-nordique_heimdall;wiki-fr
mythologie-nordique_hel-deesse;wiki-fr
mythologie-nordique_hugin-et-munin;wiki-fr
mythologie-nordique_idunn;wiki-fr
mythologie-nordique_jormungand;bing
mythologie-nordique_loki;wiki-fr
mythologie-nordique_nidhogg;wiki-en
mythologie-nordique_njord;wiki-sans-filtre
mythologie-nordique_nornes;wiki-fr
mythologie-nordique_odin;wiki-fr
mythologie-nordique_ratatosk;wiki-fr
mythologie-nordique_siegfried-mythologie;wiki-fr
mythologie-nordique_sif-deesse;wiki-fr
mythologie-nordique_skadi;wiki-fr
mythologie-nordique_sleipnir;wiki-fr
mythologie-nordique_surt;wiki-fr
mythologie-nordique_thor;wiki-fr
mythologie-nordique_troll;wiki-fr
mythologie-nordique_tyr;imposée
mythologie-nordique_ull;wiki-fr
mythologie-nordique_vali-fils-d-odin;wiki-fr
mythologie-nordique_valkyrie;wiki-fr
mythologie-nordique_vidar;wiki-fr
mythologie-nordique_ymir;wiki-fr
mythologies-africaines_amma-divinite;bing
mythologies-africaines_anansi;wiki-fr
mythologies-africaines_anzar;bing
mythologies-africaines_asase-ya;bing
mythologies-africaines_bumba-dieu;bing
mythologies-africaines_damballa;bing
mythologies-africaines_eshu;wiki-en
mythologies-africaines_iemanja;wiki-fr
mythologies-africaines_mami-wata;wiki-sans-filtre
mythologies-africaines_nommo;wiki-fr
mythologies-africaines_nyambe;wiki-fr
mythologies-africaines_nyame;bing
mythologies-africaines_obatala;wiki-en
mythologies-africaines_ogun-divinite;wiki-fr
mythologies-africaines_olorun;wiki-en
mythologies-africaines_orunmila;wiki-fr
mythologies-africaines_oshun;wiki-en
mythologies-africaines_oya;wiki-en
mythologies-africaines_papa-legba;bing
mythologies-africaines_shango;wiki-fr
mythologies-africaines_tanit;wiki-fr
mythologies-africaines_unkulunkulu;bing
mythologies-asie-est_amaterasu;wiki-fr
mythologies-asie-est_benzaiten;wiki-fr
mythologies-asie-est_chang-e;wiki-en
mythologies-asie-est_daikokuten;wiki-fr
mythologies-asie-est_ebisu-divinite;wiki-fr
mythologies-asie-est_empereur-de-jade;wiki-fr
mythologies-asie-est_fenghuang;bing
mythologies-asie-est_fujin-divinite;wiki-fr
mythologies-asie-est_fuxi;wiki-fr
mythologies-asie-est_guanyin;wiki-fr
mythologies-asie-est_hachiman;wiki-fr
mythologies-asie-est_inari-divinite-japonaise;wiki-fr
mythologies-asie-est_izanagi;wiki-fr
mythologies-asie-est_izanami;wiki-fr
mythologies-asie-est_kagutsuchi;wiki-en
mythologies-asie-est_kappa-mythologie;wiki-sans-filtre
mythologies-asie-est_nezha;wiki-fr
mythologies-asie-est_nuwa;wiki-sans-filtre
mythologies-asie-est_okuninushi;wiki-fr
mythologies-asie-est_oni;wiki-fr
mythologies-asie-est_pangu;wiki-fr
mythologies-asie-est_qilin;wiki-fr
mythologies-asie-est_raiden-divinite;wiki-fr
mythologies-asie-est_renard-dans-la-culture-japonaise;wiki-fr
mythologies-asie-est_roi-dragon;wiki-fr
mythologies-asie-est_ryujin;wiki-fr
mythologies-asie-est_shennong;wiki-fr
mythologies-asie-est_sun-wukong;wiki-fr
mythologies-asie-est_susanoo;imposée
mythologies-asie-est_tangun;wiki-fr
mythologies-asie-est_tengu-folklore;wiki-fr
mythologies-asie-est_tsukuyomi;wiki-sans-filtre
mythologies-asie-est_xiwangmu;wiki-sans-filtre
mythologies-asie-est_yamata-no-orochi;wiki-fr
mythologies-mesoamericaines_ah-puch;bing
mythologies-mesoamericaines_aiapaec;wiki-fr
mythologies-mesoamericaines_camazotz;wiki-fr
mythologies-mesoamericaines_chac;wiki-fr
mythologies-mesoamericaines_chalchiuhtlicue;wiki-fr
mythologies-mesoamericaines_coatlicue;wiki-fr
mythologies-mesoamericaines_coyolxauhqui;wiki-fr
mythologies-mesoamericaines_ehecatl;wiki-fr
mythologies-mesoamericaines_huitzilopochtli;wiki-fr
mythologies-mesoamericaines_hunahpu-et-ixbalanque;wiki-en
mythologies-mesoamericaines_hunahpu-et-ixbalanque-b;wiki-en
mythologies-mesoamericaines_illapa;wiki-en
mythologies-mesoamericaines_inti;bing
mythologies-mesoamericaines_itzamna;wiki-sans-filtre
mythologies-mesoamericaines_ixchel;wiki-fr
mythologies-mesoamericaines_kukulkan;wiki-fr
mythologies-mesoamericaines_mama-quilla;wiki-sans-filtre
mythologies-mesoamericaines_manco-capac;wiki-fr
mythologies-mesoamericaines_mictlantecuhtli;bing
mythologies-mesoamericaines_pachamama;wiki-fr
mythologies-mesoamericaines_quetzalcoatl;wiki-fr
mythologies-mesoamericaines_tezcatlipoca;wiki-fr
mythologies-mesoamericaines_tlaloc;bing
mythologies-mesoamericaines_tonatiuh;wiki-fr
mythologies-mesoamericaines_viracocha;wiki-fr
mythologies-mesoamericaines_vucub-caquix;wiki-sans-filtre
mythologies-mesoamericaines_xipe-totec;wiki-fr
mythologies-mesoamericaines_xochiquetzal;wiki-fr
mythologies-mesoamericaines_xolotl;wiki-fr
mythologies-oceanie-ameriques_amaru;wiki-fr
mythologies-oceanie-ameriques_coyote-mythologie;wiki-fr
mythologies-oceanie-ameriques_femme-bison-blanc;wiki-sans-filtre
mythologies-oceanie-ameriques_glouscap;wiki-fr
mythologies-oceanie-ameriques_hina-divinite;wiki-fr
mythologies-oceanie-ameriques_hine-nui-te-po;wiki-fr
mythologies-oceanie-ameriques_iktomi;wiki-fr
mythologies-oceanie-ameriques_kanaloa-divinite;bing
mythologies-oceanie-ameriques_kane;bing
mythologies-oceanie-ameriques_kokopelli;bing
mythologies-oceanie-ameriques_ku;wiki-fr
mythologies-oceanie-ameriques_lono;wiki-fr
mythologies-oceanie-ameriques_maui-mythologie;wiki-fr
mythologies-oceanie-ameriques_nanabozo;wiki-fr
mythologies-oceanie-ameriques_oiseau-tonnerre;wiki-fr
mythologies-oceanie-ameriques_pelee;wiki-fr
mythologies-oceanie-ameriques_rangi-et-papa;wiki-fr
mythologies-oceanie-ameriques_sedna-roi-d-irlande;bing
mythologies-oceanie-ameriques_serpent-arc-en-ciel;wiki-fr
mythologies-oceanie-ameriques_tane;wiki-fr
mythologies-oceanie-ameriques_tangaroa-mythologie;wiki-fr
mythologies-oceanie-ameriques_tawhirimatea;wiki-fr
mythologies-oceanie-ameriques_temps-du-reve;wiki-fr
mythologies-oceanie-ameriques_wakan-tanka;bing
mythologies-oceanie-ameriques_wendigo;wiki-sans-filtre
mythologies-proche-orient_adad;wiki-fr
mythologies-proche-orient_ahriman;wiki-fr
mythologies-proche-orient_ahura-mazda;bing
mythologies-proche-orient_an-dieu;wiki-sans-filtre
mythologies-proche-orient_anahita;wiki-fr
mythologies-proche-orient_anu-deesse-irlandaise;wiki-fr
mythologies-proche-orient_astarte;wiki-fr
mythologies-proche-orient_baal;wiki-fr
mythologies-proche-orient_didon;wiki-fr
mythologies-proche-orient_djamchid;bing
mythologies-proche-orient_dumuzi;wiki-fr
mythologies-proche-orient_enkidu;wiki-fr
mythologies-proche-orient_enlil;wiki-fr
mythologies-proche-orient_ereshkigal;wiki-fr
mythologies-proche-orient_fereydoun;wiki-fr
mythologies-proche-orient_gilgamesh;imposée
mythologies-proche-orient_humbaba;wiki-fr
mythologies-proche-orient_ishtar;wiki-fr
mythologies-proche-orient_lamashtu;wiki-fr
mythologies-proche-orient_marduk;bing
mythologies-proche-orient_melqart;wiki-fr
mythologies-proche-orient_mithra;wiki-fr
mythologies-proche-orient_nergal;wiki-sans-filtre
mythologies-proche-orient_ninurta;wiki-fr
mythologies-proche-orient_rostam;wiki-fr
mythologies-proche-orient_shamash;wiki-fr
mythologies-proche-orient_simorgh-mythologie;wiki-fr
mythologies-proche-orient_sin;wiki-fr
mythologies-proche-orient_tiamat;wiki-en
mythologies-proche-orient_verethragna;wiki-fr
mythologies-proche-orient_zahhak;wiki-fr
mythologies-proche-orient_zervan;bing
mythologies-slaves_alkonost;wiki-sans-filtre
mythologies-slaves_baba-yaga;wiki-fr
mythologies-slaves_bannik;wiki-fr
mythologies-slaves_belbog;wiki-fr
mythologies-slaves_dajbog;wiki-fr
mythologies-slaves_domovoi;wiki-fr
mythologies-slaves_kikimora-mythologie;wiki-fr
mythologies-slaves_kochtchei;wiki-fr
mythologies-slaves_lada-mythologie;wiki-fr
mythologies-slaves_laima;wiki-fr
mythologies-slaves_liechi;wiki-fr
mythologies-slaves_mokoch;wiki-sans-filtre
mythologies-slaves_oiseau-de-feu;wiki-fr
mythologies-slaves_perkunas;wiki-fr
mythologies-slaves_peroun;wiki-fr
mythologies-slaves_roussalka;wiki-fr
mythologies-slaves_sirin;wiki-fr
mythologies-slaves_stribog;wiki-fr
mythologies-slaves_svarog;wiki-fr
mythologies-slaves_tchernobog;wiki-fr
mythologies-slaves_veles-mythologie;wiki-fr
mythologies-slaves_vodianoi;wiki-fr
mythologies-slaves_yarilo;wiki-en
mythologies-slaves_zmei;wiki-fr
objets-mythiques_arche-d-alliance;wiki-sans-filtre
objets-mythiques_arche-de-noe;wiki-sans-filtre
objets-mythiques_baton-de-moise;wiki-sans-filtre
objets-mythiques_boite-de-pandore;wiki-sans-filtre
objets-mythiques_caducee;bing
objets-mythiques_cheval-de-troie;wiki-sans-filtre
objets-mythiques_corne-d-abondance;wiki-sans-filtre
objets-mythiques_draupnir;wiki-sans-filtre
objets-mythiques_durandal;wiki-sans-filtre
objets-mythiques_egide;wiki-sans-filtre
objets-mythiques_excalibur;wiki-sans-filtre
objets-mythiques_graal;wiki-sans-filtre
objets-mythiques_gungnir;wiki-sans-filtre
objets-mythiques_joyeuse-epee;wiki-fr
objets-mythiques_mjollnir;wiki-fr
objets-mythiques_pierre-philosophale;wiki-sans-filtre
objets-mythiques_sampo;wiki-sans-filtre
objets-mythiques_table-ronde;wiki-sans-filtre
objets-mythiques_toison-d-or;wiki-sans-filtre
objets-mythiques_vajra;wiki-sans-filtre
oiseaux_aigle-royal;wiki-fr
oiseaux_aigrette-garzette;wiki-fr
oiseaux_albatros-hurleur;wiki-fr
oiseaux_ara-bleu;wiki-fr
oiseaux_ara-rouge;wiki-fr
oiseaux_autour-des-palombes;wiki-fr
oiseaux_autruche;wiki-fr
oiseaux_balbuzard-pecheur;wiki-fr
oiseaux_bec-en-sabot-du-nil;wiki-fr
oiseaux_cacatoes;wiki-fr
oiseaux_calao-bicorne;wiki-fr
oiseaux_canard-colvert;wiki-fr
oiseaux_casoar-a-casque;wiki-fr
oiseaux_chardonneret-elegant;wiki-fr
oiseaux_chouette-hulotte;wiki-fr
oiseaux_cigogne-blanche;wiki-fr
oiseaux_colibri;wiki-fr
oiseaux_colombe;wiki-fr
oiseaux_condor-des-andes;wiki-fr
oiseaux_corneille-noire;wiki-fr
oiseaux_coucou-gris;wiki-fr
oiseaux_cygne-noir;wiki-fr
oiseaux_cygne-tubercule;wiki-fr
oiseaux_dinde-domestique;wiki-fr
oiseaux_dodo-oiseau;wiki-fr
oiseaux_dromaius;wiki-fr
oiseaux_effraie-des-clochers;wiki-fr
oiseaux_etourneau-sansonnet;wiki-fr
oiseaux_faucon-crecerelle;wiki-fr
oiseaux_faucon-pelerin;wiki-fr
oiseaux_flamant-rose;wiki-fr
oiseaux_fou-de-bassan;wiki-fr
oiseaux_fregate-superbe;wiki-fr
oiseaux_geai-des-chenes;wiki-fr
oiseaux_grand-corbeau;wiki-fr
oiseaux_grand-geocoucou;wiki-fr
oiseaux_grand-pingouin;wiki-fr
oiseaux_grue-cendree;wiki-fr
oiseaux_grue-du-japon;wiki-sans-filtre
oiseaux_gypaete-barbu;wiki-fr
oiseaux_harfang-des-neiges;wiki-fr
oiseaux_harpie-feroce;wiki-fr
oiseaux_heron-cendre;wiki-fr
oiseaux_hibou-grand-duc;wiki-fr
oiseaux_hirondelle-rustique;wiki-fr
oiseaux_huppe-fasciee;wiki-fr
oiseaux_ibis-sacre;wiki-fr
oiseaux_kiwi-austral;bing
oiseaux_macareux-moine;wiki-fr
oiseaux_manchot-adelie;wiki-fr
oiseaux_manchot-empereur;wiki-fr
oiseaux_manchot-papou;wiki-fr
oiseaux_martin-chasseur-geant;wiki-fr
oiseaux_martin-pecheur-d-europe;wiki-fr
oiseaux_martinet-noir;wiki-fr
oiseaux_menura;wiki-fr
oiseaux_merle-noir;wiki-fr
oiseaux_mesange-bleue;wiki-fr
oiseaux_messager-sagittaire;wiki-fr
oiseaux_milan-noir;wiki-fr
oiseaux_moineau-domestique;wiki-sans-filtre
oiseaux_oie-cendree;wiki-fr
oiseaux_paon-bleu;wiki-fr
oiseaux_paradisier;wiki-fr
oiseaux_pelican-blanc;wiki-fr
oiseaux_perroquet-jaco;wiki-fr
oiseaux_perruche-ondulee;wiki-fr
oiseaux_pic-epeiche;wiki-fr
oiseaux_pic-vert;wiki-fr
oiseaux_pie-bavarde;wiki-fr
oiseaux_pinson-des-arbres;wiki-fr
oiseaux_pygargue-a-tete-blanche;wiki-fr
oiseaux_quetzal-resplendissant;wiki-fr
oiseaux_rhea;wiki-fr
oiseaux_rossignol-philomele;wiki-fr
oiseaux_rouge-gorge;wiki-fr
oiseaux_sterne-arctique;wiki-fr
oiseaux_strigops-kakapo;wiki-fr
oiseaux_toucan-toco;wiki-fr
oiseaux_tourte-voyageuse;wiki-fr
oiseaux_vautour-fauve;wiki-sans-filtre
oiseaux_vautour-percnoptere;bing
personnages-animation_aladdin-disney;wiki-fr
personnages-animation_ariel-disney;wiki-fr
personnages-animation_baloo;wiki-fr
personnages-animation_bambi-personnage;wiki-en
personnages-animation_bart-simpson;wiki-fr
personnages-animation_betty-boop;bing
personnages-animation_blanche-neige-disney;wiki-fr
personnages-animation_bob-l-eponge-personnage;wiki-sans-filtre
personnages-animation_bugs-bunny;wiki-fr
personnages-animation_buzz-l-eclair;wiki-fr
personnages-animation_casper-film;bing
personnages-animation_cendrillon;wiki-fr
personnages-animation_cruella-d-enfer;wiki-fr
personnages-animation_daffy-duck;wiki-fr
personnages-animation_dingo-disney;wiki-fr
personnages-animation_donald-duck;wiki-fr
personnages-animation_dory;wiki-sans-filtre
personnages-animation_dumbo;wiki-fr
personnages-animation_elsa-disney;wiki-fr
personnages-animation_genie-disney;wiki-sans-filtre
personnages-animation_homer-simpson;wiki-sans-filtre
personnages-animation_jafar-disney;wiki-fr
personnages-animation_l-ane-shrek;wiki-sans-filtre
personnages-animation_la-belle-au-bois-dormant;wiki-fr
personnages-animation_les-schtroumpfs;wiki-sans-filtre
personnages-animation_malefique-disney;wiki-fr
personnages-animation_merida-disney;wiki-fr
personnages-animation_mickey-mouse;bing
personnages-animation_mufasa-disney;wiki-fr
personnages-animation_mulan-disney;wiki-fr
personnages-animation_nemo-poisson;wiki-fr
personnages-animation_patrick-etoile-de-mer;wiki-fr
personnages-animation_pinocchio;wiki-fr
personnages-animation_popeye-personnage;wiki-fr
personnages-animation_pumbaa;wiki-sans-filtre
personnages-animation_raiponce-disney;wiki-fr
personnages-animation_remy-ratatouille;wiki-fr
personnages-animation_scar-disney;wiki-fr
personnages-animation_scooby-doo;bing
personnages-animation_sherif-woody;wiki-fr
personnages-animation_shrek-personnage;wiki-fr
personnages-animation_simba-disney;wiki-sans-filtre
personnages-animation_stitch;wiki-sans-filtre
personnages-animation_sulli;wiki-sans-filtre
personnages-animation_titi-personnage;wiki-fr
personnages-animation_tom-et-jerry;wiki-sans-filtre
personnages-animation_ursula-disney;wiki-sans-filtre
personnages-animation_vaiana;wiki-sans-filtre
personnages-animation_vil-coyote;wiki-fr
personnages-animation_wall-e-personnage;wiki-sans-filtre
personnages-bd-comics_aquaman;wiki-sans-filtre
personnages-bd-comics_asterix;wiki-fr
personnages-bd-comics_batman;wiki-fr
personnages-bd-comics_black-panther-film;wiki-sans-filtre
personnages-bd-comics_black-widow-film;wiki-sans-filtre
personnages-bd-comics_blake-et-mortimer;wiki-sans-filtre
personnages-bd-comics_boule-et-bill;wiki-fr
personnages-bd-comics_calvin-et-hobbes;wiki-sans-filtre
personnages-bd-comics_capitaine-haddock;wiki-fr
personnages-bd-comics_captain-america;wiki-fr
personnages-bd-comics_catwoman;wiki-fr
personnages-bd-comics_corto-maltese;bing
personnages-bd-comics_daredevil;wiki-fr
personnages-bd-comics_deadpool;wiki-fr
personnages-bd-comics_docteur-fatalis;wiki-fr
personnages-bd-comics_docteur-strange;wiki-sans-filtre
personnages-bd-comics_fantasio-personnage;wiki-fr
personnages-bd-comics_galactus;wiki-fr
personnages-bd-comics_garfield-personnage;wiki-fr
personnages-bd-comics_gaston-lagaffe;wiki-fr
personnages-bd-comics_green-lantern;bing
personnages-bd-comics_harley-quinn;wiki-fr
personnages-bd-comics_hellboy-personnage;wiki-sans-filtre
personnages-bd-comics_hulk;wiki-fr
personnages-bd-comics_iron-man-film-2008;wiki-fr
personnages-bd-comics_iznogoud-personnage;wiki-fr
personnages-bd-comics_jean-grey;wiki-fr
personnages-bd-comics_joker-personnage;wiki-fr
personnages-bd-comics_judge-dredd-bande-dessinee;wiki-fr
personnages-bd-comics_largo-winch;wiki-fr
personnages-bd-comics_les-aventures-de-tintin;wiki-sans-filtre
personnages-bd-comics_lex-luthor;wiki-fr
personnages-bd-comics_lucky-luke;wiki-fr
personnages-bd-comics_magneto-comics;wiki-fr
personnages-bd-comics_marsupilami-film;bing
personnages-bd-comics_obelix;wiki-fr
personnages-bd-comics_professeur-xavier;wiki-fr
personnages-bd-comics_punisher-personnage;wiki-fr
personnages-bd-comics_rahan;wiki-sans-filtre
personnages-bd-comics_robin-dc-comics;wiki-fr
personnages-bd-comics_snoopy;wiki-fr
personnages-bd-comics_spawn-comics;bing
personnages-bd-comics_spider-man;wiki-fr
personnages-bd-comics_spirou-personnage;wiki-fr
personnages-bd-comics_superman;bing
personnages-bd-comics_surfer-d-argent;wiki-fr
personnages-bd-comics_thanos-marvel-comics;wiki-fr
personnages-bd-comics_the-flash-film;wiki-fr
personnages-bd-comics_thorgal;wiki-sans-filtre
personnages-bd-comics_titeuf;wiki-en
personnages-bd-comics_tornade-comics;wiki-fr
personnages-bd-comics_venom-comics;wiki-fr
personnages-bd-comics_wolverine;wiki-fr
personnages-bd-comics_wonder-woman;wiki-sans-filtre
personnages-bd-comics_xiii-jeu-video-2003;wiki-sans-filtre
personnages-cinema-serie_alex-delarge;wiki-sans-filtre
personnages-cinema-serie_amelie-poulain;wiki-sans-filtre
personnages-cinema-serie_anakin-skywalker;wiki-fr
personnages-cinema-serie_columbo-personnage;wiki-fr
personnages-cinema-serie_dexter-morgan;wiki-fr
personnages-cinema-serie_doctor-who;wiki-sans-filtre
personnages-cinema-serie_don-draper;wiki-fr
personnages-cinema-serie_dorothy-gale;wiki-fr
personnages-cinema-serie_e-t;bing
personnages-cinema-serie_ellen-ripley;wiki-fr
personnages-cinema-serie_emmett-brown;wiki-fr
personnages-cinema-serie_fantomas;wiki-fr
personnages-cinema-serie_fight-club-film;wiki-sans-filtre
personnages-cinema-serie_forrest-gump-personnage;wiki-fr
personnages-cinema-serie_freddy-krueger;wiki-fr
personnages-cinema-serie_godzilla-film-2014;wiki-sans-filtre
personnages-cinema-serie_gus-fring;wiki-fr
personnages-cinema-serie_han-solo;wiki-fr
personnages-cinema-serie_hannibal-lecter;wiki-fr
personnages-cinema-serie_indiana-jones;wiki-fr
personnages-cinema-serie_jack-bauer;wiki-sans-filtre
personnages-cinema-serie_jack-sparrow;wiki-fr
personnages-cinema-serie_jack-torrance;wiki-sans-filtre
personnages-cinema-serie_james-bond;bing
personnages-cinema-serie_jason-voorhees;wiki-fr
personnages-cinema-serie_john-mcclane;wiki-fr
personnages-cinema-serie_john-rambo-personnage;wiki-fr
personnages-cinema-serie_king-kong;wiki-fr
personnages-cinema-serie_la-famille-addams-serie-televisee-1964;wiki-fr
personnages-cinema-serie_le-sorcier-d-oz;bing
personnages-cinema-serie_leia-organa;wiki-fr
personnages-cinema-serie_luke-skywalker;wiki-fr
personnages-cinema-serie_marty-mcfly;wiki-fr
personnages-cinema-serie_mary-poppins-personnage;wiki-fr
personnages-cinema-serie_maximus;wiki-sans-filtre
personnages-cinema-serie_mercredi-addams;bing
personnages-cinema-serie_michael-corleone;wiki-sans-filtre
personnages-cinema-serie_michael-myers;wiki-fr
personnages-cinema-serie_neo-matrix;wiki-fr
personnages-cinema-serie_norman-bates;wiki-fr
personnages-cinema-serie_omar-little;bing
personnages-cinema-serie_onze-stranger-things;wiki-sans-filtre
personnages-cinema-serie_oss-117;wiki-sans-filtre
personnages-cinema-serie_rick-grimes;wiki-fr
personnages-cinema-serie_rocky-balboa;wiki-fr
personnages-cinema-serie_saul-goodman;wiki-fr
personnages-cinema-serie_sheldon-cooper;wiki-fr
personnages-cinema-serie_t-800;wiki-fr
personnages-cinema-serie_tony-montana;bing
personnages-cinema-serie_tony-soprano;wiki-fr
personnages-cinema-serie_travis-bickle;wiki-sans-filtre
personnages-cinema-serie_vito-corleone;wiki-fr
personnages-cinema-serie_walter-white-personnage;wiki-fr
personnages-cinema-serie_willy-wonka;wiki-fr
personnages-cinema-serie_yoda;wiki-fr
personnages-de-fiction-celebres_thor-comics;wiki-fr
personnages-jeu-video_2b;wiki-sans-filtre
personnages-jeu-video_47-hitman;wiki-fr
personnages-jeu-video_aloy;wiki-fr
personnages-jeu-video_alucard-castlevania;wiki-sans-filtre
personnages-jeu-video_arthur-morgan-red-dead-redemption-ii;wiki-fr
personnages-jeu-video_bayonetta;wiki-sans-filtre
personnages-jeu-video_big-daddy;bing
personnages-jeu-video_bowser;wiki-fr
personnages-jeu-video_chun-li;wiki-fr
personnages-jeu-video_cloud-strife;wiki-fr
personnages-jeu-video_commandant-shepard;wiki-fr
personnages-jeu-video_crash-bandicoot-personnage;wiki-fr
personnages-jeu-video_creeper-dc-comics;wiki-sans-filtre
personnages-jeu-video_cuphead-personnage;wiki-sans-filtre
personnages-jeu-video_donkey-kong-personnage;wiki-fr
personnages-jeu-video_duke-nukem;wiki-fr
personnages-jeu-video_ellie-the-last-of-us;wiki-fr
personnages-jeu-video_ezio-auditore-da-firenze;wiki-fr
personnages-jeu-video_fallout;bing
personnages-jeu-video_ganon;wiki-fr
personnages-jeu-video_geralt-de-riv;wiki-fr
personnages-jeu-video_gordon-freeman;wiki-fr
personnages-jeu-video_jill-valentine;wiki-fr
personnages-jeu-video_joel-miller;wiki-fr
personnages-jeu-video_kirby-personnage;wiki-sans-filtre
personnages-jeu-video_kratos-god-of-war;wiki-fr
personnages-jeu-video_lara-croft;wiki-fr
personnages-jeu-video_leon-s-kennedy;wiki-sans-filtre
personnages-jeu-video_link-the-legend-of-zelda;wiki-fr
personnages-jeu-video_luigi;wiki-fr
personnages-jeu-video_mario-personnage;wiki-fr
personnages-jeu-video_mega-man-personnage;wiki-sans-filtre
personnages-jeu-video_nathan-drake-personnage;wiki-fr
personnages-jeu-video_nemesis;wiki-sans-filtre
personnages-jeu-video_pac-man;bing
personnages-jeu-video_pikachu;wiki-fr
personnages-jeu-video_princesse-peach;wiki-fr
personnages-jeu-video_princesse-zelda;wiki-fr
personnages-jeu-video_pyramid-head;wiki-sans-filtre
personnages-jeu-video_ratchet-and-clank;wiki-sans-filtre
personnages-jeu-video_rayman-personnage;wiki-sans-filtre
personnages-jeu-video_ryu-street-fighter;wiki-fr
personnages-jeu-video_sackboy;bing
personnages-jeu-video_samus-aran;wiki-fr
personnages-jeu-video_scorpion-mortal-kombat;wiki-fr
personnages-jeu-video_sephiroth-final-fantasy;wiki-fr
personnages-jeu-video_simon-belmont;wiki-sans-filtre
personnages-jeu-video_solid-snake;wiki-fr
personnages-jeu-video_sonic;bing
personnages-jeu-video_sora-kingdom-hearts;wiki-sans-filtre
personnages-jeu-video_spartan-john-117;wiki-en
personnages-jeu-video_spyro;wiki-sans-filtre
personnages-jeu-video_steve-minecraft;wiki-fr
personnages-jeu-video_sub-zero;wiki-fr
personnages-jeu-video_yoshi;wiki-fr
personnages-litterature_albus-dumbledore;wiki-fr
personnages-litterature_alice-alice-au-pays-des-merveilles;wiki-fr
personnages-litterature_anna-karenine;ECHEC
personnages-litterature_aragorn;wiki-fr
personnages-litterature_arsene-lupin;wiki-fr
personnages-litterature_aslan-narnia;wiki-en
personnages-litterature_b-612-le-petit-prince;wiki-sans-filtre
personnages-litterature_bilbon-sacquet;wiki-fr
personnages-litterature_capitaine-achab;wiki-fr
personnages-litterature_capitaine-crochet;wiki-fr
personnages-litterature_capitaine-nemo;wiki-fr
personnages-litterature_chapelier-fou-comics;wiki-sans-filtre
personnages-litterature_commissaire-maigret;wiki-fr
personnages-litterature_conan-le-barbare;wiki-fr
personnages-litterature_cthulhu;wiki-fr
personnages-litterature_cyrano-de-bergerac-rostand;wiki-fr
personnages-litterature_d-artagnan;wiki-fr
personnages-litterature_daenerys-targaryen;wiki-fr
personnages-litterature_don-quichotte;wiki-fr
personnages-litterature_dracula;wiki-fr
personnages-litterature_elric-de-melnibone;wiki-sans-filtre
personnages-litterature_emma-bovary;wiki-sans-filtre
personnages-litterature_faust;wiki-fr
personnages-litterature_frodon-sacquet;wiki-fr
personnages-litterature_gandalf;wiki-fr
personnages-litterature_gimli-terre-du-milieu;wiki-fr
personnages-litterature_gollum;wiki-fr
personnages-litterature_hamlet-personnage;wiki-fr
personnages-litterature_harry-potter;bing
personnages-litterature_hercule-poirot;wiki-fr
personnages-litterature_hermione-granger;wiki-sans-filtre
personnages-litterature_javert;wiki-fr
personnages-litterature_jean-valjean;wiki-fr
personnages-litterature_jon-snow;wiki-fr
personnages-litterature_l-etrange-cas-du-docteur-jekyll-et-de-mister-hyde;wiki-fr
personnages-litterature_le-comte-de-monte-cristo;wiki-fr
personnages-litterature_le-portrait-de-dorian-gray;wiki-fr
personnages-litterature_legolas;wiki-fr
personnages-litterature_les-voyages-de-gulliver;wiki-fr
personnages-litterature_long-john-silver;wiki-fr
personnages-litterature_meursault;wiki-sans-filtre
personnages-litterature_monstre-de-frankenstein;wiki-fr
personnages-litterature_oliver-twist;wiki-fr
personnages-litterature_paul-atreides;bing
personnages-litterature_peter-pan;wiki-fr
personnages-litterature_phileas-fogg;wiki-fr
personnages-litterature_quasimodo-personnage;wiki-fr
personnages-litterature_robinson-crusoe;wiki-fr
personnages-litterature_rodion-raskolnikov;wiki-fr
personnages-litterature_romeo-et-juliette;wiki-sans-filtre
personnages-litterature_ron-weasley;wiki-fr
personnages-litterature_rubeus-hagrid;wiki-fr
personnages-litterature_sancho-panza;wiki-fr
personnages-litterature_sauron;bing
personnages-litterature_severus-rogue;wiki-fr
personnages-litterature_sherlock-holmes;wiki-fr
personnages-litterature_tarzan;wiki-fr
personnages-litterature_tyrion-lannister;wiki-fr
personnages-litterature_un-chant-de-noel;wiki-fr
personnages-litterature_voldemort;wiki-fr
personnages-manga-anime_arsene-lupin-iii;wiki-fr
personnages-manga-anime_astro-le-petit-robot;wiki-sans-filtre
personnages-manga-anime_bulma;wiki-fr
personnages-manga-anime_cell-dragon-ball;wiki-fr
personnages-manga-anime_denji;wiki-sans-filtre
personnages-manga-anime_doraemon;wiki-fr
personnages-manga-anime_eren-jager;wiki-fr
personnages-manga-anime_freezer;wiki-fr
personnages-manga-anime_fullmetal-alchemist;wiki-sans-filtre
personnages-manga-anime_gojo-satoru;wiki-sans-filtre
personnages-manga-anime_gon-freecss;bing
personnages-manga-anime_griffith-berserk;wiki-sans-filtre
personnages-manga-anime_guts-berserk;wiki-sans-filtre
personnages-manga-anime_ichigo-kurosaki;wiki-fr
personnages-manga-anime_itachi-uchiwa;wiki-fr
personnages-manga-anime_kakashi-hatake;wiki-fr
personnages-manga-anime_kenshin-himura;wiki-sans-filtre
personnages-manga-anime_kenshiro;wiki-sans-filtre
personnages-manga-anime_killua-zoldyck;bing
personnages-manga-anime_krilin;bing
personnages-manga-anime_l-death-note;bing
personnages-manga-anime_lelouch-lamperouge;wiki-sans-filtre
personnages-manga-anime_levi-ackerman;bing
personnages-manga-anime_light-yagami;wiki-sans-filtre
personnages-manga-anime_liste-des-personnages-de-demon-slayer;wiki-sans-filtre
personnages-manga-anime_liste-des-personnages-de-ghost-in-the-shell;bing
personnages-manga-anime_monkey-d-luffy;wiki-sans-filtre
personnages-manga-anime_nami;wiki-fr
personnages-manga-anime_naruto-uzumaki;wiki-fr
personnages-manga-anime_personnages-de-cowboy-bebop;bing
personnages-manga-anime_personnages-de-l-attaque-des-titans;bing
personnages-manga-anime_piccolo-dragon-ball;wiki-fr
personnages-manga-anime_portgas-d-ace;bing
personnages-manga-anime_ryuk;wiki-sans-filtre
personnages-manga-anime_sailor-moon;wiki-sans-filtre
personnages-manga-anime_sanji-vinsmoke;wiki-fr
personnages-manga-anime_sasuke-uchiwa;wiki-fr
personnages-manga-anime_seiya;wiki-sans-filtre
personnages-manga-anime_shanks;bing
personnages-manga-anime_son-gohan;wiki-fr
personnages-manga-anime_son-goku;wiki-fr
personnages-manga-anime_tanjiro-kamado;wiki-sans-filtre
personnages-manga-anime_totoro-personnage;wiki-fr
personnages-manga-anime_vegeta;wiki-fr
personnages-manga-anime_zoro;wiki-sans-filtre
pilotes-f1-champions-du-monde_alain-prost;memo:f1_champions
pilotes-f1-champions-du-monde_alan-jones;memo:f1_champions
pilotes-f1-champions-du-monde_alberto-ascari;memo:f1_champions
pilotes-f1-champions-du-monde_ayrton-senna;memo:f1_champions
pilotes-f1-champions-du-monde_damon-hill;memo:f1_champions
pilotes-f1-champions-du-monde_denny-hulme;memo:f1_champions
pilotes-f1-champions-du-monde_emerson-fittipaldi;memo:f1_champions
pilotes-f1-champions-du-monde_fernando-alonso;memo:f1_champions
pilotes-f1-champions-du-monde_giuseppe-farina;memo:f1_champions
pilotes-f1-champions-du-monde_graham-hill;memo:f1_champions
pilotes-f1-champions-du-monde_jack-brabham;memo:f1_champions
pilotes-f1-champions-du-monde_jackie-stewart;memo:f1_champions
pilotes-f1-champions-du-monde_jacques-villeneuve;memo:f1_champions
pilotes-f1-champions-du-monde_james-hunt;memo:f1_champions
pilotes-f1-champions-du-monde_jenson-button;memo:f1_champions
pilotes-f1-champions-du-monde_jim-clark;memo:f1_champions
pilotes-f1-champions-du-monde_jochen-rindt;memo:f1_champions
pilotes-f1-champions-du-monde_jody-scheckter;memo:f1_champions
pilotes-f1-champions-du-monde_john-surtees;memo:f1_champions
pilotes-f1-champions-du-monde_juan-manuel-fangio;memo:f1_champions
pilotes-f1-champions-du-monde_keke-rosberg;memo:f1_champions
pilotes-f1-champions-du-monde_kimi-raikkonen;memo:f1_champions
pilotes-f1-champions-du-monde_lando-norris;memo:f1_champions
pilotes-f1-champions-du-monde_lewis-hamilton;memo:f1_champions
pilotes-f1-champions-du-monde_mario-andretti;memo:f1_champions
pilotes-f1-champions-du-monde_max-verstappen;memo:f1_champions
pilotes-f1-champions-du-monde_michael-schumacher;memo:f1_champions
pilotes-f1-champions-du-monde_mika-hakkinen;memo:f1_champions
pilotes-f1-champions-du-monde_mike-hawthorn;memo:f1_champions
pilotes-f1-champions-du-monde_nelson-piquet;memo:f1_champions
pilotes-f1-champions-du-monde_nico-rosberg;memo:f1_champions
pilotes-f1-champions-du-monde_nigel-mansell;memo:f1_champions
pilotes-f1-champions-du-monde_niki-lauda;memo:f1_champions
pilotes-f1-champions-du-monde_phil-hill;memo:f1_champions
pilotes-f1-champions-du-monde_sebastian-vettel;memo:f1_champions
pionniers-de-lextreme_alexei-leonov;wiki-fr
pionniers-de-lextreme_auguste-piccard;wiki-fr
pionniers-de-lextreme_bertrand-piccard;wiki-fr
pionniers-de-lextreme_buzz-aldrin;wiki-sans-filtre
pionniers-de-lextreme_chris-hadfield;wiki-fr
pionniers-de-lextreme_don-walsh;wiki-fr
pionniers-de-lextreme_douglas-mawson;wiki-fr
pionniers-de-lextreme_edmund-hillary;wiki-fr
pionniers-de-lextreme_eileen-collins;wiki-fr
pionniers-de-lextreme_ernest-shackleton;memo:grandes_explorations
pionniers-de-lextreme_felix-baumgartner;wiki-fr
pionniers-de-lextreme_fridtjof-nansen;wiki-fr
pionniers-de-lextreme_george-mallory;wiki-sans-filtre
pionniers-de-lextreme_jacques-piccard;wiki-fr
pionniers-de-lextreme_jacques-yves-cousteau;wiki-fr
pionniers-de-lextreme_james-cameron;wiki-fr
pionniers-de-lextreme_jean-baptiste-charcot;wiki-fr
pionniers-de-lextreme_jean-louis-etienne;wiki-fr
pionniers-de-lextreme_jean-piccard;wiki-fr
pionniers-de-lextreme_jeannette-piccard;wiki-fr
pionniers-de-lextreme_junko-tabei;wiki-fr
pionniers-de-lextreme_matthew-henson;wiki-fr
pionniers-de-lextreme_maurice-herzog;wiki-en
pionniers-de-lextreme_michael-collins-astronaute;wiki-fr
pionniers-de-lextreme_mike-horn;wiki-fr
pionniers-de-lextreme_neil-armstrong;memo:grandes_explorations
pionniers-de-lextreme_paul-emile-victor;wiki-sans-filtre
pionniers-de-lextreme_ranulph-fiennes;wiki-fr
pionniers-de-lextreme_reinhold-messner;wiki-fr
pionniers-de-lextreme_roald-amundsen;memo:grandes_explorations
pionniers-de-lextreme_robert-falcon-scott;wiki-fr
pionniers-de-lextreme_robert-peary;wiki-fr
pionniers-de-lextreme_sally-ride;wiki-fr
pionniers-de-lextreme_sylvia-earle;wiki-fr
pionniers-de-lextreme_tensing-norgay;wiki-fr
pionniers-de-lextreme_thor-heyerdahl;wiki-fr
pionniers-de-lextreme_valentina-terechkova;wiki-fr
pionniers-de-lextreme_youri-gagarine;wiki-fr
plus-grands-joueurs-de-football_achraf-hakimi;wiki-fr
plus-grands-joueurs-de-football_adrien-rabiot;wiki-fr
plus-grands-joueurs-de-football_alphonso-davies;wiki-fr
plus-grands-joueurs-de-football_andres-escobar-saldarriaga;wiki-fr
plus-grands-joueurs-de-football_ashley-cole;bing
plus-grands-joueurs-de-football_aurelien-tchouameni;wiki-fr
plus-grands-joueurs-de-football_bernardo-silva;wiki-fr
plus-grands-joueurs-de-football_bixente-lizarazu;wiki-fr
plus-grands-joueurs-de-football_blaise-matuidi;wiki-fr
plus-grands-joueurs-de-football_bruno-fernandes-football-1994;wiki-fr
plus-grands-joueurs-de-football_bukayo-saka;wiki-fr
plus-grands-joueurs-de-football_carles-puyol;wiki-fr
plus-grands-joueurs-de-football_christian-pulisic;wiki-fr
plus-grands-joueurs-de-football_cody-gakpo;wiki-fr
plus-grands-joueurs-de-football_declan-rice;wiki-fr
plus-grands-joueurs-de-football_dusan-tadic;wiki-fr
plus-grands-joueurs-de-football_eduardo-camavinga;wiki-fr
plus-grands-joueurs-de-football_edwin-van-der-sar;wiki-fr
plus-grands-joueurs-de-football_emmanuel-petit;wiki-fr
plus-grands-joueurs-de-football_federico-valverde;wiki-fr
plus-grands-joueurs-de-football_fernando-torres;wiki-fr
plus-grands-joueurs-de-football_frenkie-de-jong;bing
plus-grands-joueurs-de-football_gary-neville;wiki-fr
plus-grands-joueurs-de-football_gavi-football;wiki-fr
plus-grands-joueurs-de-football_georginio-wijnaldum;wiki-fr
plus-grands-joueurs-de-football_gonzalo-higuain;bing
plus-grands-joueurs-de-football_granit-xhaka;bing
plus-grands-joueurs-de-football_hakim-ziyech;wiki-fr
plus-grands-joueurs-de-football_hatem-ben-arfa;wiki-fr
plus-grands-joueurs-de-football_henrik-larsson;wiki-fr
plus-grands-joueurs-de-football_hidetoshi-nakata;wiki-fr
plus-grands-joueurs-de-football_hugo-lloris;wiki-fr
plus-grands-joueurs-de-football_idrissa-gueye-football-1989;wiki-fr
plus-grands-joueurs-de-football_ivan-rakitic;wiki-fr
plus-grands-joueurs-de-football_jack-grealish;wiki-fr
plus-grands-joueurs-de-football_james-rodriguez;wiki-fr
plus-grands-joueurs-de-football_javier-zanetti;wiki-fr
plus-grands-joueurs-de-football_jay-jay-okocha;wiki-fr
plus-grands-joueurs-de-football_joao-felix;wiki-fr
plus-grands-joueurs-de-football_john-terry-football;wiki-fr
plus-grands-joueurs-de-football_julian-alvarez;bing
plus-grands-joueurs-de-football_kalidou-koulibaly;wiki-fr
plus-grands-joueurs-de-football_kaoru-mitoma;wiki-fr
plus-grands-joueurs-de-football_luka-jovic;wiki-fr
plus-grands-joueurs-de-football_marcus-rashford;wiki-fr
plus-grands-joueurs-de-football_mathieu-valbuena;wiki-fr
plus-grands-joueurs-de-football_memphis-depay;wiki-fr
plus-grands-joueurs-de-football_michael-essien;bing
plus-grands-joueurs-de-football_michel-hidalgo;wiki-fr
plus-grands-joueurs-de-football_nicolas-anelka;wiki-fr
plus-grands-joueurs-de-football_ousmane-dembele;wiki-fr
plus-grands-joueurs-de-football_park-ji-sung;wiki-fr
plus-grands-joueurs-de-football_phil-foden;wiki-fr
plus-grands-joueurs-de-football_presnel-kimpembe;wiki-fr
plus-grands-joueurs-de-football_radamel-falcao;wiki-fr
plus-grands-joueurs-de-football_raheem-sterling;wiki-fr
plus-grands-joueurs-de-football_rio-ferdinand;wiki-fr
plus-grands-joueurs-de-football_robin-van-persie;bing
plus-grands-joueurs-de-football_rodrygo;wiki-fr
plus-grands-joueurs-de-football_romelu-lukaku;wiki-fr
plus-grands-joueurs-de-football_roy-keane;wiki-fr
plus-grands-joueurs-de-football_samir-nasri;wiki-fr
plus-grands-joueurs-de-football_sofyan-amrabat;wiki-fr
plus-grands-joueurs-de-football_tim-cahill;wiki-fr
plus-grands-joueurs-de-football_weston-mckennie;wiki-fr
plus-grands-joueurs-de-football_xherdan-shaqiri;wiki-fr
plus-grands-joueurs-de-football_youri-djorkaeff;wiki-fr
poissons-et-vie-marine_acanthuridae;wiki-fr
poissons-et-vie-marine_acropora-palmata;wiki-fr
poissons-et-vie-marine_anemone-de-mer;wiki-fr
poissons-et-vie-marine_anguille-d-europe;wiki-sans-filtre
poissons-et-vie-marine_anguille-electrique;wiki-fr
poissons-et-vie-marine_aurelia-aurita;wiki-fr
poissons-et-vie-marine_balistes-poisson;wiki-fr
poissons-et-vie-marine_calmar-geant;wiki-fr
poissons-et-vie-marine_coelacanthiformes;wiki-fr
poissons-et-vie-marine_corail-rouge;wiki-fr
poissons-et-vie-marine_crabe-royal;wiki-fr
poissons-et-vie-marine_cubozoa;wiki-fr
poissons-et-vie-marine_dasyatis-pastinaca;wiki-fr
poissons-et-vie-marine_echinoidea;wiki-fr
poissons-et-vie-marine_espadon;wiki-fr
poissons-et-vie-marine_etoile-de-mer;wiki-sans-filtre
poissons-et-vie-marine_exocoetidae;wiki-fr
poissons-et-vie-marine_faviidae;wiki-fr
poissons-et-vie-marine_ginglymostomatidae;wiki-fr
poissons-et-vie-marine_grand-requin-blanc;wiki-fr
poissons-et-vie-marine_hippocampe-poisson;wiki-fr
poissons-et-vie-marine_holothurie;wiki-fr
poissons-et-vie-marine_homard;wiki-fr
poissons-et-vie-marine_istiophoridae;wiki-fr
poissons-et-vie-marine_koi;wiki-fr
poissons-et-vie-marine_krill-antarctique;wiki-fr
poissons-et-vie-marine_macrocheira-kaempferi;wiki-fr
poissons-et-vie-marine_manta-genre;bing
poissons-et-vie-marine_melanocetus;wiki-fr
poissons-et-vie-marine_mobulinae;wiki-fr
poissons-et-vie-marine_mole-poisson;wiki-fr
poissons-et-vie-marine_murene-commune;wiki-fr
poissons-et-vie-marine_nautile-sous-marin-de-poche;wiki-fr
poissons-et-vie-marine_palinuridae;wiki-fr
poissons-et-vie-marine_pieuvre;wiki-fr
poissons-et-vie-marine_pieuvre-aux-anneaux-bleus;wiki-fr
poissons-et-vie-marine_piranha;wiki-fr
poissons-et-vie-marine_poisson-ange;wiki-fr
poissons-et-vie-marine_poisson-clown;wiki-sans-filtre
poissons-et-vie-marine_poisson-globe;wiki-fr
poissons-et-vie-marine_poisson-pierre;wiki-fr
poissons-et-vie-marine_poisson-rouge;wiki-fr
poissons-et-vie-marine_porifera;wiki-fr
poissons-et-vie-marine_pristidae;wiki-fr
poissons-et-vie-marine_pterois-volitans;wiki-fr
poissons-et-vie-marine_requin-baleine;wiki-fr
poissons-et-vie-marine_requin-bouledogue;wiki-fr
poissons-et-vie-marine_requin-dormeur;wiki-fr
poissons-et-vie-marine_requin-du-groenland;wiki-fr
poissons-et-vie-marine_requin-pelerin;wiki-fr
poissons-et-vie-marine_requin-tigre;wiki-fr
poissons-et-vie-marine_saumon-atlantique;wiki-fr
poissons-et-vie-marine_scaridae;wiki-fr
poissons-et-vie-marine_scyliorhinidae;wiki-fr
poissons-et-vie-marine_seiche-animal;wiki-fr
poissons-et-vie-marine_sphyraena;wiki-fr
poissons-et-vie-marine_sphyrnidae;wiki-fr
poissons-et-vie-marine_stomatopoda;wiki-fr
poissons-et-vie-marine_thon-rouge;wiki-fr
poissons-et-vie-marine_torpille;wiki-fr
poissons-et-vie-marine_truite-arc-en-ciel;bing
races-de-chat_abyssin;wiki-fr
races-de-chat_american-curl;wiki-fr
races-de-chat_american-shorthair;wiki-fr
races-de-chat_angora-turc;wiki-fr
races-de-chat_balinais-chat;wiki-sans-filtre
races-de-chat_bengal;wiki-fr
races-de-chat_bleu-russe;wiki-fr
races-de-chat_bobtail-des-kouriles;wiki-fr
races-de-chat_bobtail-japonais;wiki-fr
races-de-chat_bombay-chat;wiki-fr
races-de-chat_british-shorthair;wiki-fr
races-de-chat_burmese;wiki-fr
races-de-chat_chartreux-chat;wiki-fr
races-de-chat_chausie;wiki-fr
races-de-chat_cornish-rex;bing
races-de-chat_devon-rex;bing
races-de-chat_donskoy-chat;wiki-fr
races-de-chat_exotic-shorthair;wiki-fr
races-de-chat_himalayen;wiki-fr
races-de-chat_korat;wiki-fr
races-de-chat_laperm;wiki-sans-filtre
races-de-chat_maine-coon;wiki-fr
races-de-chat_manx-chat;wiki-sans-filtre
races-de-chat_mau-egyptien;wiki-fr
races-de-chat_munchkin-chat;wiki-sans-filtre
races-de-chat_nebelung;wiki-fr
races-de-chat_norvegien-chat;wiki-sans-filtre
races-de-chat_ocicat;wiki-fr
races-de-chat_oriental-shorthair;wiki-fr
races-de-chat_persan-chat;wiki-fr
races-de-chat_peterbald;bing
races-de-chat_ragamuffin;wiki-fr
races-de-chat_ragdoll;wiki-fr
races-de-chat_sacre-de-birmanie;wiki-fr
races-de-chat_savannah-chat;wiki-fr
races-de-chat_scottish-fold-highland-fold;wiki-fr
races-de-chat_scottish-fold-highland-fold-b;wiki-fr
races-de-chat_selkirk-rex;wiki-fr
races-de-chat_siamois-chat;wiki-fr
races-de-chat_siberien-chat;wiki-fr
races-de-chat_snowshoe;wiki-fr
races-de-chat_somali-chat;wiki-fr
races-de-chat_sphynx;wiki-fr
races-de-chat_tonkinois;wiki-fr
races-de-chat_turc-de-van;wiki-fr
races-de-chien_affenpinscher;wiki-fr
races-de-chien_airedale-terrier;bing
races-de-chien_akita-chien;wiki-fr
races-de-chien_american-pit-bull-terrier;wiki-fr
races-de-chien_american-staffordshire-terrier;wiki-fr
races-de-chien_australian-kelpie;wiki-fr
races-de-chien_barbet-chien;wiki-sans-filtre
races-de-chien_barzoi;wiki-fr
races-de-chien_basenji;wiki-fr
races-de-chien_basset-bleu-de-gascogne;wiki-fr
races-de-chien_basset-fauve-de-bretagne;wiki-fr
races-de-chien_basset-hound;wiki-fr
races-de-chien_beagle-chien;wiki-fr
races-de-chien_beagle-harrier;wiki-fr
races-de-chien_bearded-collie;wiki-fr
races-de-chien_bedlington-terrier;wiki-fr
races-de-chien_berger-allemand;wiki-fr
races-de-chien_berger-australien;wiki-fr
races-de-chien_berger-blanc-suisse;wiki-fr
races-de-chien_berger-de-beauce;wiki-fr
races-de-chien_berger-de-brie;imposée
races-de-chien_berger-des-pyrenees;wiki-fr
races-de-chien_berger-du-caucase;wiki-fr
races-de-chien_berger-hollandais;wiki-fr
races-de-chien_berger-kangal;wiki-fr
races-de-chien_berger-picard;wiki-fr
races-de-chien_berger-polonais-de-plaine;wiki-fr
races-de-chien_bichon-a-poil-frise;wiki-fr
races-de-chien_bichon-havanais;wiki-fr
races-de-chien_bichon-maltais;wiki-fr
races-de-chien_bobtail;wiki-fr
races-de-chien_boerboel;wiki-fr
races-de-chien_border-collie;wiki-fr
races-de-chien_border-terrier;wiki-fr
races-de-chien_bouledogue;wiki-fr
races-de-chien_bouvier-australien;wiki-fr
races-de-chien_bouvier-bernois;wiki-fr
races-de-chien_bouvier-des-flandres;wiki-fr
races-de-chien_boxer-chien;wiki-fr
races-de-chien_braque-allemand-a-poil-court;wiki-fr
races-de-chien_braque-de-weimar;wiki-fr
races-de-chien_braque-hongrois-a-poil-court;wiki-fr
races-de-chien_bull-terrier;wiki-sans-filtre
races-de-chien_bulldog-anglais;wiki-fr
races-de-chien_cairn-terrier;wiki-fr
races-de-chien_cane-corso;wiki-fr
races-de-chien_caniche;wiki-fr
races-de-chien_carlin;wiki-fr
races-de-chien_cavalier-king-charles-spaniel;wiki-sans-filtre
races-de-chien_chien-a-loutre;wiki-fr
races-de-chien_chien-chinois-a-crete;bing
races-de-chien_chien-d-eau-portugais;wiki-fr
races-de-chien_chien-de-montagne-des-pyrenees;wiki-fr
races-de-chien_chien-de-rhodesie-a-crete-dorsale;wiki-fr
races-de-chien_chien-de-saint-hubert;bing
races-de-chien_chien-loup-de-saarloos;wiki-fr
races-de-chien_chien-loup-tchecoslovaque;wiki-fr
races-de-chien_chien-noir-et-feu-pour-la-chasse-au-raton-laveur;wiki-fr
races-de-chien_chien-nu-du-perou;bing
races-de-chien_chihuahua-chien;wiki-fr
races-de-chien_chow-chow;wiki-fr
races-de-chien_cocker-spaniel;wiki-fr
races-de-chien_colley;wiki-fr
races-de-chien_coton-de-tulear;wiki-fr
races-de-chien_dalmatien;wiki-fr
races-de-chien_dobermann;wiki-fr
races-de-chien_dogue-allemand;wiki-fr
races-de-chien_dogue-argentin;wiki-fr
races-de-chien_dogue-de-bordeaux;wiki-fr
races-de-chien_dogue-du-tibet;wiki-fr
races-de-chien_epagneul-breton;wiki-fr
races-de-chien_epagneul-francais;wiki-fr
races-de-chien_epagneul-nain-continental;imposée
races-de-chien_epagneul-nain-continental-papillon;wiki-fr
races-de-chien_fila-brasileiro;wiki-sans-filtre
races-de-chien_fox-terrier;wiki-fr
races-de-chien_foxhound-americain;wiki-sans-filtre
races-de-chien_foxhound-anglais;wiki-sans-filtre
races-de-chien_golden-retriever;wiki-fr
races-de-chien_grand-bleu-de-gascogne;wiki-fr
races-de-chien_griffon-bruxellois;wiki-sans-filtre
races-de-chien_griffon-d-arret-a-poil-dur-korthals;wiki-fr
races-de-chien_husky-de-siberie;wiki-fr
races-de-chien_irish-wolfhound;wiki-fr
races-de-chien_jack-russell-terrier;wiki-fr
races-de-chien_kangal-ville;wiki-fr
races-de-chien_king-charles-spaniel;wiki-fr
races-de-chien_komondor;wiki-fr
races-de-chien_labrador-retriever;wiki-fr
races-de-chien_leonberg-chien;wiki-fr
races-de-chien_levrier-afghan;wiki-fr
races-de-chien_levrier-greyhound;wiki-fr
races-de-chien_levrier-persan;wiki-fr
races-de-chien_levrier-whippet;wiki-fr
races-de-chien_lhassa-apso;wiki-fr
races-de-chien_malamute-de-l-alaska;wiki-fr
races-de-chien_malinois-chien;wiki-fr
races-de-chien_manchester-terrier;wiki-fr
races-de-chien_mastiff;wiki-fr
races-de-chien_norfolk-terrier;bing
races-de-chien_norwich-terrier;wiki-fr
races-de-chien_pekinois-chien;wiki-fr
races-de-chien_pinscher-nain;wiki-fr
races-de-chien_pointer-anglais;wiki-fr
races-de-chien_puli;wiki-fr
races-de-chien_retriever-a-poil-plat;wiki-fr
races-de-chien_rottweiler;wiki-fr
races-de-chien_saint-bernard;wiki-fr
races-de-chien_samoyede-chien;wiki-fr
races-de-chien_schnauzer;wiki-fr
races-de-chien_sealyham-terrier;wiki-fr
races-de-chien_setter-anglais;wiki-fr
races-de-chien_setter-irlandais-rouge;wiki-fr
races-de-chien_shar-pei;bing
races-de-chien_shetland-chien;wiki-fr
races-de-chien_shiba-chien;wiki-fr
races-de-chien_shih-tzu;wiki-fr
races-de-chien_skye-terrier;wiki-fr
races-de-chien_spitz-allemand;wiki-fr
races-de-chien_spitz-japonais;wiki-sans-filtre
races-de-chien_spitz-nain;wiki-fr
races-de-chien_springer-anglais;wiki-fr
races-de-chien_staffordshire-bull-terrier;wiki-fr
races-de-chien_teckel;wiki-fr
races-de-chien_terre-neuve-chien;wiki-fr
races-de-chien_terrier-de-boston;wiki-fr
races-de-chien_terrier-ecossais;wiki-fr
races-de-chien_terrier-irlandais;wiki-fr
races-de-chien_terrier-kerry-blue;wiki-fr
races-de-chien_welsh-corgi-pembroke;wiki-fr
races-de-chien_welsh-terrier;wiki-sans-filtre
races-de-chien_west-highland-white-terrier;wiki-fr
races-de-chien_xoloitzcuintle;wiki-fr
races-de-chien_yorkshire-terrier;wiki-fr
reptiles-et-amphibiens_alligator-d-amerique;wiki-fr
reptiles-et-amphibiens_andrias-japonicus;wiki-fr
reptiles-et-amphibiens_axolotl;wiki-fr
reptiles-et-amphibiens_basiliscus-plumifrons;wiki-fr
reptiles-et-amphibiens_boa-constricteur;wiki-fr
reptiles-et-amphibiens_caecilia;wiki-fr
reptiles-et-amphibiens_caiman-a-lunettes;wiki-fr
reptiles-et-amphibiens_cameleon-commun;wiki-fr
reptiles-et-amphibiens_caretta-caretta;wiki-fr
reptiles-et-amphibiens_centrolenidae;wiki-fr
reptiles-et-amphibiens_cobra-cracheur;wiki-fr
reptiles-et-amphibiens_cobra-royal;wiki-fr
reptiles-et-amphibiens_conraua-goliath;wiki-sans-filtre
reptiles-et-amphibiens_couleuvre-a-collier;wiki-fr
reptiles-et-amphibiens_crapaud-commun;wiki-fr
reptiles-et-amphibiens_crocodile-du-nil;wiki-fr
reptiles-et-amphibiens_crocodile-marin;wiki-fr
reptiles-et-amphibiens_crotale-diamantin;wiki-fr
reptiles-et-amphibiens_ctenosaura-similis;wiki-fr
reptiles-et-amphibiens_dendroaspis-polylepis;wiki-fr
reptiles-et-amphibiens_dendrobates;wiki-fr
reptiles-et-amphibiens_dragon-de-komodo;wiki-fr
reptiles-et-amphibiens_eunectes-murinus;wiki-sans-filtre
reptiles-et-amphibiens_furcifer-pardalis;wiki-fr
reptiles-et-amphibiens_gavial-du-gange;wiki-fr
reptiles-et-amphibiens_gecko-leopard;wiki-fr
reptiles-et-amphibiens_iguana-iguana;wiki-fr
reptiles-et-amphibiens_iguane-marin-des-galapagos;wiki-fr
reptiles-et-amphibiens_lezard-a-collerette;wiki-fr
reptiles-et-amphibiens_monstre-de-gila;wiki-fr
reptiles-et-amphibiens_ouaouaron;wiki-fr
reptiles-et-amphibiens_pogona-vitticeps;wiki-fr
reptiles-et-amphibiens_protee-anguillard;wiki-fr
reptiles-et-amphibiens_python-molurus;wiki-fr
reptiles-et-amphibiens_python-reticule;wiki-fr
reptiles-et-amphibiens_rainette-aux-yeux-rouges;wiki-fr
reptiles-et-amphibiens_rainette-verte;wiki-fr
reptiles-et-amphibiens_rhinella-marina;wiki-fr
reptiles-et-amphibiens_salamandre-maculee;wiki-fr
reptiles-et-amphibiens_sphenodon;wiki-fr
reptiles-et-amphibiens_taipan-du-desert;wiki-fr
reptiles-et-amphibiens_tortue-boite;wiki-fr
reptiles-et-amphibiens_tortue-de-floride;wiki-fr
reptiles-et-amphibiens_tortue-geante-des-galapagos;wiki-fr
reptiles-et-amphibiens_tortue-luth;wiki-fr
reptiles-et-amphibiens_tortue-verte;wiki-fr
reptiles-et-amphibiens_triton-alpestre;wiki-fr
reptiles-et-amphibiens_varan-du-nil;wiki-fr
reptiles-et-amphibiens_vipere-a-cornes;wiki-fr
reptiles-et-amphibiens_vipere-du-gabon;wiki-fr
reptiles-et-amphibiens_vipere-heurtante;wiki-fr
scientifiques-celebres_abdus-salam;wiki-fr
scientifiques-celebres_ada-lovelace;wiki-fr
scientifiques-celebres_ada-yonath;wiki-fr
scientifiques-celebres_al-biruni;wiki-fr
scientifiques-celebres_al-jazari;wiki-fr
scientifiques-celebres_al-khwarizmi;wiki-fr
scientifiques-celebres_alan-guth;wiki-fr
scientifiques-celebres_alan-turing;memo:grands_scientifiques
scientifiques-celebres_albert-einstein;memo:grands_scientifiques
scientifiques-celebres_alessandro-volta;memo:grands_scientifiques
scientifiques-celebres_alexander-fleming;wiki-sans-filtre
scientifiques-celebres_alexandre-grothendieck;wiki-sans-filtre
scientifiques-celebres_alfred-russel-wallace;wiki-fr
scientifiques-celebres_alfred-wegener;wiki-fr
scientifiques-celebres_alhazen;memo:grands_scientifiques
scientifiques-celebres_ambroise-pare;wiki-fr
scientifiques-celebres_amedeo-avogadro;wiki-fr
scientifiques-celebres_andre-marie-ampere;wiki-fr
scientifiques-celebres_andre-vesale;wiki-fr
scientifiques-celebres_andrei-sakharov;wiki-fr
scientifiques-celebres_antoine-becquerel;wiki-fr
scientifiques-celebres_antoine-lavoisier;memo:grands_scientifiques
scientifiques-celebres_antoni-van-leeuwenhoek;wiki-fr
scientifiques-celebres_archimede;memo:grands_scientifiques
scientifiques-celebres_aristote;wiki-fr
scientifiques-celebres_arthur-eddington;wiki-fr
scientifiques-celebres_avicenne;wiki-fr
scientifiques-celebres_barbara-liskov;bing
scientifiques-celebres_barbara-mcclintock;memo:grands_scientifiques
scientifiques-celebres_benjamin-franklin;wiki-fr
scientifiques-celebres_bernhard-riemann;wiki-fr
scientifiques-celebres_bill-gates;wiki-fr
scientifiques-celebres_blaise-pascal;wiki-fr
scientifiques-celebres_carl-friedrich-gauss;wiki-fr
scientifiques-celebres_carl-gustav-jung;wiki-fr
scientifiques-celebres_carl-sagan;memo:grands_scientifiques
scientifiques-celebres_carl-von-linne;memo:grands_scientifiques
scientifiques-celebres_caroline-herschel;wiki-fr
scientifiques-celebres_chandrashekhara-venkata-raman;wiki-fr
scientifiques-celebres_charles-darwin;memo:grands_scientifiques
scientifiques-celebres_charles-lyell-geologue;wiki-fr
scientifiques-celebres_chien-shiung-wu;wiki-fr
scientifiques-celebres_christian-huygens;memo:grands_scientifiques
scientifiques-celebres_claude-bernard;wiki-fr
scientifiques-celebres_claude-ptolemee;wiki-fr
scientifiques-celebres_claude-shannon;wiki-sans-filtre
scientifiques-celebres_david-hilbert;wiki-fr
scientifiques-celebres_dmitri-mendeleiev;memo:grands_scientifiques
scientifiques-celebres_donald-knuth;wiki-fr
scientifiques-celebres_dorothy-crowfoot-hodgkin;wiki-fr
scientifiques-celebres_edmond-halley;wiki-sans-filtre
scientifiques-celebres_edward-jenner;wiki-fr
scientifiques-celebres_edward-osborne-wilson;wiki-fr
scientifiques-celebres_edwin-hubble;wiki-fr
scientifiques-celebres_elon-musk;wiki-fr
scientifiques-celebres_emilie-du-chatelet;wiki-fr
scientifiques-celebres_emmanuelle-charpentier;wiki-fr
scientifiques-celebres_emmy-noether;wiki-fr
scientifiques-celebres_enrico-fermi;wiki-fr
scientifiques-celebres_ernest-rutherford;wiki-fr
scientifiques-celebres_erwin-schrodinger;wiki-sans-filtre
scientifiques-celebres_euclide;memo:grands_scientifiques
scientifiques-celebres_evariste-galois;wiki-fr
scientifiques-celebres_florence-nightingale;wiki-fr
scientifiques-celebres_francis-bacon-philosophe;wiki-fr
scientifiques-celebres_francis-crick;memo:grands_scientifiques
scientifiques-celebres_fred-hoyle;wiki-fr
scientifiques-celebres_frederick-banting;wiki-fr
scientifiques-celebres_frederick-sanger;wiki-fr
scientifiques-celebres_friedrich-kekule-von-stradonitz;wiki-fr
scientifiques-celebres_fritz-haber;wiki-fr
scientifiques-celebres_galilee-savant;memo:grands_scientifiques
scientifiques-celebres_georg-cantor;wiki-fr
scientifiques-celebres_georges-cuvier;wiki-fr
scientifiques-celebres_georges-lemaitre;wiki-fr
scientifiques-celebres_gottfried-wilhelm-leibniz;wiki-sans-filtre
scientifiques-celebres_grace-hopper;wiki-fr
scientifiques-celebres_gregor-mendel;memo:grands_scientifiques
scientifiques-celebres_grigori-perelman;wiki-sans-filtre
scientifiques-celebres_har-gobind-khorana;wiki-fr
scientifiques-celebres_heinrich-hertz;wiki-sans-filtre
scientifiques-celebres_henri-poincare;wiki-fr
scientifiques-celebres_henrietta-swan-leavitt;wiki-fr
scientifiques-celebres_hippocrate;memo:grands_scientifiques
scientifiques-celebres_ignace-philippe-semmelweis;wiki-fr
scientifiques-celebres_irene-joliot-curie;wiki-fr
scientifiques-celebres_isaac-newton;memo:grands_scientifiques
scientifiques-celebres_ivan-pavlov;wiki-fr
scientifiques-celebres_james-clerk-maxwell;memo:grands_scientifiques
scientifiques-celebres_james-dewey-watson;memo:grands_scientifiques
scientifiques-celebres_james-hutton;wiki-fr
scientifiques-celebres_james-prescott-joule;wiki-fr
scientifiques-celebres_jane-goodall;memo:grands_scientifiques
scientifiques-celebres_jean-baptiste-de-lamarck;wiki-fr
scientifiques-celebres_jean-piaget;wiki-fr
scientifiques-celebres_jennifer-doudna;wiki-fr
scientifiques-celebres_jocelyn-bell;wiki-fr
scientifiques-celebres_johannes-kepler;memo:grands_scientifiques
scientifiques-celebres_john-dalton;wiki-fr
scientifiques-celebres_john-forbes-nash;wiki-fr
scientifiques-celebres_john-von-neumann;wiki-fr
scientifiques-celebres_jonas-salk;wiki-fr
scientifiques-celebres_joseph-fourier;wiki-fr
scientifiques-celebres_joseph-louis-lagrange;wiki-sans-filtre
scientifiques-celebres_katalin-kariko;wiki-sans-filtre
scientifiques-celebres_katherine-johnson;memo:grands_scientifiques
scientifiques-celebres_kip-thorne;wiki-fr
scientifiques-celebres_kurt-godel;wiki-fr
scientifiques-celebres_leon-foucault;wiki-fr
scientifiques-celebres_leonardo-fibonacci;wiki-fr
scientifiques-celebres_leonhard-euler;wiki-fr
scientifiques-celebres_linus-pauling;bing
scientifiques-celebres_lise-meitner;memo:grands_scientifiques
scientifiques-celebres_louis-de-broglie;wiki-fr
scientifiques-celebres_louis-pasteur;memo:grands_scientifiques
scientifiques-celebres_ludwig-boltzmann;wiki-sans-filtre
scientifiques-celebres_lynn-margulis;wiki-fr
scientifiques-celebres_marie-curie;memo:grands_scientifiques
scientifiques-celebres_marie-tharp;wiki-sans-filtre
scientifiques-celebres_max-born;wiki-fr
scientifiques-celebres_max-planck;memo:grands_scientifiques
scientifiques-celebres_michael-faraday;memo:grands_scientifiques
scientifiques-celebres_murray-gell-mann;wiki-sans-filtre
scientifiques-celebres_nicolas-copernic;memo:grands_scientifiques
scientifiques-celebres_niels-bohr;memo:grands_scientifiques
scientifiques-celebres_norbert-wiener;wiki-sans-filtre
scientifiques-celebres_paul-dirac;wiki-fr
scientifiques-celebres_paul-ehrlich;wiki-fr
scientifiques-celebres_peter-higgs;wiki-fr
scientifiques-celebres_pierre-curie;wiki-fr
scientifiques-celebres_pierre-de-fermat;wiki-fr
scientifiques-celebres_pierre-simon-de-laplace;wiki-fr
scientifiques-celebres_pythagore;wiki-fr
scientifiques-celebres_rachel-carson;wiki-fr
scientifiques-celebres_rene-descartes;wiki-sans-filtre
scientifiques-celebres_richard-dawkins;wiki-fr
scientifiques-celebres_richard-feynman;wiki-fr
scientifiques-celebres_rita-levi-montalcini;wiki-sans-filtre
scientifiques-celebres_robert-boyle;wiki-fr
scientifiques-celebres_robert-hooke;memo:grands_scientifiques
scientifiques-celebres_robert-koch;wiki-fr
scientifiques-celebres_robert-oppenheimer;wiki-fr
scientifiques-celebres_roger-penrose;wiki-fr
scientifiques-celebres_rosalind-franklin;memo:grands_scientifiques
scientifiques-celebres_shen-kuo;wiki-fr
scientifiques-celebres_sigmund-freud;wiki-fr
scientifiques-celebres_srinivasa-ramanujan;wiki-fr
scientifiques-celebres_stephen-hawking;memo:grands_scientifiques
scientifiques-celebres_stephen-jay-gould;wiki-fr
scientifiques-celebres_steve-jobs;wiki-fr
scientifiques-celebres_subrahmanyan-chandrasekhar;bing
scientifiques-celebres_svante-august-arrhenius;wiki-fr
scientifiques-celebres_tu-youyou;wiki-fr
scientifiques-celebres_tycho-brahe;memo:grands_scientifiques
scientifiques-celebres_vera-rubin;wiki-fr
scientifiques-celebres_vint-cerf;wiki-fr
scientifiques-celebres_werner-heisenberg;memo:grands_scientifiques
scientifiques-celebres_wilhelm-rontgen;wiki-fr
scientifiques-celebres_william-harvey;wiki-fr
scientifiques-celebres_william-herschel;wiki-fr
scientifiques-celebres_william-thomson-lord-kelvin;wiki-fr
scientifiques-celebres_wolfgang-pauli;wiki-fr
scientifiques-celebres_zhang-heng;wiki-en
sites-antiques_abou-simbel;wiki-fr
sites-antiques_acropole-d-athenes;wiki-fr
sites-antiques_ajanta;wiki-fr
sites-antiques_alignements-de-carnac;wiki-fr
sites-antiques_armee-de-terre-cuite;wiki-fr
sites-antiques_baalbek;wiki-fr
sites-antiques_cnossos;wiki-fr
sites-antiques_deir-el-bahari;wiki-en
sites-antiques_delphes;wiki-fr
sites-antiques_ephese;wiki-fr
sites-antiques_forum-romain;wiki-fr
sites-antiques_geoglyphes-de-nazca;bing
sites-antiques_gobekli-tepe;wiki-fr
sites-antiques_grand-zimbabwe;wiki-fr
sites-antiques_grotte-de-lascaux;wiki-fr
sites-antiques_karnak;wiki-fr
sites-antiques_leptis-magna;wiki-fr
sites-antiques_massada;wiki-fr
sites-antiques_meroe;wiki-fr
sites-antiques_moai;wiki-fr
sites-antiques_mohenjo-daro;wiki-fr
sites-antiques_mycenes;wiki-fr
sites-antiques_newgrange;wiki-en
sites-antiques_olympie;wiki-fr
sites-antiques_palenque;wiki-fr
sites-antiques_palmyre;wiki-fr
sites-antiques_pantheon-rome;wiki-fr
sites-antiques_persepolis;wiki-sans-filtre
sites-antiques_pompei;wiki-fr
sites-antiques_porte-d-ishtar;wiki-fr
sites-antiques_saqsaywaman;wiki-fr
sites-antiques_skara-brae;wiki-fr
sites-antiques_sphinx-de-gizeh;wiki-fr
sites-antiques_stonehenge;wiki-fr
sites-antiques_teotihuacan;wiki-fr
sites-antiques_tikal;wiki-fr
sites-antiques_vallee-des-rois;wiki-fr
sites-antiques_ziggurat-d-ur;wiki-fr
souverains-et-conquerants_akbar;wiki-fr
souverains-et-conquerants_akhenaton;wiki-fr
souverains-et-conquerants_alexandre-le-grand;wiki-fr
souverains-et-conquerants_alienor-d-aquitaine;wiki-fr
souverains-et-conquerants_alphonse-ier-manikongo;wiki-fr
souverains-et-conquerants_amanitore;wiki-fr
souverains-et-conquerants_ashoka;wiki-fr
souverains-et-conquerants_askia-mohammed;wiki-fr
souverains-et-conquerants_attila;wiki-fr
souverains-et-conquerants_auguste;wiki-fr
souverains-et-conquerants_boudica;wiki-fr
souverains-et-conquerants_casimir-iii-le-grand;wiki-fr
souverains-et-conquerants_catherine-ii;wiki-fr
souverains-et-conquerants_charlemagne;memo:rois_france
souverains-et-conquerants_charles-quint;wiki-fr
souverains-et-conquerants_christine-de-suede;wiki-fr
souverains-et-conquerants_cleopatre-vii;wiki-fr
souverains-et-conquerants_clovis-ier;memo:rois_france
souverains-et-conquerants_constantin-ier-empereur-romain;wiki-fr
souverains-et-conquerants_cyrus-le-grand;wiki-fr
souverains-et-conquerants_darius-ier;wiki-fr
souverains-et-conquerants_elisabeth-ire-imperatrice-de-russie;wiki-fr
souverains-et-conquerants_elisabeth-ire-reine-d-angleterre;wiki-fr
souverains-et-conquerants_francois-ier-roi-de-france;memo:rois_france
souverains-et-conquerants_frederic-barberousse;wiki-fr
souverains-et-conquerants_frederic-ii-roi-de-prusse;wiki-fr
souverains-et-conquerants_gengis-khan;wiki-fr
souverains-et-conquerants_guillaume-ier-d-orange-nassau;wiki-sans-filtre
souverains-et-conquerants_guillaume-le-conquerant;wiki-fr
souverains-et-conquerants_hammurabi;wiki-fr
souverains-et-conquerants_hannibal-barca;wiki-fr
souverains-et-conquerants_harald-a-la-dent-bleue;wiki-fr
souverains-et-conquerants_harald-hardrada;wiki-fr
souverains-et-conquerants_haroun-ar-rachid;wiki-fr
souverains-et-conquerants_hatchepsout;wiki-fr
souverains-et-conquerants_henri-iv-roi-de-france;wiki-fr
souverains-et-conquerants_henri-viii;wiki-fr
souverains-et-conquerants_isabelle-la-catholique;wiki-fr
souverains-et-conquerants_ivan-le-terrible;wiki-fr
souverains-et-conquerants_jayavarman-vii;wiki-fr
souverains-et-conquerants_jules-cesar;wiki-fr
souverains-et-conquerants_justinien-ier;wiki-fr
souverains-et-conquerants_k-inich-janaab-pakal-ier;bing
souverains-et-conquerants_kamehameha-ier;wiki-fr
souverains-et-conquerants_kangxi;wiki-sans-filtre
souverains-et-conquerants_kubilai-khan;wiki-fr
souverains-et-conquerants_leonidas-ier-de-sparte;wiki-fr
souverains-et-conquerants_louis-ix;wiki-fr
souverains-et-conquerants_louis-xiv;wiki-fr
souverains-et-conquerants_louis-xvi;memo:rois_france
souverains-et-conquerants_mansa-moussa;wiki-fr
souverains-et-conquerants_marc-antoine;wiki-fr
souverains-et-conquerants_marc-aurele;wiki-fr
souverains-et-conquerants_marie-ire-reine-d-angleterre;wiki-sans-filtre
souverains-et-conquerants_marie-therese-d-autriche-1717-1780;wiki-fr
souverains-et-conquerants_matthias-corvin;wiki-fr
souverains-et-conquerants_mehmed-ii;wiki-fr
souverains-et-conquerants_moctezuma-ier;wiki-fr
souverains-et-conquerants_nabuchodonosor-ii;wiki-fr
souverains-et-conquerants_napoleon-ier;memo:rois_france
souverains-et-conquerants_neron;wiki-fr
souverains-et-conquerants_njinga-du-ndongo-et-du-matamba;wiki-fr
souverains-et-conquerants_oda-nobunaga;wiki-fr
souverains-et-conquerants_oliver-cromwell;wiki-fr
souverains-et-conquerants_pachacutec;wiki-fr
souverains-et-conquerants_pericles;wiki-fr
souverains-et-conquerants_philippe-ii-auguste;memo:rois_france
souverains-et-conquerants_philippe-ii-roi-d-espagne;wiki-fr
souverains-et-conquerants_piankhy;wiki-fr
souverains-et-conquerants_pierre-ier-le-grand;wiki-fr
souverains-et-conquerants_qin-shi-huang;wiki-fr
souverains-et-conquerants_ramses-ii;wiki-fr
souverains-et-conquerants_richard-c-ur-de-lion;wiki-fr
souverains-et-conquerants_robert-ier-roi-d-ecosse;memo:rois_france
souverains-et-conquerants_saladin;wiki-fr
souverains-et-conquerants_sejong-le-grand;wiki-fr
souverains-et-conquerants_shah-jahan;wiki-fr
souverains-et-conquerants_soliman-le-magnifique;wiki-fr
souverains-et-conquerants_soundiata-keita;imposée
souverains-et-conquerants_tamar-ire;wiki-fr
souverains-et-conquerants_tamerlan;wiki-fr
souverains-et-conquerants_tecumseh;wiki-fr
souverains-et-conquerants_theodora-imperatrice-epouse-de-justinien-ier;wiki-fr
souverains-et-conquerants_tokugawa-ieyasu;wiki-fr
souverains-et-conquerants_toutankhamon;wiki-fr
souverains-et-conquerants_toyotomi-hideyoshi;wiki-fr
souverains-et-conquerants_trajan;wiki-fr
souverains-et-conquerants_vercingetorix;wiki-fr
souverains-et-conquerants_wu-zetian;wiki-fr
souverains-et-conquerants_xerxes-ier;wiki-fr
tableaux-celebres_a-bigger-splash;wiki-sans-filtre
tableaux-celebres_american-gothic-wood;wiki-fr
tableaux-celebres_arrangement-en-gris-et-noir-n-1;wiki-fr
tableaux-celebres_autoportrait-a-l-oreille-bandee-et-a-la-pipe;wiki-fr
tableaux-celebres_autoportrait-au-collier-d-epines-et-colibri;wiki-sans-filtre
tableaux-celebres_autoportrait-rembrandt-vienne;wiki-fr
tableaux-celebres_bal-du-moulin-de-la-galette-renoir;bing
tableaux-celebres_broadway-boogie-woogie;wiki-fr
tableaux-celebres_campbell-s-soup-cans;wiki-fr
tableaux-celebres_carre-noir-sur-fond-blanc;wiki-fr
tableaux-celebres_composition-avec-jaune-bleu-et-rouge;wiki-fr
tableaux-celebres_composition-vii;wiki-fr
tableaux-celebres_composition-viii;wiki-fr
tableaux-celebres_d-ou-venons-nous-que-sommes-nous-ou-allons-nous;wiki-fr
tableaux-celebres_des-glaneuses;wiki-fr
tableaux-celebres_diptyque-marilyn;wiki-fr
tableaux-celebres_drowning-girl;wiki-sans-filtre
tableaux-celebres_el-tres-de-mayo-de-1808-en-madrid;wiki-fr
tableaux-celebres_golconde-magritte;wiki-sans-filtre
tableaux-celebres_guernica-picasso;wiki-fr
tableaux-celebres_guitare-et-compotier-paris;imposée
tableaux-celebres_impression-soleil-levant;wiki-fr
tableaux-celebres_judith-decapitant-holopherne;imposée
tableaux-celebres_l-absinthe;wiki-fr
tableaux-celebres_l-agneau-mystique;wiki-fr
tableaux-celebres_l-angelus;wiki-fr
tableaux-celebres_l-ecole-d-athenes;wiki-fr
tableaux-celebres_l-enlevement-des-sabines-poussin;wiki-fr
tableaux-celebres_l-origine-du-monde;wiki-fr
tableaux-celebres_la-cene-leonard-de-vinci;wiki-fr
tableaux-celebres_la-chambre-de-van-gogh-a-arles;bing
tableaux-celebres_la-chute-d-icare;wiki-fr
tableaux-celebres_la-classe-de-danse-degas-paris;wiki-fr
tableaux-celebres_la-colonne-brisee-kahlo;imposée
tableaux-celebres_la-creation-d-adam-michel-ange;wiki-fr
tableaux-celebres_la-dame-a-l-hermine;bing
tableaux-celebres_la-danse-i;wiki-fr
tableaux-celebres_la-descente-de-croix-rubens-anvers;wiki-fr
tableaux-celebres_la-femme-qui-pleure-picasso;wiki-fr
tableaux-celebres_la-grande-odalisque;wiki-fr
tableaux-celebres_la-grande-vague-de-kanagawa;wiki-fr
tableaux-celebres_la-jeune-fille-a-la-perle;wiki-fr
tableaux-celebres_la-joconde;wiki-fr
tableaux-celebres_la-laitiere;wiki-fr
tableaux-celebres_la-lecon-d-anatomie-du-docteur-tulp;wiki-fr
tableaux-celebres_la-liberte-guidant-le-peuple;wiki-fr
tableaux-celebres_la-naissance-de-venus-botticelli;bing
tableaux-celebres_la-nuit-etoilee-1889;bing
tableaux-celebres_la-persistance-de-la-memoire;imposée
tableaux-celebres_la-petite-fille-au-ballon;imposée
tableaux-celebres_la-reddition-de-breda;wiki-fr
tableaux-celebres_la-ronde-de-nuit;wiki-fr
tableaux-celebres_la-tempete-giorgione;wiki-fr
tableaux-celebres_la-tour-de-babel-brueghel;bing
tableaux-celebres_la-trahison-des-images;wiki-fr
tableaux-celebres_la-vierge-aux-rochers;wiki-fr
tableaux-celebres_la-vocation-de-saint-matthieu;wiki-fr
tableaux-celebres_le-bain-turc-ingres;bing
tableaux-celebres_le-baiser-klimt;wiki-fr
tableaux-celebres_le-cafe-de-nuit;wiki-fr
tableaux-celebres_le-cauchemar-fussli-detroit;wiki-fr
tableaux-celebres_le-christ-mort;wiki-fr
tableaux-celebres_le-cri;wiki-fr
tableaux-celebres_le-dejeuner-des-canotiers;wiki-fr
tableaux-celebres_le-dejeuner-sur-l-herbe;wiki-fr
tableaux-celebres_le-fils-de-l-homme-magritte;imposée
tableaux-celebres_le-jardin-des-delices;bing
tableaux-celebres_le-jugement-dernier-michel-ange;wiki-fr
tableaux-celebres_le-printemps-botticelli;imposée
tableaux-celebres_le-radeau-de-la-meduse;wiki-fr
tableaux-celebres_le-reve-picasso;wiki-sans-filtre
tableaux-celebres_le-sacre-de-napoleon;wiki-fr
tableaux-celebres_le-serment-des-horaces;wiki-fr
tableaux-celebres_le-tricheur-a-l-as-de-carreau;wiki-fr
tableaux-celebres_le-triomphe-de-la-mort-nussbaum;wiki-fr
tableaux-celebres_le-verrou-fragonard;wiki-fr
tableaux-celebres_le-voyageur-contemplant-une-mer-de-nuages;wiki-fr
tableaux-celebres_les-ambassadeurs;bing
tableaux-celebres_les-demoiselles-d-avignon;imposée
tableaux-celebres_les-deux-fridas;imposée
tableaux-celebres_les-epoux-arnolfini;wiki-fr
tableaux-celebres_les-hasards-heureux-de-l-escarpolette;wiki-fr
tableaux-celebres_les-joueurs-de-cartes-cezanne;wiki-sans-filtre
tableaux-celebres_les-mangeurs-de-pommes-de-terre;wiki-fr
tableaux-celebres_les-menines;bing
tableaux-celebres_les-noces-de-cana-veronese;wiki-fr
tableaux-celebres_les-nympheas;wiki-fr
tableaux-celebres_les-tournesols;wiki-fr
tableaux-celebres_les-trois-graces-rubens;bing
tableaux-celebres_marat-assassine;wiki-fr
tableaux-celebres_mark-rothko;wiki-fr
tableaux-celebres_melencolia-i;wiki-fr
tableaux-celebres_montagne-sainte-victoire-cezanne;wiki-en
tableaux-celebres_nighthawks;wiki-fr
tableaux-celebres_nu-descendant-un-escalier-n-2;wiki-en
tableaux-celebres_number-1-1950-lavender-mist;wiki-en
tableaux-celebres_olympia-manet;wiki-fr
tableaux-celebres_raboteurs-de-parquet;wiki-fr
tableaux-celebres_saturne-devorant-un-de-ses-fils;wiki-fr
tableaux-celebres_serie-des-cathedrales-de-rouen;wiki-en
tableaux-celebres_trois-etudes-de-figures-au-pied-d-une-crucifixion;wiki-en
tableaux-celebres_trois-musiciens-picasso;wiki-en
tableaux-celebres_un-bar-aux-folies-bergere;wiki-fr
tableaux-celebres_un-dimanche-apres-midi-a-l-ile-de-la-grande-jatte;bing
tableaux-celebres_un-enterrement-a-ornans;wiki-fr
tableaux-celebres_venus-au-miroir;bing
tableaux-celebres_venus-d-urbin;wiki-fr
tableaux-celebres_vue-de-delft;wiki-fr
tableaux-celebres_washington-crossing-the-delaware;wiki-fr
tableaux-celebres_whaam;wiki-fr
